asset_id,date,ride_id,ride_name,tickets_sold,attendance,capacity,operational_hours,downtime,uptime
Aquarabia,2025-01-01 00:00:00+00:00,SST,Sea Stallion,1840,1787,2200,12,2,10
Six Flags,2025-01-01 00:00:00+00:00,AQT,Aquatopia,1355,1287,1800,8,1,7
Six Flags,2025-01-01 00:00:00+00:00,SPF,Spitfire,1099,1035,1500,9,2,7
Six Flags,2025-01-01 00:00:00+00:00,ARC,Arabian Carousel,698,633,900,8,1,7
Six Flags,2025-01-01 00:00:00+00:00,CYC,Canyon Charters,856,788,1200,10,4,6
Six Flags,2025-01-01 00:00:00+00:00,ADJ,Adventure Junction,952,902,1000,9,2,7
Six Flags,2025-01-01 00:00:00+00:00,TWE,Twilight Express,1489,1467,2000,8,1,7
Six Flags,2025-01-01 00:00:00+00:00,IRT,Iron Rattler,1825,1755,2400,8,4,4
Six Flags,2025-01-01 00:00:00+00:00,SRT,Sirocco Tower,2157,2080,2300,6,2,4
Six Flags,2025-01-01 00:00:00+00:00,FCF,Falcons Flight,2352,2254,2500,8,1,7
Six Flags,2025-01-01 00:00:00+00:00,SKW,Skywatch,1480,1445,2100,9,4,5
Aquarabia,2025-01-01 00:00:00+00:00,RFR,Raft Republic,1497,1399,1700,9,1,8
Aquarabia,2025-01-01 00:00:00+00:00,AMB,Amwaj Bay,1277,1249,1600,9,1,8
Aquarabia,2025-01-01 00:00:00+00:00,SPG,Splash Grotto,1480,1420,1900,11,2,9
Aquarabia,2025-01-01 00:00:00+00:00,ZZZ,ZipZapZoom,1212,1174,1400,10,2,8
Aquarabia,2025-01-01 00:00:00+00:00,TLC,The Lazy Camel,724,666,800,8,1,7
Aquarabia,2025-01-01 00:00:00+00:00,SFT,Surftopia,883,859,1300,9,2,7
Aquarabia,2025-01-01 00:00:00+00:00,HVP,Hyper Viper,1732,1635,2000,8,2,6
Aquarabia,2025-01-01 00:00:00+00:00,JND,Junoon Drop,875,786,1100,10,1,9
Aquarabia,2025-01-01 00:00:00+00:00,JPJ,Jump Jolt,787,744,1000,10,2,8
Aquarabia,2025-01-02 00:00:00+00:00,SST,Sea Stallion,1759,1660,2200,12,1,11
Six Flags,2025-01-02 00:00:00+00:00,AQT,Aquatopia,1359,1339,1800,8,1,7
Six Flags,2025-01-02 00:00:00+00:00,SPF,Spitfire,1111,1072,1500,9,1,8
Six Flags,2025-01-02 00:00:00+00:00,ARC,Arabian Carousel,759,710,900,8,1,7
Six Flags,2025-01-02 00:00:00+00:00,CYC,Canyon Charters,1039,1018,1200,10,3,7
Six Flags,2025-01-02 00:00:00+00:00,ADJ,Adventure Junction,858,830,1000,9,1,8
Six Flags,2025-01-02 00:00:00+00:00,TWE,Twilight Express,1931,1838,2000,8,2,6
Six Flags,2025-01-02 00:00:00+00:00,IRT,Iron Rattler,1897,1848,2400,8,3,5
Six Flags,2025-01-02 00:00:00+00:00,SRT,Sirocco Tower,1567,1540,2300,6,2,4
Six Flags,2025-01-02 00:00:00+00:00,FCF,Falcons Flight,2306,2241,2500,8,1,7
Six Flags,2025-01-02 00:00:00+00:00,SKW,Skywatch,1847,1772,2100,9,3,6
Aquarabia,2025-01-02 00:00:00+00:00,RFR,Raft Republic,1479,1428,1700,9,2,7
Aquarabia,2025-01-02 00:00:00+00:00,AMB,Amwaj Bay,1186,1165,1600,9,1,8
Aquarabia,2025-01-02 00:00:00+00:00,SPG,Splash Grotto,1432,1378,1900,11,2,9
Aquarabia,2025-01-02 00:00:00+00:00,ZZZ,ZipZapZoom,1016,922,1400,10,1,9
Aquarabia,2025-01-02 00:00:00+00:00,TLC,The Lazy Camel,574,521,800,8,2,6
Aquarabia,2025-01-02 00:00:00+00:00,SFT,Surftopia,1185,1111,1300,9,1,8
Aquarabia,2025-01-02 00:00:00+00:00,HVP,Hyper Viper,1497,1409,2000,8,1,7
Aquarabia,2025-01-02 00:00:00+00:00,JND,Junoon Drop,752,690,1100,10,1,9
Aquarabia,2025-01-02 00:00:00+00:00,JPJ,Jump Jolt,674,597,1000,10,1,9
Aquarabia,2025-01-03 00:00:00+00:00,SST,Sea Stallion,1931,1866,2200,12,2,10
Six Flags,2025-01-03 00:00:00+00:00,AQT,Aquatopia,1730,1639,1800,8,2,6
Six Flags,2025-01-03 00:00:00+00:00,SPF,Spitfire,1109,1032,1500,9,2,7
Six Flags,2025-01-03 00:00:00+00:00,ARC,Arabian Carousel,756,736,900,8,2,6
Six Flags,2025-01-03 00:00:00+00:00,CYC,Canyon Charters,1013,947,1200,10,5,5
Six Flags,2025-01-03 00:00:00+00:00,ADJ,Adventure Junction,770,703,1000,9,2,7
Six Flags,2025-01-03 00:00:00+00:00,TWE,Twilight Express,1682,1624,2000,8,2,6
Six Flags,2025-01-03 00:00:00+00:00,IRT,Iron Rattler,1866,1829,2400,8,5,3
Six Flags,2025-01-03 00:00:00+00:00,SRT,Sirocco Tower,1915,1822,2300,6,1,5
Six Flags,2025-01-03 00:00:00+00:00,FCF,Falcons Flight,2490,2450,2500,8,1,7
Six Flags,2025-01-03 00:00:00+00:00,SKW,Skywatch,1881,1848,2100,9,5,4
Aquarabia,2025-01-03 00:00:00+00:00,RFR,Raft Republic,1294,1204,1700,9,2,7
Aquarabia,2025-01-03 00:00:00+00:00,AMB,Amwaj Bay,1443,1371,1600,9,2,7
Aquarabia,2025-01-03 00:00:00+00:00,SPG,Splash Grotto,1508,1434,1900,11,1,10
Aquarabia,2025-01-03 00:00:00+00:00,ZZZ,ZipZapZoom,1001,912,1400,10,1,9
Aquarabia,2025-01-03 00:00:00+00:00,TLC,The Lazy Camel,594,539,800,8,2,6
Aquarabia,2025-01-03 00:00:00+00:00,SFT,Surftopia,974,898,1300,9,2,7
Aquarabia,2025-01-03 00:00:00+00:00,HVP,Hyper Viper,1388,1350,2000,8,2,6
Aquarabia,2025-01-03 00:00:00+00:00,JND,Junoon Drop,803,719,1100,10,2,8
Aquarabia,2025-01-03 00:00:00+00:00,JPJ,Jump Jolt,794,758,1000,10,2,8
Aquarabia,2025-01-04 00:00:00+00:00,SST,Sea Stallion,1563,1531,2200,12,2,10
Six Flags,2025-01-04 00:00:00+00:00,AQT,Aquatopia,1680,1591,1800,8,1,7
Six Flags,2025-01-04 00:00:00+00:00,SPF,Spitfire,1037,1015,1500,9,2,7
Six Flags,2025-01-04 00:00:00+00:00,ARC,Arabian Carousel,823,734,900,8,1,7
Six Flags,2025-01-04 00:00:00+00:00,CYC,Canyon Charters,846,793,1200,10,5,5
Six Flags,2025-01-04 00:00:00+00:00,ADJ,Adventure Junction,912,843,1000,9,2,7
Six Flags,2025-01-04 00:00:00+00:00,TWE,Twilight Express,1362,1317,2000,8,1,7
Six Flags,2025-01-04 00:00:00+00:00,IRT,Iron Rattler,2062,2005,2400,8,3,5
Six Flags,2025-01-04 00:00:00+00:00,SRT,Sirocco Tower,1925,1869,2300,6,1,5
Six Flags,2025-01-04 00:00:00+00:00,FCF,Falcons Flight,2034,1937,2500,8,1,7
Six Flags,2025-01-04 00:00:00+00:00,SKW,Skywatch,1494,1426,2100,9,5,4
Aquarabia,2025-01-04 00:00:00+00:00,RFR,Raft Republic,1324,1286,1700,9,1,8
Aquarabia,2025-01-04 00:00:00+00:00,AMB,Amwaj Bay,1278,1226,1600,9,2,7
Aquarabia,2025-01-04 00:00:00+00:00,SPG,Splash Grotto,1597,1512,1900,11,2,9
Aquarabia,2025-01-04 00:00:00+00:00,ZZZ,ZipZapZoom,1005,960,1400,10,1,9
Aquarabia,2025-01-04 00:00:00+00:00,TLC,The Lazy Camel,620,591,800,8,2,6
Aquarabia,2025-01-04 00:00:00+00:00,SFT,Surftopia,1115,1049,1300,9,1,8
Aquarabia,2025-01-04 00:00:00+00:00,HVP,Hyper Viper,1445,1386,2000,8,2,6
Aquarabia,2025-01-04 00:00:00+00:00,JND,Junoon Drop,940,878,1100,10,2,8
Aquarabia,2025-01-04 00:00:00+00:00,JPJ,Jump Jolt,667,602,1000,10,2,8
Aquarabia,2025-01-05 00:00:00+00:00,SST,Sea Stallion,1942,1898,2200,12,2,10
Six Flags,2025-01-05 00:00:00+00:00,AQT,Aquatopia,1391,1367,1800,8,2,6
Six Flags,2025-01-05 00:00:00+00:00,SPF,Spitfire,1376,1318,1500,9,1,8
Six Flags,2025-01-05 00:00:00+00:00,ARC,Arabian Carousel,765,699,900,8,1,7
Six Flags,2025-01-05 00:00:00+00:00,CYC,Canyon Charters,868,783,1200,10,4,6
Six Flags,2025-01-05 00:00:00+00:00,ADJ,Adventure Junction,946,848,1000,9,1,8
Six Flags,2025-01-05 00:00:00+00:00,TWE,Twilight Express,1386,1313,2000,8,1,7
Six Flags,2025-01-05 00:00:00+00:00,IRT,Iron Rattler,1889,1855,2400,8,4,4
Six Flags,2025-01-05 00:00:00+00:00,SRT,Sirocco Tower,1964,1866,2300,6,2,4
Six Flags,2025-01-05 00:00:00+00:00,FCF,Falcons Flight,2178,2123,2500,8,2,6
Six Flags,2025-01-05 00:00:00+00:00,SKW,Skywatch,1695,1646,2100,9,4,5
Aquarabia,2025-01-05 00:00:00+00:00,RFR,Raft Republic,1214,1154,1700,9,1,8
Aquarabia,2025-01-05 00:00:00+00:00,AMB,Amwaj Bay,1083,1061,1600,9,2,7
Aquarabia,2025-01-05 00:00:00+00:00,SPG,Splash Grotto,1207,1123,1900,11,2,9
Aquarabia,2025-01-05 00:00:00+00:00,ZZZ,ZipZapZoom,1225,1154,1400,10,2,8
Aquarabia,2025-01-05 00:00:00+00:00,TLC,The Lazy Camel,639,591,800,8,2,6
Aquarabia,2025-01-05 00:00:00+00:00,SFT,Surftopia,892,794,1300,9,2,7
Aquarabia,2025-01-05 00:00:00+00:00,HVP,Hyper Viper,1621,1537,2000,8,2,6
Aquarabia,2025-01-05 00:00:00+00:00,JND,Junoon Drop,979,928,1100,10,2,8
Aquarabia,2025-01-05 00:00:00+00:00,JPJ,Jump Jolt,829,808,1000,10,1,9
Aquarabia,2025-01-06 00:00:00+00:00,SST,Sea Stallion,2190,2116,2200,12,1,11
Six Flags,2025-01-06 00:00:00+00:00,AQT,Aquatopia,1355,1326,1800,8,2,6
Six Flags,2025-01-06 00:00:00+00:00,SPF,Spitfire,1359,1307,1500,9,1,8
Six Flags,2025-01-06 00:00:00+00:00,ARC,Arabian Carousel,689,664,900,8,1,7
Six Flags,2025-01-06 00:00:00+00:00,CYC,Canyon Charters,929,886,1200,10,5,5
Six Flags,2025-01-06 00:00:00+00:00,ADJ,Adventure Junction,780,757,1000,9,1,8
Six Flags,2025-01-06 00:00:00+00:00,TWE,Twilight Express,1739,1711,2000,8,1,7
Six Flags,2025-01-06 00:00:00+00:00,IRT,Iron Rattler,1642,1569,2400,8,5,3
Six Flags,2025-01-06 00:00:00+00:00,SRT,Sirocco Tower,1644,1598,2300,6,2,4
Six Flags,2025-01-06 00:00:00+00:00,FCF,Falcons Flight,2070,1988,2500,8,1,7
Six Flags,2025-01-06 00:00:00+00:00,SKW,Skywatch,1872,1787,2100,9,3,6
Aquarabia,2025-01-06 00:00:00+00:00,RFR,Raft Republic,1278,1183,1700,9,2,7
Aquarabia,2025-01-06 00:00:00+00:00,AMB,Amwaj Bay,1179,1098,1600,9,2,7
Aquarabia,2025-01-06 00:00:00+00:00,SPG,Splash Grotto,1434,1351,1900,11,1,10
Aquarabia,2025-01-06 00:00:00+00:00,ZZZ,ZipZapZoom,832,773,1400,10,2,8
Aquarabia,2025-01-06 00:00:00+00:00,TLC,The Lazy Camel,670,636,800,8,2,6
Aquarabia,2025-01-06 00:00:00+00:00,SFT,Surftopia,1009,971,1300,9,2,7
Aquarabia,2025-01-06 00:00:00+00:00,HVP,Hyper Viper,1418,1339,2000,8,1,7
Aquarabia,2025-01-06 00:00:00+00:00,JND,Junoon Drop,995,943,1100,10,2,8
Aquarabia,2025-01-06 00:00:00+00:00,JPJ,Jump Jolt,674,613,1000,10,1,9
Aquarabia,2025-01-07 00:00:00+00:00,SST,Sea Stallion,2190,2150,2200,12,2,10
Six Flags,2025-01-07 00:00:00+00:00,AQT,Aquatopia,1259,1179,1800,8,1,7
Six Flags,2025-01-07 00:00:00+00:00,SPF,Spitfire,1088,1008,1500,9,2,7
Six Flags,2025-01-07 00:00:00+00:00,ARC,Arabian Carousel,761,702,900,8,1,7
Six Flags,2025-01-07 00:00:00+00:00,CYC,Canyon Charters,837,741,1200,10,4,6
Six Flags,2025-01-07 00:00:00+00:00,ADJ,Adventure Junction,871,837,1000,9,1,8
Six Flags,2025-01-07 00:00:00+00:00,TWE,Twilight Express,1786,1765,2000,8,1,7
Six Flags,2025-01-07 00:00:00+00:00,IRT,Iron Rattler,1951,1897,2400,8,5,3
Six Flags,2025-01-07 00:00:00+00:00,SRT,Sirocco Tower,1979,1926,2300,6,1,5
Six Flags,2025-01-07 00:00:00+00:00,FCF,Falcons Flight,2074,2001,2500,8,1,7
Six Flags,2025-01-07 00:00:00+00:00,SKW,Skywatch,1604,1538,2100,9,5,4
Aquarabia,2025-01-07 00:00:00+00:00,RFR,Raft Republic,1252,1153,1700,9,1,8
Aquarabia,2025-01-07 00:00:00+00:00,AMB,Amwaj Bay,1090,1000,1600,9,2,7
Aquarabia,2025-01-07 00:00:00+00:00,SPG,Splash Grotto,1602,1582,1900,11,2,9
Aquarabia,2025-01-07 00:00:00+00:00,ZZZ,ZipZapZoom,1284,1192,1400,10,2,8
Aquarabia,2025-01-07 00:00:00+00:00,TLC,The Lazy Camel,635,579,800,8,1,7
Aquarabia,2025-01-07 00:00:00+00:00,SFT,Surftopia,1042,1021,1300,9,2,7
Aquarabia,2025-01-07 00:00:00+00:00,HVP,Hyper Viper,1344,1286,2000,8,1,7
Aquarabia,2025-01-07 00:00:00+00:00,JND,Junoon Drop,733,686,1100,10,2,8
Aquarabia,2025-01-07 00:00:00+00:00,JPJ,Jump Jolt,629,602,1000,10,1,9
Aquarabia,2025-01-08 00:00:00+00:00,SST,Sea Stallion,1612,1542,2200,12,2,10
Six Flags,2025-01-08 00:00:00+00:00,AQT,Aquatopia,1282,1258,1800,8,2,6
Six Flags,2025-01-08 00:00:00+00:00,SPF,Spitfire,1418,1363,1500,9,1,8
Six Flags,2025-01-08 00:00:00+00:00,ARC,Arabian Carousel,685,590,900,8,1,7
Six Flags,2025-01-08 00:00:00+00:00,CYC,Canyon Charters,869,771,1200,10,4,6
Six Flags,2025-01-08 00:00:00+00:00,ADJ,Adventure Junction,745,660,1000,9,1,8
Six Flags,2025-01-08 00:00:00+00:00,TWE,Twilight Express,1236,1215,2000,8,2,6
Six Flags,2025-01-08 00:00:00+00:00,IRT,Iron Rattler,1769,1749,2400,8,4,4
Six Flags,2025-01-08 00:00:00+00:00,SRT,Sirocco Tower,1621,1599,2300,6,1,5
Six Flags,2025-01-08 00:00:00+00:00,FCF,Falcons Flight,1925,1885,2500,8,2,6
Six Flags,2025-01-08 00:00:00+00:00,SKW,Skywatch,1732,1676,2100,9,4,5
Aquarabia,2025-01-08 00:00:00+00:00,RFR,Raft Republic,1163,1103,1700,9,2,7
Aquarabia,2025-01-08 00:00:00+00:00,AMB,Amwaj Bay,1423,1329,1600,9,1,8
Aquarabia,2025-01-08 00:00:00+00:00,SPG,Splash Grotto,1363,1282,1900,11,1,10
Aquarabia,2025-01-08 00:00:00+00:00,ZZZ,ZipZapZoom,1128,1049,1400,10,1,9
Aquarabia,2025-01-08 00:00:00+00:00,TLC,The Lazy Camel,590,534,800,8,1,7
Aquarabia,2025-01-08 00:00:00+00:00,SFT,Surftopia,1030,989,1300,9,2,7
Aquarabia,2025-01-08 00:00:00+00:00,HVP,Hyper Viper,1612,1547,2000,8,1,7
Aquarabia,2025-01-08 00:00:00+00:00,JND,Junoon Drop,779,732,1100,10,1,9
Aquarabia,2025-01-08 00:00:00+00:00,JPJ,Jump Jolt,745,692,1000,10,2,8
Aquarabia,2025-01-09 00:00:00+00:00,SST,Sea Stallion,2166,2086,2200,12,2,10
Six Flags,2025-01-09 00:00:00+00:00,AQT,Aquatopia,1428,1336,1800,8,1,7
Six Flags,2025-01-09 00:00:00+00:00,SPF,Spitfire,1337,1263,1500,9,1,8
Six Flags,2025-01-09 00:00:00+00:00,ARC,Arabian Carousel,820,746,900,8,1,7
Six Flags,2025-01-09 00:00:00+00:00,CYC,Canyon Charters,817,746,1200,10,3,7
Six Flags,2025-01-09 00:00:00+00:00,ADJ,Adventure Junction,907,859,1000,9,2,7
Six Flags,2025-01-09 00:00:00+00:00,TWE,Twilight Express,1486,1399,2000,8,2,6
Six Flags,2025-01-09 00:00:00+00:00,IRT,Iron Rattler,1951,1921,2400,8,3,5
Six Flags,2025-01-09 00:00:00+00:00,SRT,Sirocco Tower,1603,1553,2300,6,2,4
Six Flags,2025-01-09 00:00:00+00:00,FCF,Falcons Flight,2204,2159,2500,8,1,7
Six Flags,2025-01-09 00:00:00+00:00,SKW,Skywatch,1669,1639,2100,9,4,5
Aquarabia,2025-01-09 00:00:00+00:00,RFR,Raft Republic,1241,1217,1700,9,2,7
Aquarabia,2025-01-09 00:00:00+00:00,AMB,Amwaj Bay,1297,1215,1600,9,1,8
Aquarabia,2025-01-09 00:00:00+00:00,SPG,Splash Grotto,1188,1166,1900,11,2,9
Aquarabia,2025-01-09 00:00:00+00:00,ZZZ,ZipZapZoom,1133,1046,1400,10,2,8
Aquarabia,2025-01-09 00:00:00+00:00,TLC,The Lazy Camel,582,521,800,8,2,6
Aquarabia,2025-01-09 00:00:00+00:00,SFT,Surftopia,982,908,1300,9,2,7
Aquarabia,2025-01-09 00:00:00+00:00,HVP,Hyper Viper,1611,1550,2000,8,1,7
Aquarabia,2025-01-09 00:00:00+00:00,JND,Junoon Drop,961,916,1100,10,2,8
Aquarabia,2025-01-09 00:00:00+00:00,JPJ,Jump Jolt,834,802,1000,10,1,9
Aquarabia,2025-01-10 00:00:00+00:00,SST,Sea Stallion,2072,2026,2200,12,2,10
Six Flags,2025-01-10 00:00:00+00:00,AQT,Aquatopia,1334,1266,1800,8,2,6
Six Flags,2025-01-10 00:00:00+00:00,SPF,Spitfire,952,903,1500,9,2,7
Six Flags,2025-01-10 00:00:00+00:00,ARC,Arabian Carousel,714,625,900,8,2,6
Six Flags,2025-01-10 00:00:00+00:00,CYC,Canyon Charters,915,837,1200,10,4,6
Six Flags,2025-01-10 00:00:00+00:00,ADJ,Adventure Junction,754,734,1000,9,2,7
Six Flags,2025-01-10 00:00:00+00:00,TWE,Twilight Express,1558,1532,2000,8,2,6
Six Flags,2025-01-10 00:00:00+00:00,IRT,Iron Rattler,1998,1916,2400,8,4,4
Six Flags,2025-01-10 00:00:00+00:00,SRT,Sirocco Tower,1966,1903,2300,6,2,4
Six Flags,2025-01-10 00:00:00+00:00,FCF,Falcons Flight,1919,1874,2500,8,1,7
Six Flags,2025-01-10 00:00:00+00:00,SKW,Skywatch,1559,1468,2100,9,3,6
Aquarabia,2025-01-10 00:00:00+00:00,RFR,Raft Republic,1286,1208,1700,9,1,8
Aquarabia,2025-01-10 00:00:00+00:00,AMB,Amwaj Bay,1204,1123,1600,9,1,8
Aquarabia,2025-01-10 00:00:00+00:00,SPG,Splash Grotto,1424,1381,1900,11,1,10
Aquarabia,2025-01-10 00:00:00+00:00,ZZZ,ZipZapZoom,1125,1068,1400,10,1,9
Aquarabia,2025-01-10 00:00:00+00:00,TLC,The Lazy Camel,650,586,800,8,1,7
Aquarabia,2025-01-10 00:00:00+00:00,SFT,Surftopia,858,783,1300,9,2,7
Aquarabia,2025-01-10 00:00:00+00:00,HVP,Hyper Viper,1499,1467,2000,8,1,7
Aquarabia,2025-01-10 00:00:00+00:00,JND,Junoon Drop,935,869,1100,10,2,8
Aquarabia,2025-01-10 00:00:00+00:00,JPJ,Jump Jolt,871,802,1000,10,1,9
Aquarabia,2025-01-11 00:00:00+00:00,SST,Sea Stallion,1970,1939,2200,12,2,10
Six Flags,2025-01-11 00:00:00+00:00,AQT,Aquatopia,1420,1348,1800,8,2,6
Six Flags,2025-01-11 00:00:00+00:00,SPF,Spitfire,1143,1068,1500,9,2,7
Six Flags,2025-01-11 00:00:00+00:00,ARC,Arabian Carousel,656,630,900,8,2,6
Six Flags,2025-01-11 00:00:00+00:00,CYC,Canyon Charters,869,773,1200,10,3,7
Six Flags,2025-01-11 00:00:00+00:00,ADJ,Adventure Junction,908,822,1000,9,2,7
Six Flags,2025-01-11 00:00:00+00:00,TWE,Twilight Express,1713,1676,2000,8,1,7
Six Flags,2025-01-11 00:00:00+00:00,IRT,Iron Rattler,1698,1605,2400,8,3,5
Six Flags,2025-01-11 00:00:00+00:00,SRT,Sirocco Tower,1969,1908,2300,6,1,5
Six Flags,2025-01-11 00:00:00+00:00,FCF,Falcons Flight,2490,2450,2500,8,1,7
Six Flags,2025-01-11 00:00:00+00:00,SKW,Skywatch,1612,1580,2100,9,5,4
Aquarabia,2025-01-11 00:00:00+00:00,RFR,Raft Republic,1226,1190,1700,9,2,7
Aquarabia,2025-01-11 00:00:00+00:00,AMB,Amwaj Bay,1167,1136,1600,9,2,7
Aquarabia,2025-01-11 00:00:00+00:00,SPG,Splash Grotto,1499,1412,1900,11,2,9
Aquarabia,2025-01-11 00:00:00+00:00,ZZZ,ZipZapZoom,963,917,1400,10,1,9
Aquarabia,2025-01-11 00:00:00+00:00,TLC,The Lazy Camel,492,468,800,8,1,7
Aquarabia,2025-01-11 00:00:00+00:00,SFT,Surftopia,1102,1058,1300,9,2,7
Aquarabia,2025-01-11 00:00:00+00:00,HVP,Hyper Viper,1402,1358,2000,8,1,7
Aquarabia,2025-01-11 00:00:00+00:00,JND,Junoon Drop,883,838,1100,10,2,8
Aquarabia,2025-01-11 00:00:00+00:00,JPJ,Jump Jolt,843,792,1000,10,2,8
Aquarabia,2025-01-12 00:00:00+00:00,SST,Sea Stallion,1685,1643,2200,12,1,11
Six Flags,2025-01-12 00:00:00+00:00,AQT,Aquatopia,1485,1433,1800,8,1,7
Six Flags,2025-01-12 00:00:00+00:00,SPF,Spitfire,1006,952,1500,9,2,7
Six Flags,2025-01-12 00:00:00+00:00,ARC,Arabian Carousel,785,719,900,8,1,7
Six Flags,2025-01-12 00:00:00+00:00,CYC,Canyon Charters,868,824,1200,10,5,5
Six Flags,2025-01-12 00:00:00+00:00,ADJ,Adventure Junction,863,811,1000,9,1,8
Six Flags,2025-01-12 00:00:00+00:00,TWE,Twilight Express,1277,1238,2000,8,1,7
Six Flags,2025-01-12 00:00:00+00:00,IRT,Iron Rattler,2046,2024,2400,8,3,5
Six Flags,2025-01-12 00:00:00+00:00,SRT,Sirocco Tower,1649,1606,2300,6,2,4
Six Flags,2025-01-12 00:00:00+00:00,FCF,Falcons Flight,2138,2039,2500,8,1,7
Six Flags,2025-01-12 00:00:00+00:00,SKW,Skywatch,1519,1430,2100,9,4,5
Aquarabia,2025-01-12 00:00:00+00:00,RFR,Raft Republic,1379,1305,1700,9,2,7
Aquarabia,2025-01-12 00:00:00+00:00,AMB,Amwaj Bay,1266,1208,1600,9,2,7
Aquarabia,2025-01-12 00:00:00+00:00,SPG,Splash Grotto,1315,1280,1900,11,1,10
Aquarabia,2025-01-12 00:00:00+00:00,ZZZ,ZipZapZoom,1086,1036,1400,10,2,8
Aquarabia,2025-01-12 00:00:00+00:00,TLC,The Lazy Camel,610,576,800,8,1,7
Aquarabia,2025-01-12 00:00:00+00:00,SFT,Surftopia,1132,1070,1300,9,2,7
Aquarabia,2025-01-12 00:00:00+00:00,HVP,Hyper Viper,1287,1216,2000,8,1,7
Aquarabia,2025-01-12 00:00:00+00:00,JND,Junoon Drop,875,809,1100,10,1,9
Aquarabia,2025-01-12 00:00:00+00:00,JPJ,Jump Jolt,876,777,1000,10,2,8
Aquarabia,2025-01-13 00:00:00+00:00,SST,Sea Stallion,2190,2150,2200,12,2,10
Six Flags,2025-01-13 00:00:00+00:00,AQT,Aquatopia,1332,1233,1800,8,1,7
Six Flags,2025-01-13 00:00:00+00:00,SPF,Spitfire,1327,1243,1500,9,1,8
Six Flags,2025-01-13 00:00:00+00:00,ARC,Arabian Carousel,641,571,900,8,1,7
Six Flags,2025-01-13 00:00:00+00:00,CYC,Canyon Charters,909,820,1200,10,4,6
Six Flags,2025-01-13 00:00:00+00:00,ADJ,Adventure Junction,764,701,1000,9,1,8
Six Flags,2025-01-13 00:00:00+00:00,TWE,Twilight Express,1771,1706,2000,8,1,7
Six Flags,2025-01-13 00:00:00+00:00,IRT,Iron Rattler,1840,1796,2400,8,3,5
Six Flags,2025-01-13 00:00:00+00:00,SRT,Sirocco Tower,1723,1660,2300,6,1,5
Six Flags,2025-01-13 00:00:00+00:00,FCF,Falcons Flight,2407,2379,2500,8,2,6
Six Flags,2025-01-13 00:00:00+00:00,SKW,Skywatch,1656,1562,2100,9,3,6
Aquarabia,2025-01-13 00:00:00+00:00,RFR,Raft Republic,1379,1307,1700,9,2,7
Aquarabia,2025-01-13 00:00:00+00:00,AMB,Amwaj Bay,1034,1008,1600,9,2,7
Aquarabia,2025-01-13 00:00:00+00:00,SPG,Splash Grotto,1423,1334,1900,11,2,9
Aquarabia,2025-01-13 00:00:00+00:00,ZZZ,ZipZapZoom,961,882,1400,10,1,9
Aquarabia,2025-01-13 00:00:00+00:00,TLC,The Lazy Camel,563,504,800,8,2,6
Aquarabia,2025-01-13 00:00:00+00:00,SFT,Surftopia,863,826,1300,9,2,7
Aquarabia,2025-01-13 00:00:00+00:00,HVP,Hyper Viper,1445,1357,2000,8,1,7
Aquarabia,2025-01-13 00:00:00+00:00,JND,Junoon Drop,733,668,1100,10,2,8
Aquarabia,2025-01-13 00:00:00+00:00,JPJ,Jump Jolt,806,714,1000,10,1,9
Aquarabia,2025-01-14 00:00:00+00:00,SST,Sea Stallion,2099,2009,2200,12,2,10
Six Flags,2025-01-14 00:00:00+00:00,AQT,Aquatopia,1691,1638,1800,8,2,6
Six Flags,2025-01-14 00:00:00+00:00,SPF,Spitfire,1151,1067,1500,9,1,8
Six Flags,2025-01-14 00:00:00+00:00,ARC,Arabian Carousel,594,545,900,8,1,7
Six Flags,2025-01-14 00:00:00+00:00,CYC,Canyon Charters,1007,947,1200,10,5,5
Six Flags,2025-01-14 00:00:00+00:00,ADJ,Adventure Junction,677,646,1000,9,2,7
Six Flags,2025-01-14 00:00:00+00:00,TWE,Twilight Express,1917,1878,2000,8,2,6
Six Flags,2025-01-14 00:00:00+00:00,IRT,Iron Rattler,1628,1546,2400,8,4,4
Six Flags,2025-01-14 00:00:00+00:00,SRT,Sirocco Tower,2103,2067,2300,6,2,4
Six Flags,2025-01-14 00:00:00+00:00,FCF,Falcons Flight,2490,2450,2500,8,1,7
Six Flags,2025-01-14 00:00:00+00:00,SKW,Skywatch,1499,1450,2100,9,4,5
Aquarabia,2025-01-14 00:00:00+00:00,RFR,Raft Republic,1552,1472,1700,9,2,7
Aquarabia,2025-01-14 00:00:00+00:00,AMB,Amwaj Bay,1217,1142,1600,9,1,8
Aquarabia,2025-01-14 00:00:00+00:00,SPG,Splash Grotto,1563,1488,1900,11,2,9
Aquarabia,2025-01-14 00:00:00+00:00,ZZZ,ZipZapZoom,1163,1111,1400,10,1,9
Aquarabia,2025-01-14 00:00:00+00:00,TLC,The Lazy Camel,567,520,800,8,2,6
Aquarabia,2025-01-14 00:00:00+00:00,SFT,Surftopia,859,827,1300,9,1,8
Aquarabia,2025-01-14 00:00:00+00:00,HVP,Hyper Viper,1498,1431,2000,8,2,6
Aquarabia,2025-01-14 00:00:00+00:00,JND,Junoon Drop,819,765,1100,10,1,9
Aquarabia,2025-01-14 00:00:00+00:00,JPJ,Jump Jolt,703,635,1000,10,2,8
Aquarabia,2025-01-15 00:00:00+00:00,SST,Sea Stallion,1687,1633,2200,12,1,11
Six Flags,2025-01-15 00:00:00+00:00,AQT,Aquatopia,1564,1479,1800,8,2,6
Six Flags,2025-01-15 00:00:00+00:00,SPF,Spitfire,1292,1219,1500,9,2,7
Six Flags,2025-01-15 00:00:00+00:00,ARC,Arabian Carousel,725,661,900,8,2,6
Six Flags,2025-01-15 00:00:00+00:00,CYC,Canyon Charters,972,913,1200,10,5,5
Six Flags,2025-01-15 00:00:00+00:00,ADJ,Adventure Junction,887,804,1000,9,1,8
Six Flags,2025-01-15 00:00:00+00:00,TWE,Twilight Express,1703,1610,2000,8,2,6
Six Flags,2025-01-15 00:00:00+00:00,IRT,Iron Rattler,1701,1656,2400,8,4,4
Six Flags,2025-01-15 00:00:00+00:00,SRT,Sirocco Tower,1759,1662,2300,6,1,5
Six Flags,2025-01-15 00:00:00+00:00,FCF,Falcons Flight,2069,1977,2500,8,2,6
Six Flags,2025-01-15 00:00:00+00:00,SKW,Skywatch,1528,1464,2100,9,5,4
Aquarabia,2025-01-15 00:00:00+00:00,RFR,Raft Republic,1526,1435,1700,9,1,8
Aquarabia,2025-01-15 00:00:00+00:00,AMB,Amwaj Bay,1305,1285,1600,9,2,7
Aquarabia,2025-01-15 00:00:00+00:00,SPG,Splash Grotto,1325,1290,1900,11,1,10
Aquarabia,2025-01-15 00:00:00+00:00,ZZZ,ZipZapZoom,897,840,1400,10,1,9
Aquarabia,2025-01-15 00:00:00+00:00,TLC,The Lazy Camel,556,527,800,8,2,6
Aquarabia,2025-01-15 00:00:00+00:00,SFT,Surftopia,1200,1132,1300,9,1,8
Aquarabia,2025-01-15 00:00:00+00:00,HVP,Hyper Viper,1394,1364,2000,8,2,6
Aquarabia,2025-01-15 00:00:00+00:00,JND,Junoon Drop,837,801,1100,10,2,8
Aquarabia,2025-01-15 00:00:00+00:00,JPJ,Jump Jolt,646,596,1000,10,1,9
Aquarabia,2025-01-16 00:00:00+00:00,SST,Sea Stallion,2057,1976,2200,12,1,11
Six Flags,2025-01-16 00:00:00+00:00,AQT,Aquatopia,1237,1168,1800,8,2,6
Six Flags,2025-01-16 00:00:00+00:00,SPF,Spitfire,1098,1057,1500,9,2,7
Six Flags,2025-01-16 00:00:00+00:00,ARC,Arabian Carousel,765,684,900,8,1,7
Six Flags,2025-01-16 00:00:00+00:00,CYC,Canyon Charters,773,716,1200,10,4,6
Six Flags,2025-01-16 00:00:00+00:00,ADJ,Adventure Junction,740,710,1000,9,2,7
Six Flags,2025-01-16 00:00:00+00:00,TWE,Twilight Express,1255,1204,2000,8,1,7
Six Flags,2025-01-16 00:00:00+00:00,IRT,Iron Rattler,1620,1585,2400,8,4,4
Six Flags,2025-01-16 00:00:00+00:00,SRT,Sirocco Tower,1861,1817,2300,6,2,4
Six Flags,2025-01-16 00:00:00+00:00,FCF,Falcons Flight,2173,2120,2500,8,1,7
Six Flags,2025-01-16 00:00:00+00:00,SKW,Skywatch,1699,1670,2100,9,4,5
Aquarabia,2025-01-16 00:00:00+00:00,RFR,Raft Republic,1290,1252,1700,9,1,8
Aquarabia,2025-01-16 00:00:00+00:00,AMB,Amwaj Bay,1185,1135,1600,9,2,7
Aquarabia,2025-01-16 00:00:00+00:00,SPG,Splash Grotto,1287,1261,1900,11,2,9
Aquarabia,2025-01-16 00:00:00+00:00,ZZZ,ZipZapZoom,1070,1042,1400,10,2,8
Aquarabia,2025-01-16 00:00:00+00:00,TLC,The Lazy Camel,649,587,800,8,2,6
Aquarabia,2025-01-16 00:00:00+00:00,SFT,Surftopia,1109,1049,1300,9,2,7
Aquarabia,2025-01-16 00:00:00+00:00,HVP,Hyper Viper,1375,1353,2000,8,1,7
Aquarabia,2025-01-16 00:00:00+00:00,JND,Junoon Drop,751,670,1100,10,1,9
Aquarabia,2025-01-16 00:00:00+00:00,JPJ,Jump Jolt,752,712,1000,10,1,9
Aquarabia,2025-01-17 00:00:00+00:00,SST,Sea Stallion,1708,1629,2200,12,2,10
Six Flags,2025-01-17 00:00:00+00:00,AQT,Aquatopia,1166,1080,1800,8,2,6
Six Flags,2025-01-17 00:00:00+00:00,SPF,Spitfire,1304,1262,1500,9,2,7
Six Flags,2025-01-17 00:00:00+00:00,ARC,Arabian Carousel,814,748,900,8,2,6
Six Flags,2025-01-17 00:00:00+00:00,CYC,Canyon Charters,875,842,1200,10,4,6
Six Flags,2025-01-17 00:00:00+00:00,ADJ,Adventure Junction,804,765,1000,9,2,7
Six Flags,2025-01-17 00:00:00+00:00,TWE,Twilight Express,1599,1544,2000,8,1,7
Six Flags,2025-01-17 00:00:00+00:00,IRT,Iron Rattler,2135,2040,2400,8,3,5
Six Flags,2025-01-17 00:00:00+00:00,SRT,Sirocco Tower,1870,1803,2300,6,2,4
Six Flags,2025-01-17 00:00:00+00:00,FCF,Falcons Flight,2326,2258,2500,8,2,6
Six Flags,2025-01-17 00:00:00+00:00,SKW,Skywatch,1571,1474,2100,9,3,6
Aquarabia,2025-01-17 00:00:00+00:00,RFR,Raft Republic,1295,1210,1700,9,2,7
Aquarabia,2025-01-17 00:00:00+00:00,AMB,Amwaj Bay,1228,1205,1600,9,2,7
Aquarabia,2025-01-17 00:00:00+00:00,SPG,Splash Grotto,1631,1559,1900,11,2,9
Aquarabia,2025-01-17 00:00:00+00:00,ZZZ,ZipZapZoom,979,880,1400,10,1,9
Aquarabia,2025-01-17 00:00:00+00:00,TLC,The Lazy Camel,611,540,800,8,2,6
Aquarabia,2025-01-17 00:00:00+00:00,SFT,Surftopia,1005,959,1300,9,2,7
Aquarabia,2025-01-17 00:00:00+00:00,HVP,Hyper Viper,1439,1414,2000,8,1,7
Aquarabia,2025-01-17 00:00:00+00:00,JND,Junoon Drop,882,802,1100,10,1,9
Aquarabia,2025-01-17 00:00:00+00:00,JPJ,Jump Jolt,865,793,1000,10,2,8
Aquarabia,2025-01-18 00:00:00+00:00,SST,Sea Stallion,2179,2127,2200,12,1,11
Six Flags,2025-01-18 00:00:00+00:00,AQT,Aquatopia,1370,1308,1800,8,1,7
Six Flags,2025-01-18 00:00:00+00:00,SPF,Spitfire,1364,1273,1500,9,2,7
Six Flags,2025-01-18 00:00:00+00:00,ARC,Arabian Carousel,619,561,900,8,1,7
Six Flags,2025-01-18 00:00:00+00:00,CYC,Canyon Charters,1067,972,1200,10,5,5
Six Flags,2025-01-18 00:00:00+00:00,ADJ,Adventure Junction,928,879,1000,9,1,8
Six Flags,2025-01-18 00:00:00+00:00,TWE,Twilight Express,1515,1452,2000,8,1,7
Six Flags,2025-01-18 00:00:00+00:00,IRT,Iron Rattler,2116,2029,2400,8,5,3
Six Flags,2025-01-18 00:00:00+00:00,SRT,Sirocco Tower,1867,1841,2300,6,2,4
Six Flags,2025-01-18 00:00:00+00:00,FCF,Falcons Flight,2477,2450,2500,8,2,6
Six Flags,2025-01-18 00:00:00+00:00,SKW,Skywatch,1588,1544,2100,9,5,4
Aquarabia,2025-01-18 00:00:00+00:00,RFR,Raft Republic,1487,1418,1700,9,1,8
Aquarabia,2025-01-18 00:00:00+00:00,AMB,Amwaj Bay,1268,1210,1600,9,2,7
Aquarabia,2025-01-18 00:00:00+00:00,SPG,Splash Grotto,1574,1499,1900,11,1,10
Aquarabia,2025-01-18 00:00:00+00:00,ZZZ,ZipZapZoom,968,906,1400,10,2,8
Aquarabia,2025-01-18 00:00:00+00:00,TLC,The Lazy Camel,701,637,800,8,2,6
Aquarabia,2025-01-18 00:00:00+00:00,SFT,Surftopia,808,782,1300,9,2,7
Aquarabia,2025-01-18 00:00:00+00:00,HVP,Hyper Viper,1468,1395,2000,8,2,6
Aquarabia,2025-01-18 00:00:00+00:00,JND,Junoon Drop,1036,965,1100,10,1,9
Aquarabia,2025-01-18 00:00:00+00:00,JPJ,Jump Jolt,778,729,1000,10,1,9
Aquarabia,2025-01-19 00:00:00+00:00,SST,Sea Stallion,1853,1792,2200,12,1,11
Six Flags,2025-01-19 00:00:00+00:00,AQT,Aquatopia,1237,1207,1800,8,1,7
Six Flags,2025-01-19 00:00:00+00:00,SPF,Spitfire,1208,1141,1500,9,2,7
Six Flags,2025-01-19 00:00:00+00:00,ARC,Arabian Carousel,699,674,900,8,1,7
Six Flags,2025-01-19 00:00:00+00:00,CYC,Canyon Charters,824,771,1200,10,3,7
Six Flags,2025-01-19 00:00:00+00:00,ADJ,Adventure Junction,913,836,1000,9,1,8
Six Flags,2025-01-19 00:00:00+00:00,TWE,Twilight Express,1839,1789,2000,8,1,7
Six Flags,2025-01-19 00:00:00+00:00,IRT,Iron Rattler,1545,1518,2400,8,3,5
Six Flags,2025-01-19 00:00:00+00:00,SRT,Sirocco Tower,1474,1401,2300,6,2,4
Six Flags,2025-01-19 00:00:00+00:00,FCF,Falcons Flight,2002,1946,2500,8,2,6
Six Flags,2025-01-19 00:00:00+00:00,SKW,Skywatch,1809,1724,2100,9,5,4
Aquarabia,2025-01-19 00:00:00+00:00,RFR,Raft Republic,1446,1414,1700,9,1,8
Aquarabia,2025-01-19 00:00:00+00:00,AMB,Amwaj Bay,1024,985,1600,9,1,8
Aquarabia,2025-01-19 00:00:00+00:00,SPG,Splash Grotto,1498,1406,1900,11,2,9
Aquarabia,2025-01-19 00:00:00+00:00,ZZZ,ZipZapZoom,1165,1138,1400,10,1,9
Aquarabia,2025-01-19 00:00:00+00:00,TLC,The Lazy Camel,583,485,800,8,1,7
Aquarabia,2025-01-19 00:00:00+00:00,SFT,Surftopia,1101,1020,1300,9,2,7
Aquarabia,2025-01-19 00:00:00+00:00,HVP,Hyper Viper,1471,1435,2000,8,2,6
Aquarabia,2025-01-19 00:00:00+00:00,JND,Junoon Drop,981,886,1100,10,1,9
Aquarabia,2025-01-19 00:00:00+00:00,JPJ,Jump Jolt,830,756,1000,10,1,9
Aquarabia,2025-01-20 00:00:00+00:00,SST,Sea Stallion,1647,1621,2200,12,2,10
Six Flags,2025-01-20 00:00:00+00:00,AQT,Aquatopia,1340,1262,1800,8,2,6
Six Flags,2025-01-20 00:00:00+00:00,SPF,Spitfire,1179,1121,1500,9,1,8
Six Flags,2025-01-20 00:00:00+00:00,ARC,Arabian Carousel,694,618,900,8,2,6
Six Flags,2025-01-20 00:00:00+00:00,CYC,Canyon Charters,1173,1081,1200,10,3,7
Six Flags,2025-01-20 00:00:00+00:00,ADJ,Adventure Junction,915,883,1000,9,2,7
Six Flags,2025-01-20 00:00:00+00:00,TWE,Twilight Express,1469,1445,2000,8,2,6
Six Flags,2025-01-20 00:00:00+00:00,IRT,Iron Rattler,1821,1724,2400,8,5,3
Six Flags,2025-01-20 00:00:00+00:00,SRT,Sirocco Tower,1573,1533,2300,6,2,4
Six Flags,2025-01-20 00:00:00+00:00,FCF,Falcons Flight,2490,2450,2500,8,2,6
Six Flags,2025-01-20 00:00:00+00:00,SKW,Skywatch,1901,1817,2100,9,3,6
Aquarabia,2025-01-20 00:00:00+00:00,RFR,Raft Republic,1330,1284,1700,9,1,8
Aquarabia,2025-01-20 00:00:00+00:00,AMB,Amwaj Bay,1103,1005,1600,9,1,8
Aquarabia,2025-01-20 00:00:00+00:00,SPG,Splash Grotto,1364,1268,1900,11,1,10
Aquarabia,2025-01-20 00:00:00+00:00,ZZZ,ZipZapZoom,983,928,1400,10,1,9
Aquarabia,2025-01-20 00:00:00+00:00,TLC,The Lazy Camel,655,618,800,8,2,6
Aquarabia,2025-01-20 00:00:00+00:00,SFT,Surftopia,796,762,1300,9,2,7
Aquarabia,2025-01-20 00:00:00+00:00,HVP,Hyper Viper,1320,1282,2000,8,1,7
Aquarabia,2025-01-20 00:00:00+00:00,JND,Junoon Drop,868,846,1100,10,2,8
Aquarabia,2025-01-20 00:00:00+00:00,JPJ,Jump Jolt,671,624,1000,10,1,9
Aquarabia,2025-01-21 00:00:00+00:00,SST,Sea Stallion,1609,1562,2200,12,1,11
Six Flags,2025-01-21 00:00:00+00:00,AQT,Aquatopia,1227,1203,1800,8,2,6
Six Flags,2025-01-21 00:00:00+00:00,SPF,Spitfire,1040,1019,1500,9,2,7
Six Flags,2025-01-21 00:00:00+00:00,ARC,Arabian Carousel,737,705,900,8,1,7
Six Flags,2025-01-21 00:00:00+00:00,CYC,Canyon Charters,902,821,1200,10,3,7
Six Flags,2025-01-21 00:00:00+00:00,ADJ,Adventure Junction,809,712,1000,9,2,7
Six Flags,2025-01-21 00:00:00+00:00,TWE,Twilight Express,1912,1814,2000,8,2,6
Six Flags,2025-01-21 00:00:00+00:00,IRT,Iron Rattler,2206,2178,2400,8,5,3
Six Flags,2025-01-21 00:00:00+00:00,SRT,Sirocco Tower,2027,1930,2300,6,2,4
Six Flags,2025-01-21 00:00:00+00:00,FCF,Falcons Flight,2078,2005,2500,8,1,7
Six Flags,2025-01-21 00:00:00+00:00,SKW,Skywatch,1583,1508,2100,9,4,5
Aquarabia,2025-01-21 00:00:00+00:00,RFR,Raft Republic,1071,1026,1700,9,2,7
Aquarabia,2025-01-21 00:00:00+00:00,AMB,Amwaj Bay,1016,941,1600,9,2,7
Aquarabia,2025-01-21 00:00:00+00:00,SPG,Splash Grotto,1213,1146,1900,11,2,9
Aquarabia,2025-01-21 00:00:00+00:00,ZZZ,ZipZapZoom,1155,1060,1400,10,1,9
Aquarabia,2025-01-21 00:00:00+00:00,TLC,The Lazy Camel,616,580,800,8,1,7
Aquarabia,2025-01-21 00:00:00+00:00,SFT,Surftopia,954,900,1300,9,1,8
Aquarabia,2025-01-21 00:00:00+00:00,HVP,Hyper Viper,1173,1125,2000,8,1,7
Aquarabia,2025-01-21 00:00:00+00:00,JND,Junoon Drop,710,653,1100,10,2,8
Aquarabia,2025-01-21 00:00:00+00:00,JPJ,Jump Jolt,826,741,1000,10,2,8
Aquarabia,2025-01-22 00:00:00+00:00,SST,Sea Stallion,2027,1997,2200,12,1,11
Six Flags,2025-01-22 00:00:00+00:00,AQT,Aquatopia,1760,1673,1800,8,2,6
Six Flags,2025-01-22 00:00:00+00:00,SPF,Spitfire,1184,1096,1500,9,1,8
Six Flags,2025-01-22 00:00:00+00:00,ARC,Arabian Carousel,661,603,900,8,2,6
Six Flags,2025-01-22 00:00:00+00:00,CYC,Canyon Charters,1089,1022,1200,10,4,6
Six Flags,2025-01-22 00:00:00+00:00,ADJ,Adventure Junction,743,715,1000,9,1,8
Six Flags,2025-01-22 00:00:00+00:00,TWE,Twilight Express,1439,1406,2000,8,1,7
Six Flags,2025-01-22 00:00:00+00:00,IRT,Iron Rattler,1521,1469,2400,8,3,5
Six Flags,2025-01-22 00:00:00+00:00,SRT,Sirocco Tower,1926,1859,2300,6,2,4
Six Flags,2025-01-22 00:00:00+00:00,FCF,Falcons Flight,2016,1978,2500,8,1,7
Six Flags,2025-01-22 00:00:00+00:00,SKW,Skywatch,1571,1540,2100,9,4,5
Aquarabia,2025-01-22 00:00:00+00:00,RFR,Raft Republic,1294,1197,1700,9,1,8
Aquarabia,2025-01-22 00:00:00+00:00,AMB,Amwaj Bay,1428,1343,1600,9,1,8
Aquarabia,2025-01-22 00:00:00+00:00,SPG,Splash Grotto,1520,1469,1900,11,1,10
Aquarabia,2025-01-22 00:00:00+00:00,ZZZ,ZipZapZoom,1109,1029,1400,10,2,8
Aquarabia,2025-01-22 00:00:00+00:00,TLC,The Lazy Camel,680,640,800,8,2,6
Aquarabia,2025-01-22 00:00:00+00:00,SFT,Surftopia,1061,1041,1300,9,1,8
Aquarabia,2025-01-22 00:00:00+00:00,HVP,Hyper Viper,1669,1608,2000,8,2,6
Aquarabia,2025-01-22 00:00:00+00:00,JND,Junoon Drop,781,731,1100,10,1,9
Aquarabia,2025-01-22 00:00:00+00:00,JPJ,Jump Jolt,613,586,1000,10,1,9
Aquarabia,2025-01-23 00:00:00+00:00,SST,Sea Stallion,2059,1967,2200,12,1,11
Six Flags,2025-01-23 00:00:00+00:00,AQT,Aquatopia,1625,1554,1800,8,2,6
Six Flags,2025-01-23 00:00:00+00:00,SPF,Spitfire,1316,1232,1500,9,2,7
Six Flags,2025-01-23 00:00:00+00:00,ARC,Arabian Carousel,772,745,900,8,1,7
Six Flags,2025-01-23 00:00:00+00:00,CYC,Canyon Charters,923,886,1200,10,3,7
Six Flags,2025-01-23 00:00:00+00:00,ADJ,Adventure Junction,902,828,1000,9,1,8
Six Flags,2025-01-23 00:00:00+00:00,TWE,Twilight Express,1423,1373,2000,8,2,6
Six Flags,2025-01-23 00:00:00+00:00,IRT,Iron Rattler,2091,2007,2400,8,5,3
Six Flags,2025-01-23 00:00:00+00:00,SRT,Sirocco Tower,2115,2057,2300,6,2,4
Six Flags,2025-01-23 00:00:00+00:00,FCF,Falcons Flight,2095,2015,2500,8,2,6
Six Flags,2025-01-23 00:00:00+00:00,SKW,Skywatch,1626,1582,2100,9,3,6
Aquarabia,2025-01-23 00:00:00+00:00,RFR,Raft Republic,1136,1058,1700,9,2,7
Aquarabia,2025-01-23 00:00:00+00:00,AMB,Amwaj Bay,1289,1224,1600,9,1,8
Aquarabia,2025-01-23 00:00:00+00:00,SPG,Splash Grotto,1382,1314,1900,11,1,10
Aquarabia,2025-01-23 00:00:00+00:00,ZZZ,ZipZapZoom,1022,971,1400,10,2,8
Aquarabia,2025-01-23 00:00:00+00:00,TLC,The Lazy Camel,747,677,800,8,1,7
Aquarabia,2025-01-23 00:00:00+00:00,SFT,Surftopia,992,970,1300,9,2,7
Aquarabia,2025-01-23 00:00:00+00:00,HVP,Hyper Viper,1491,1465,2000,8,1,7
Aquarabia,2025-01-23 00:00:00+00:00,JND,Junoon Drop,840,741,1100,10,1,9
Aquarabia,2025-01-23 00:00:00+00:00,JPJ,Jump Jolt,842,795,1000,10,2,8
Aquarabia,2025-01-24 00:00:00+00:00,SST,Sea Stallion,1859,1816,2200,12,2,10
Six Flags,2025-01-24 00:00:00+00:00,AQT,Aquatopia,1634,1589,1800,8,1,7
Six Flags,2025-01-24 00:00:00+00:00,SPF,Spitfire,1312,1285,1500,9,2,7
Six Flags,2025-01-24 00:00:00+00:00,ARC,Arabian Carousel,657,599,900,8,2,6
Six Flags,2025-01-24 00:00:00+00:00,CYC,Canyon Charters,1105,1022,1200,10,5,5
Six Flags,2025-01-24 00:00:00+00:00,ADJ,Adventure Junction,736,645,1000,9,2,7
Six Flags,2025-01-24 00:00:00+00:00,TWE,Twilight Express,1246,1217,2000,8,2,6
Six Flags,2025-01-24 00:00:00+00:00,IRT,Iron Rattler,1682,1643,2400,8,3,5
Six Flags,2025-01-24 00:00:00+00:00,SRT,Sirocco Tower,1963,1872,2300,6,2,4
Six Flags,2025-01-24 00:00:00+00:00,FCF,Falcons Flight,2399,2376,2500,8,2,6
Six Flags,2025-01-24 00:00:00+00:00,SKW,Skywatch,1844,1745,2100,9,3,6
Aquarabia,2025-01-24 00:00:00+00:00,RFR,Raft Republic,1310,1250,1700,9,2,7
Aquarabia,2025-01-24 00:00:00+00:00,AMB,Amwaj Bay,1170,1103,1600,9,1,8
Aquarabia,2025-01-24 00:00:00+00:00,SPG,Splash Grotto,1486,1394,1900,11,1,10
Aquarabia,2025-01-24 00:00:00+00:00,ZZZ,ZipZapZoom,1016,985,1400,10,2,8
Aquarabia,2025-01-24 00:00:00+00:00,TLC,The Lazy Camel,617,518,800,8,2,6
Aquarabia,2025-01-24 00:00:00+00:00,SFT,Surftopia,1046,987,1300,9,2,7
Aquarabia,2025-01-24 00:00:00+00:00,HVP,Hyper Viper,1646,1602,2000,8,1,7
Aquarabia,2025-01-24 00:00:00+00:00,JND,Junoon Drop,896,832,1100,10,2,8
Aquarabia,2025-01-24 00:00:00+00:00,JPJ,Jump Jolt,686,648,1000,10,2,8
Aquarabia,2025-01-25 00:00:00+00:00,SST,Sea Stallion,2059,1960,2200,12,1,11
Six Flags,2025-01-25 00:00:00+00:00,AQT,Aquatopia,1478,1444,1800,8,1,7
Six Flags,2025-01-25 00:00:00+00:00,SPF,Spitfire,1323,1251,1500,9,2,7
Six Flags,2025-01-25 00:00:00+00:00,ARC,Arabian Carousel,871,777,900,8,1,7
Six Flags,2025-01-25 00:00:00+00:00,CYC,Canyon Charters,993,968,1200,10,3,7
Six Flags,2025-01-25 00:00:00+00:00,ADJ,Adventure Junction,850,828,1000,9,1,8
Six Flags,2025-01-25 00:00:00+00:00,TWE,Twilight Express,1307,1227,2000,8,1,7
Six Flags,2025-01-25 00:00:00+00:00,IRT,Iron Rattler,1556,1513,2400,8,4,4
Six Flags,2025-01-25 00:00:00+00:00,SRT,Sirocco Tower,1759,1683,2300,6,2,4
Six Flags,2025-01-25 00:00:00+00:00,FCF,Falcons Flight,2490,2442,2500,8,1,7
Six Flags,2025-01-25 00:00:00+00:00,SKW,Skywatch,1995,1935,2100,9,3,6
Aquarabia,2025-01-25 00:00:00+00:00,RFR,Raft Republic,1237,1207,1700,9,1,8
Aquarabia,2025-01-25 00:00:00+00:00,AMB,Amwaj Bay,1258,1223,1600,9,1,8
Aquarabia,2025-01-25 00:00:00+00:00,SPG,Splash Grotto,1276,1177,1900,11,1,10
Aquarabia,2025-01-25 00:00:00+00:00,ZZZ,ZipZapZoom,1111,1083,1400,10,1,9
Aquarabia,2025-01-25 00:00:00+00:00,TLC,The Lazy Camel,651,565,800,8,1,7
Aquarabia,2025-01-25 00:00:00+00:00,SFT,Surftopia,1156,1114,1300,9,2,7
Aquarabia,2025-01-25 00:00:00+00:00,HVP,Hyper Viper,1247,1160,2000,8,2,6
Aquarabia,2025-01-25 00:00:00+00:00,JND,Junoon Drop,897,862,1100,10,2,8
Aquarabia,2025-01-25 00:00:00+00:00,JPJ,Jump Jolt,745,665,1000,10,1,9
Aquarabia,2025-01-26 00:00:00+00:00,SST,Sea Stallion,2043,1972,2200,12,1,11
Six Flags,2025-01-26 00:00:00+00:00,AQT,Aquatopia,1124,1096,1800,8,2,6
Six Flags,2025-01-26 00:00:00+00:00,SPF,Spitfire,1187,1098,1500,9,1,8
Six Flags,2025-01-26 00:00:00+00:00,ARC,Arabian Carousel,691,660,900,8,1,7
Six Flags,2025-01-26 00:00:00+00:00,CYC,Canyon Charters,818,749,1200,10,3,7
Six Flags,2025-01-26 00:00:00+00:00,ADJ,Adventure Junction,650,596,1000,9,2,7
Six Flags,2025-01-26 00:00:00+00:00,TWE,Twilight Express,1386,1332,2000,8,1,7
Six Flags,2025-01-26 00:00:00+00:00,IRT,Iron Rattler,2351,2318,2400,8,4,4
Six Flags,2025-01-26 00:00:00+00:00,SRT,Sirocco Tower,1787,1728,2300,6,2,4
Six Flags,2025-01-26 00:00:00+00:00,FCF,Falcons Flight,2144,2085,2500,8,1,7
Six Flags,2025-01-26 00:00:00+00:00,SKW,Skywatch,1655,1567,2100,9,3,6
Aquarabia,2025-01-26 00:00:00+00:00,RFR,Raft Republic,1183,1148,1700,9,1,8
Aquarabia,2025-01-26 00:00:00+00:00,AMB,Amwaj Bay,1055,982,1600,9,2,7
Aquarabia,2025-01-26 00:00:00+00:00,SPG,Splash Grotto,1321,1248,1900,11,1,10
Aquarabia,2025-01-26 00:00:00+00:00,ZZZ,ZipZapZoom,1026,967,1400,10,2,8
Aquarabia,2025-01-26 00:00:00+00:00,TLC,The Lazy Camel,631,572,800,8,1,7
Aquarabia,2025-01-26 00:00:00+00:00,SFT,Surftopia,1107,1057,1300,9,2,7
Aquarabia,2025-01-26 00:00:00+00:00,HVP,Hyper Viper,1520,1495,2000,8,1,7
Aquarabia,2025-01-26 00:00:00+00:00,JND,Junoon Drop,728,679,1100,10,1,9
Aquarabia,2025-01-26 00:00:00+00:00,JPJ,Jump Jolt,898,870,1000,10,1,9
Aquarabia,2025-01-27 00:00:00+00:00,SST,Sea Stallion,2190,2150,2200,12,2,10
Six Flags,2025-01-27 00:00:00+00:00,AQT,Aquatopia,1455,1388,1800,8,1,7
Six Flags,2025-01-27 00:00:00+00:00,SPF,Spitfire,1134,1068,1500,9,2,7
Six Flags,2025-01-27 00:00:00+00:00,ARC,Arabian Carousel,647,594,900,8,1,7
Six Flags,2025-01-27 00:00:00+00:00,CYC,Canyon Charters,975,932,1200,10,5,5
Six Flags,2025-01-27 00:00:00+00:00,ADJ,Adventure Junction,822,746,1000,9,2,7
Six Flags,2025-01-27 00:00:00+00:00,TWE,Twilight Express,1379,1329,2000,8,1,7
Six Flags,2025-01-27 00:00:00+00:00,IRT,Iron Rattler,1810,1771,2400,8,3,5
Six Flags,2025-01-27 00:00:00+00:00,SRT,Sirocco Tower,1976,1934,2300,6,2,4
Six Flags,2025-01-27 00:00:00+00:00,FCF,Falcons Flight,2490,2450,2500,8,1,7
Six Flags,2025-01-27 00:00:00+00:00,SKW,Skywatch,1926,1871,2100,9,5,4
Aquarabia,2025-01-27 00:00:00+00:00,RFR,Raft Republic,1107,1008,1700,9,2,7
Aquarabia,2025-01-27 00:00:00+00:00,AMB,Amwaj Bay,1153,1059,1600,9,1,8
Aquarabia,2025-01-27 00:00:00+00:00,SPG,Splash Grotto,1585,1555,1900,11,1,10
Aquarabia,2025-01-27 00:00:00+00:00,ZZZ,ZipZapZoom,1110,1053,1400,10,2,8
Aquarabia,2025-01-27 00:00:00+00:00,TLC,The Lazy Camel,626,568,800,8,2,6
Aquarabia,2025-01-27 00:00:00+00:00,SFT,Surftopia,1164,1130,1300,9,2,7
Aquarabia,2025-01-27 00:00:00+00:00,HVP,Hyper Viper,1417,1343,2000,8,2,6
Aquarabia,2025-01-27 00:00:00+00:00,JND,Junoon Drop,855,756,1100,10,2,8
Aquarabia,2025-01-27 00:00:00+00:00,JPJ,Jump Jolt,672,637,1000,10,2,8
Aquarabia,2025-01-28 00:00:00+00:00,SST,Sea Stallion,2125,2087,2200,12,2,10
Six Flags,2025-01-28 00:00:00+00:00,AQT,Aquatopia,1276,1239,1800,8,1,7
Six Flags,2025-01-28 00:00:00+00:00,SPF,Spitfire,1014,973,1500,9,2,7
Six Flags,2025-01-28 00:00:00+00:00,ARC,Arabian Carousel,728,703,900,8,1,7
Six Flags,2025-01-28 00:00:00+00:00,CYC,Canyon Charters,1177,1117,1200,10,5,5
Six Flags,2025-01-28 00:00:00+00:00,ADJ,Adventure Junction,753,715,1000,9,2,7
Six Flags,2025-01-28 00:00:00+00:00,TWE,Twilight Express,1880,1845,2000,8,2,6
Six Flags,2025-01-28 00:00:00+00:00,IRT,Iron Rattler,1683,1658,2400,8,5,3
Six Flags,2025-01-28 00:00:00+00:00,SRT,Sirocco Tower,2075,2005,2300,6,2,4
Six Flags,2025-01-28 00:00:00+00:00,FCF,Falcons Flight,2156,2108,2500,8,2,6
Six Flags,2025-01-28 00:00:00+00:00,SKW,Skywatch,1802,1703,2100,9,5,4
Aquarabia,2025-01-28 00:00:00+00:00,RFR,Raft Republic,1082,1028,1700,9,1,8
Aquarabia,2025-01-28 00:00:00+00:00,AMB,Amwaj Bay,1207,1164,1600,9,1,8
Aquarabia,2025-01-28 00:00:00+00:00,SPG,Splash Grotto,1575,1489,1900,11,2,9
Aquarabia,2025-01-28 00:00:00+00:00,ZZZ,ZipZapZoom,979,926,1400,10,1,9
Aquarabia,2025-01-28 00:00:00+00:00,TLC,The Lazy Camel,571,492,800,8,2,6
Aquarabia,2025-01-28 00:00:00+00:00,SFT,Surftopia,1048,1003,1300,9,2,7
Aquarabia,2025-01-28 00:00:00+00:00,HVP,Hyper Viper,1248,1222,2000,8,1,7
Aquarabia,2025-01-28 00:00:00+00:00,JND,Junoon Drop,858,789,1100,10,2,8
Aquarabia,2025-01-28 00:00:00+00:00,JPJ,Jump Jolt,875,827,1000,10,1,9
Aquarabia,2025-01-29 00:00:00+00:00,SST,Sea Stallion,1944,1846,2200,12,2,10
Six Flags,2025-01-29 00:00:00+00:00,AQT,Aquatopia,1463,1421,1800,8,2,6
Six Flags,2025-01-29 00:00:00+00:00,SPF,Spitfire,1036,976,1500,9,1,8
Six Flags,2025-01-29 00:00:00+00:00,ARC,Arabian Carousel,843,764,900,8,1,7
Six Flags,2025-01-29 00:00:00+00:00,CYC,Canyon Charters,1033,1005,1200,10,4,6
Six Flags,2025-01-29 00:00:00+00:00,ADJ,Adventure Junction,810,760,1000,9,1,8
Six Flags,2025-01-29 00:00:00+00:00,TWE,Twilight Express,1322,1284,2000,8,2,6
Six Flags,2025-01-29 00:00:00+00:00,IRT,Iron Rattler,1700,1641,2400,8,4,4
Six Flags,2025-01-29 00:00:00+00:00,SRT,Sirocco Tower,2005,1925,2300,6,2,4
Six Flags,2025-01-29 00:00:00+00:00,FCF,Falcons Flight,2433,2351,2500,8,1,7
Six Flags,2025-01-29 00:00:00+00:00,SKW,Skywatch,1801,1761,2100,9,5,4
Aquarabia,2025-01-29 00:00:00+00:00,RFR,Raft Republic,1242,1190,1700,9,2,7
Aquarabia,2025-01-29 00:00:00+00:00,AMB,Amwaj Bay,936,897,1600,9,1,8
Aquarabia,2025-01-29 00:00:00+00:00,SPG,Splash Grotto,1453,1426,1900,11,1,10
Aquarabia,2025-01-29 00:00:00+00:00,ZZZ,ZipZapZoom,1129,1031,1400,10,1,9
Aquarabia,2025-01-29 00:00:00+00:00,TLC,The Lazy Camel,565,512,800,8,2,6
Aquarabia,2025-01-29 00:00:00+00:00,SFT,Surftopia,1151,1062,1300,9,2,7
Aquarabia,2025-01-29 00:00:00+00:00,HVP,Hyper Viper,1328,1281,2000,8,1,7
Aquarabia,2025-01-29 00:00:00+00:00,JND,Junoon Drop,908,854,1100,10,1,9
Aquarabia,2025-01-29 00:00:00+00:00,JPJ,Jump Jolt,771,677,1000,10,2,8
Aquarabia,2025-01-30 00:00:00+00:00,SST,Sea Stallion,2190,2150,2200,12,2,10
Six Flags,2025-01-30 00:00:00+00:00,AQT,Aquatopia,1602,1551,1800,8,2,6
Six Flags,2025-01-30 00:00:00+00:00,SPF,Spitfire,1063,976,1500,9,2,7
Six Flags,2025-01-30 00:00:00+00:00,ARC,Arabian Carousel,739,715,900,8,1,7
Six Flags,2025-01-30 00:00:00+00:00,CYC,Canyon Charters,832,790,1200,10,4,6
Six Flags,2025-01-30 00:00:00+00:00,ADJ,Adventure Junction,948,890,1000,9,1,8
Six Flags,2025-01-30 00:00:00+00:00,TWE,Twilight Express,1570,1489,2000,8,1,7
Six Flags,2025-01-30 00:00:00+00:00,IRT,Iron Rattler,1996,1945,2400,8,4,4
Six Flags,2025-01-30 00:00:00+00:00,SRT,Sirocco Tower,2019,1960,2300,6,1,5
Six Flags,2025-01-30 00:00:00+00:00,FCF,Falcons Flight,2490,2450,2500,8,2,6
Six Flags,2025-01-30 00:00:00+00:00,SKW,Skywatch,1865,1768,2100,9,3,6
Aquarabia,2025-01-30 00:00:00+00:00,RFR,Raft Republic,1497,1424,1700,9,2,7
Aquarabia,2025-01-30 00:00:00+00:00,AMB,Amwaj Bay,1037,973,1600,9,1,8
Aquarabia,2025-01-30 00:00:00+00:00,SPG,Splash Grotto,1351,1263,1900,11,2,9
Aquarabia,2025-01-30 00:00:00+00:00,ZZZ,ZipZapZoom,1094,1017,1400,10,2,8
Aquarabia,2025-01-30 00:00:00+00:00,TLC,The Lazy Camel,716,685,800,8,2,6
Aquarabia,2025-01-30 00:00:00+00:00,SFT,Surftopia,1028,929,1300,9,2,7
Aquarabia,2025-01-30 00:00:00+00:00,HVP,Hyper Viper,1330,1282,2000,8,1,7
Aquarabia,2025-01-30 00:00:00+00:00,JND,Junoon Drop,761,670,1100,10,1,9
Aquarabia,2025-01-30 00:00:00+00:00,JPJ,Jump Jolt,731,699,1000,10,1,9
Aquarabia,2025-01-31 00:00:00+00:00,SST,Sea Stallion,1835,1802,2200,12,2,10
Six Flags,2025-01-31 00:00:00+00:00,AQT,Aquatopia,1435,1343,1800,8,2,6
Six Flags,2025-01-31 00:00:00+00:00,SPF,Spitfire,1027,938,1500,9,2,7
Six Flags,2025-01-31 00:00:00+00:00,ARC,Arabian Carousel,690,594,900,8,2,6
Six Flags,2025-01-31 00:00:00+00:00,CYC,Canyon Charters,922,902,1200,10,5,5
Six Flags,2025-01-31 00:00:00+00:00,ADJ,Adventure Junction,854,797,1000,9,1,8
Six Flags,2025-01-31 00:00:00+00:00,TWE,Twilight Express,1420,1400,2000,8,1,7
Six Flags,2025-01-31 00:00:00+00:00,IRT,Iron Rattler,2138,2075,2400,8,3,5
Six Flags,2025-01-31 00:00:00+00:00,SRT,Sirocco Tower,2169,2145,2300,6,1,5
Six Flags,2025-01-31 00:00:00+00:00,FCF,Falcons Flight,1987,1918,2500,8,1,7
Six Flags,2025-01-31 00:00:00+00:00,SKW,Skywatch,1803,1763,2100,9,3,6
Aquarabia,2025-01-31 00:00:00+00:00,RFR,Raft Republic,1240,1187,1700,9,2,7
Aquarabia,2025-01-31 00:00:00+00:00,AMB,Amwaj Bay,1200,1132,1600,9,1,8
Aquarabia,2025-01-31 00:00:00+00:00,SPG,Splash Grotto,1122,1071,1900,11,2,9
Aquarabia,2025-01-31 00:00:00+00:00,ZZZ,ZipZapZoom,1026,1001,1400,10,1,9
Aquarabia,2025-01-31 00:00:00+00:00,TLC,The Lazy Camel,580,546,800,8,2,6
Aquarabia,2025-01-31 00:00:00+00:00,SFT,Surftopia,1180,1090,1300,9,2,7
Aquarabia,2025-01-31 00:00:00+00:00,HVP,Hyper Viper,1350,1279,2000,8,2,6
Aquarabia,2025-01-31 00:00:00+00:00,JND,Junoon Drop,837,792,1100,10,1,9
Aquarabia,2025-01-31 00:00:00+00:00,JPJ,Jump Jolt,667,581,1000,10,1,9
Aquarabia,2025-02-01 00:00:00+00:00,SST,Sea Stallion,1771,1682,2200,12,1,11
Six Flags,2025-02-01 00:00:00+00:00,AQT,Aquatopia,1656,1569,1800,8,2,6
Six Flags,2025-02-01 00:00:00+00:00,SPF,Spitfire,1184,1134,1500,9,2,7
Six Flags,2025-02-01 00:00:00+00:00,ARC,Arabian Carousel,837,764,900,8,1,7
Six Flags,2025-02-01 00:00:00+00:00,CYC,Canyon Charters,1132,1057,1200,10,4,6
Six Flags,2025-02-01 00:00:00+00:00,ADJ,Adventure Junction,970,886,1000,9,1,8
Six Flags,2025-02-01 00:00:00+00:00,TWE,Twilight Express,1610,1566,2000,8,1,7
Six Flags,2025-02-01 00:00:00+00:00,IRT,Iron Rattler,1831,1773,2400,8,3,5
Six Flags,2025-02-01 00:00:00+00:00,SRT,Sirocco Tower,2009,1932,2300,6,1,5
Six Flags,2025-02-01 00:00:00+00:00,FCF,Falcons Flight,2474,2450,2500,8,1,7
Six Flags,2025-02-01 00:00:00+00:00,SKW,Skywatch,1758,1686,2100,9,5,4
Aquarabia,2025-02-01 00:00:00+00:00,RFR,Raft Republic,1198,1171,1700,9,2,7
Aquarabia,2025-02-01 00:00:00+00:00,AMB,Amwaj Bay,1209,1140,1600,9,1,8
Aquarabia,2025-02-01 00:00:00+00:00,SPG,Splash Grotto,1404,1325,1900,11,2,9
Aquarabia,2025-02-01 00:00:00+00:00,ZZZ,ZipZapZoom,1133,1097,1400,10,2,8
Aquarabia,2025-02-01 00:00:00+00:00,TLC,The Lazy Camel,650,624,800,8,1,7
Aquarabia,2025-02-01 00:00:00+00:00,SFT,Surftopia,1048,969,1300,9,1,8
Aquarabia,2025-02-01 00:00:00+00:00,HVP,Hyper Viper,1463,1421,2000,8,2,6
Aquarabia,2025-02-01 00:00:00+00:00,JND,Junoon Drop,996,905,1100,10,2,8
Aquarabia,2025-02-01 00:00:00+00:00,JPJ,Jump Jolt,921,873,1000,10,2,8
Aquarabia,2025-02-02 00:00:00+00:00,SST,Sea Stallion,1966,1927,2200,12,2,10
Six Flags,2025-02-02 00:00:00+00:00,AQT,Aquatopia,1343,1274,1800,8,1,7
Six Flags,2025-02-02 00:00:00+00:00,SPF,Spitfire,1087,1002,1500,9,2,7
Six Flags,2025-02-02 00:00:00+00:00,ARC,Arabian Carousel,746,681,900,8,2,6
Six Flags,2025-02-02 00:00:00+00:00,CYC,Canyon Charters,896,819,1200,10,4,6
Six Flags,2025-02-02 00:00:00+00:00,ADJ,Adventure Junction,740,680,1000,9,2,7
Six Flags,2025-02-02 00:00:00+00:00,TWE,Twilight Express,1692,1656,2000,8,1,7
Six Flags,2025-02-02 00:00:00+00:00,IRT,Iron Rattler,1816,1746,2400,8,3,5
Six Flags,2025-02-02 00:00:00+00:00,SRT,Sirocco Tower,1619,1574,2300,6,2,4
Six Flags,2025-02-02 00:00:00+00:00,FCF,Falcons Flight,2418,2356,2500,8,1,7
Six Flags,2025-02-02 00:00:00+00:00,SKW,Skywatch,1608,1517,2100,9,4,5
Aquarabia,2025-02-02 00:00:00+00:00,RFR,Raft Republic,1482,1422,1700,9,2,7
Aquarabia,2025-02-02 00:00:00+00:00,AMB,Amwaj Bay,1120,1024,1600,9,2,7
Aquarabia,2025-02-02 00:00:00+00:00,SPG,Splash Grotto,1570,1533,1900,11,2,9
Aquarabia,2025-02-02 00:00:00+00:00,ZZZ,ZipZapZoom,1223,1143,1400,10,1,9
Aquarabia,2025-02-02 00:00:00+00:00,TLC,The Lazy Camel,764,679,800,8,2,6
Aquarabia,2025-02-02 00:00:00+00:00,SFT,Surftopia,1150,1127,1300,9,1,8
Aquarabia,2025-02-02 00:00:00+00:00,HVP,Hyper Viper,1537,1454,2000,8,2,6
Aquarabia,2025-02-02 00:00:00+00:00,JND,Junoon Drop,848,769,1100,10,1,9
Aquarabia,2025-02-02 00:00:00+00:00,JPJ,Jump Jolt,875,791,1000,10,1,9
Aquarabia,2025-02-03 00:00:00+00:00,SST,Sea Stallion,2061,2015,2200,12,1,11
Six Flags,2025-02-03 00:00:00+00:00,AQT,Aquatopia,1348,1327,1800,8,1,7
Six Flags,2025-02-03 00:00:00+00:00,SPF,Spitfire,1351,1285,1500,9,2,7
Six Flags,2025-02-03 00:00:00+00:00,ARC,Arabian Carousel,647,610,900,8,2,6
Six Flags,2025-02-03 00:00:00+00:00,CYC,Canyon Charters,1074,976,1200,10,5,5
Six Flags,2025-02-03 00:00:00+00:00,ADJ,Adventure Junction,908,860,1000,9,2,7
Six Flags,2025-02-03 00:00:00+00:00,TWE,Twilight Express,1644,1599,2000,8,1,7
Six Flags,2025-02-03 00:00:00+00:00,IRT,Iron Rattler,1755,1717,2400,8,4,4
Six Flags,2025-02-03 00:00:00+00:00,SRT,Sirocco Tower,1536,1489,2300,6,1,5
Six Flags,2025-02-03 00:00:00+00:00,FCF,Falcons Flight,2208,2126,2500,8,1,7
Six Flags,2025-02-03 00:00:00+00:00,SKW,Skywatch,1558,1538,2100,9,5,4
Aquarabia,2025-02-03 00:00:00+00:00,RFR,Raft Republic,1404,1328,1700,9,1,8
Aquarabia,2025-02-03 00:00:00+00:00,AMB,Amwaj Bay,1141,1115,1600,9,2,7
Aquarabia,2025-02-03 00:00:00+00:00,SPG,Splash Grotto,1323,1264,1900,11,1,10
Aquarabia,2025-02-03 00:00:00+00:00,ZZZ,ZipZapZoom,1036,1011,1400,10,2,8
Aquarabia,2025-02-03 00:00:00+00:00,TLC,The Lazy Camel,649,580,800,8,2,6
Aquarabia,2025-02-03 00:00:00+00:00,SFT,Surftopia,876,853,1300,9,2,7
Aquarabia,2025-02-03 00:00:00+00:00,HVP,Hyper Viper,1334,1309,2000,8,1,7
Aquarabia,2025-02-03 00:00:00+00:00,JND,Junoon Drop,871,772,1100,10,2,8
Aquarabia,2025-02-03 00:00:00+00:00,JPJ,Jump Jolt,764,691,1000,10,2,8
Aquarabia,2025-02-04 00:00:00+00:00,SST,Sea Stallion,2067,1986,2200,12,1,11
Six Flags,2025-02-04 00:00:00+00:00,AQT,Aquatopia,1228,1135,1800,8,1,7
Six Flags,2025-02-04 00:00:00+00:00,SPF,Spitfire,1049,998,1500,9,1,8
Six Flags,2025-02-04 00:00:00+00:00,ARC,Arabian Carousel,707,634,900,8,1,7
Six Flags,2025-02-04 00:00:00+00:00,CYC,Canyon Charters,849,815,1200,10,4,6
Six Flags,2025-02-04 00:00:00+00:00,ADJ,Adventure Junction,736,700,1000,9,2,7
Six Flags,2025-02-04 00:00:00+00:00,TWE,Twilight Express,1678,1653,2000,8,2,6
Six Flags,2025-02-04 00:00:00+00:00,IRT,Iron Rattler,2043,2013,2400,8,4,4
Six Flags,2025-02-04 00:00:00+00:00,SRT,Sirocco Tower,2186,2106,2300,6,2,4
Six Flags,2025-02-04 00:00:00+00:00,FCF,Falcons Flight,2371,2324,2500,8,1,7
Six Flags,2025-02-04 00:00:00+00:00,SKW,Skywatch,1802,1774,2100,9,3,6
Aquarabia,2025-02-04 00:00:00+00:00,RFR,Raft Republic,1435,1367,1700,9,2,7
Aquarabia,2025-02-04 00:00:00+00:00,AMB,Amwaj Bay,1313,1241,1600,9,1,8
Aquarabia,2025-02-04 00:00:00+00:00,SPG,Splash Grotto,1543,1462,1900,11,2,9
Aquarabia,2025-02-04 00:00:00+00:00,ZZZ,ZipZapZoom,962,881,1400,10,1,9
Aquarabia,2025-02-04 00:00:00+00:00,TLC,The Lazy Camel,636,542,800,8,1,7
Aquarabia,2025-02-04 00:00:00+00:00,SFT,Surftopia,954,874,1300,9,2,7
Aquarabia,2025-02-04 00:00:00+00:00,HVP,Hyper Viper,1874,1844,2000,8,1,7
Aquarabia,2025-02-04 00:00:00+00:00,JND,Junoon Drop,737,681,1100,10,1,9
Aquarabia,2025-02-04 00:00:00+00:00,JPJ,Jump Jolt,936,847,1000,10,1,9
Aquarabia,2025-02-05 00:00:00+00:00,SST,Sea Stallion,2190,2150,2200,12,1,11
Six Flags,2025-02-05 00:00:00+00:00,AQT,Aquatopia,1683,1636,1800,8,2,6
Six Flags,2025-02-05 00:00:00+00:00,SPF,Spitfire,1258,1174,1500,9,2,7
Six Flags,2025-02-05 00:00:00+00:00,ARC,Arabian Carousel,675,648,900,8,1,7
Six Flags,2025-02-05 00:00:00+00:00,CYC,Canyon Charters,1140,1057,1200,10,4,6
Six Flags,2025-02-05 00:00:00+00:00,ADJ,Adventure Junction,885,827,1000,9,2,7
Six Flags,2025-02-05 00:00:00+00:00,TWE,Twilight Express,1457,1415,2000,8,2,6
Six Flags,2025-02-05 00:00:00+00:00,IRT,Iron Rattler,2150,2115,2400,8,4,4
Six Flags,2025-02-05 00:00:00+00:00,SRT,Sirocco Tower,1703,1620,2300,6,1,5
Six Flags,2025-02-05 00:00:00+00:00,FCF,Falcons Flight,2234,2171,2500,8,2,6
Six Flags,2025-02-05 00:00:00+00:00,SKW,Skywatch,1453,1423,2100,9,5,4
Aquarabia,2025-02-05 00:00:00+00:00,RFR,Raft Republic,1467,1381,1700,9,1,8
Aquarabia,2025-02-05 00:00:00+00:00,AMB,Amwaj Bay,1207,1124,1600,9,1,8
Aquarabia,2025-02-05 00:00:00+00:00,SPG,Splash Grotto,1658,1581,1900,11,2,9
Aquarabia,2025-02-05 00:00:00+00:00,ZZZ,ZipZapZoom,1240,1162,1400,10,1,9
Aquarabia,2025-02-05 00:00:00+00:00,TLC,The Lazy Camel,681,597,800,8,1,7
Aquarabia,2025-02-05 00:00:00+00:00,SFT,Surftopia,982,888,1300,9,2,7
Aquarabia,2025-02-05 00:00:00+00:00,HVP,Hyper Viper,1639,1593,2000,8,1,7
Aquarabia,2025-02-05 00:00:00+00:00,JND,Junoon Drop,816,750,1100,10,2,8
Aquarabia,2025-02-05 00:00:00+00:00,JPJ,Jump Jolt,685,619,1000,10,2,8
Aquarabia,2025-02-06 00:00:00+00:00,SST,Sea Stallion,1646,1587,2200,12,2,10
Six Flags,2025-02-06 00:00:00+00:00,AQT,Aquatopia,1402,1341,1800,8,1,7
Six Flags,2025-02-06 00:00:00+00:00,SPF,Spitfire,1090,1054,1500,9,1,8
Six Flags,2025-02-06 00:00:00+00:00,ARC,Arabian Carousel,671,641,900,8,1,7
Six Flags,2025-02-06 00:00:00+00:00,CYC,Canyon Charters,1018,919,1200,10,4,6
Six Flags,2025-02-06 00:00:00+00:00,ADJ,Adventure Junction,932,896,1000,9,2,7
Six Flags,2025-02-06 00:00:00+00:00,TWE,Twilight Express,1342,1316,2000,8,1,7
Six Flags,2025-02-06 00:00:00+00:00,IRT,Iron Rattler,1869,1845,2400,8,4,4
Six Flags,2025-02-06 00:00:00+00:00,SRT,Sirocco Tower,1616,1563,2300,6,2,4
Six Flags,2025-02-06 00:00:00+00:00,FCF,Falcons Flight,2490,2433,2500,8,1,7
Six Flags,2025-02-06 00:00:00+00:00,SKW,Skywatch,1515,1452,2100,9,4,5
Aquarabia,2025-02-06 00:00:00+00:00,RFR,Raft Republic,1243,1166,1700,9,2,7
Aquarabia,2025-02-06 00:00:00+00:00,AMB,Amwaj Bay,1351,1301,1600,9,2,7
Aquarabia,2025-02-06 00:00:00+00:00,SPG,Splash Grotto,1637,1590,1900,11,2,9
Aquarabia,2025-02-06 00:00:00+00:00,ZZZ,ZipZapZoom,952,926,1400,10,2,8
Aquarabia,2025-02-06 00:00:00+00:00,TLC,The Lazy Camel,743,650,800,8,1,7
Aquarabia,2025-02-06 00:00:00+00:00,SFT,Surftopia,913,862,1300,9,2,7
Aquarabia,2025-02-06 00:00:00+00:00,HVP,Hyper Viper,1731,1677,2000,8,2,6
Aquarabia,2025-02-06 00:00:00+00:00,JND,Junoon Drop,930,895,1100,10,1,9
Aquarabia,2025-02-06 00:00:00+00:00,JPJ,Jump Jolt,776,703,1000,10,1,9
Aquarabia,2025-02-07 00:00:00+00:00,SST,Sea Stallion,2185,2150,2200,12,2,10
Six Flags,2025-02-07 00:00:00+00:00,AQT,Aquatopia,1415,1371,1800,8,2,6
Six Flags,2025-02-07 00:00:00+00:00,SPF,Spitfire,1391,1319,1500,9,2,7
Six Flags,2025-02-07 00:00:00+00:00,ARC,Arabian Carousel,809,745,900,8,1,7
Six Flags,2025-02-07 00:00:00+00:00,CYC,Canyon Charters,1045,965,1200,10,3,7
Six Flags,2025-02-07 00:00:00+00:00,ADJ,Adventure Junction,883,844,1000,9,1,8
Six Flags,2025-02-07 00:00:00+00:00,TWE,Twilight Express,1928,1871,2000,8,2,6
Six Flags,2025-02-07 00:00:00+00:00,IRT,Iron Rattler,2224,2164,2400,8,4,4
Six Flags,2025-02-07 00:00:00+00:00,SRT,Sirocco Tower,2193,2160,2300,6,2,4
Six Flags,2025-02-07 00:00:00+00:00,FCF,Falcons Flight,2044,1976,2500,8,2,6
Six Flags,2025-02-07 00:00:00+00:00,SKW,Skywatch,1337,1293,2100,9,5,4
Aquarabia,2025-02-07 00:00:00+00:00,RFR,Raft Republic,1521,1434,1700,9,2,7
Aquarabia,2025-02-07 00:00:00+00:00,AMB,Amwaj Bay,1351,1319,1600,9,1,8
Aquarabia,2025-02-07 00:00:00+00:00,SPG,Splash Grotto,1608,1545,1900,11,1,10
Aquarabia,2025-02-07 00:00:00+00:00,ZZZ,ZipZapZoom,1193,1143,1400,10,2,8
Aquarabia,2025-02-07 00:00:00+00:00,TLC,The Lazy Camel,563,539,800,8,2,6
Aquarabia,2025-02-07 00:00:00+00:00,SFT,Surftopia,1045,970,1300,9,1,8
Aquarabia,2025-02-07 00:00:00+00:00,HVP,Hyper Viper,1423,1378,2000,8,2,6
Aquarabia,2025-02-07 00:00:00+00:00,JND,Junoon Drop,863,783,1100,10,2,8
Aquarabia,2025-02-07 00:00:00+00:00,JPJ,Jump Jolt,859,831,1000,10,1,9
Aquarabia,2025-02-08 00:00:00+00:00,SST,Sea Stallion,1992,1952,2200,12,1,11
Six Flags,2025-02-08 00:00:00+00:00,AQT,Aquatopia,1570,1528,1800,8,2,6
Six Flags,2025-02-08 00:00:00+00:00,SPF,Spitfire,1034,1002,1500,9,2,7
Six Flags,2025-02-08 00:00:00+00:00,ARC,Arabian Carousel,779,731,900,8,1,7
Six Flags,2025-02-08 00:00:00+00:00,CYC,Canyon Charters,1190,1116,1200,10,5,5
Six Flags,2025-02-08 00:00:00+00:00,ADJ,Adventure Junction,708,668,1000,9,2,7
Six Flags,2025-02-08 00:00:00+00:00,TWE,Twilight Express,1698,1652,2000,8,1,7
Six Flags,2025-02-08 00:00:00+00:00,IRT,Iron Rattler,1841,1804,2400,8,4,4
Six Flags,2025-02-08 00:00:00+00:00,SRT,Sirocco Tower,2012,1954,2300,6,1,5
Six Flags,2025-02-08 00:00:00+00:00,FCF,Falcons Flight,2490,2450,2500,8,1,7
Six Flags,2025-02-08 00:00:00+00:00,SKW,Skywatch,1478,1403,2100,9,4,5
Aquarabia,2025-02-08 00:00:00+00:00,RFR,Raft Republic,1390,1352,1700,9,2,7
Aquarabia,2025-02-08 00:00:00+00:00,AMB,Amwaj Bay,1062,1027,1600,9,1,8
Aquarabia,2025-02-08 00:00:00+00:00,SPG,Splash Grotto,1355,1271,1900,11,1,10
Aquarabia,2025-02-08 00:00:00+00:00,ZZZ,ZipZapZoom,1338,1256,1400,10,2,8
Aquarabia,2025-02-08 00:00:00+00:00,TLC,The Lazy Camel,549,495,800,8,1,7
Aquarabia,2025-02-08 00:00:00+00:00,SFT,Surftopia,1013,975,1300,9,2,7
Aquarabia,2025-02-08 00:00:00+00:00,HVP,Hyper Viper,1406,1386,2000,8,1,7
Aquarabia,2025-02-08 00:00:00+00:00,JND,Junoon Drop,791,761,1100,10,1,9
Aquarabia,2025-02-08 00:00:00+00:00,JPJ,Jump Jolt,761,733,1000,10,1,9
Aquarabia,2025-02-09 00:00:00+00:00,SST,Sea Stallion,2000,1970,2200,12,1,11
Six Flags,2025-02-09 00:00:00+00:00,AQT,Aquatopia,1641,1600,1800,8,2,6
Six Flags,2025-02-09 00:00:00+00:00,SPF,Spitfire,1309,1234,1500,9,2,7
Six Flags,2025-02-09 00:00:00+00:00,ARC,Arabian Carousel,839,747,900,8,2,6
Six Flags,2025-02-09 00:00:00+00:00,CYC,Canyon Charters,884,803,1200,10,5,5
Six Flags,2025-02-09 00:00:00+00:00,ADJ,Adventure Junction,919,863,1000,9,1,8
Six Flags,2025-02-09 00:00:00+00:00,TWE,Twilight Express,1559,1468,2000,8,2,6
Six Flags,2025-02-09 00:00:00+00:00,IRT,Iron Rattler,1749,1652,2400,8,5,3
Six Flags,2025-02-09 00:00:00+00:00,SRT,Sirocco Tower,1611,1526,2300,6,1,5
Six Flags,2025-02-09 00:00:00+00:00,FCF,Falcons Flight,2425,2388,2500,8,1,7
Six Flags,2025-02-09 00:00:00+00:00,SKW,Skywatch,1615,1592,2100,9,3,6
Aquarabia,2025-02-09 00:00:00+00:00,RFR,Raft Republic,1440,1416,1700,9,1,8
Aquarabia,2025-02-09 00:00:00+00:00,AMB,Amwaj Bay,1166,1116,1600,9,2,7
Aquarabia,2025-02-09 00:00:00+00:00,SPG,Splash Grotto,1326,1301,1900,11,2,9
Aquarabia,2025-02-09 00:00:00+00:00,ZZZ,ZipZapZoom,1010,935,1400,10,1,9
Aquarabia,2025-02-09 00:00:00+00:00,TLC,The Lazy Camel,687,622,800,8,2,6
Aquarabia,2025-02-09 00:00:00+00:00,SFT,Surftopia,940,887,1300,9,1,8
Aquarabia,2025-02-09 00:00:00+00:00,HVP,Hyper Viper,1674,1649,2000,8,1,7
Aquarabia,2025-02-09 00:00:00+00:00,JND,Junoon Drop,800,728,1100,10,2,8
Aquarabia,2025-02-09 00:00:00+00:00,JPJ,Jump Jolt,865,807,1000,10,1,9
Aquarabia,2025-02-10 00:00:00+00:00,SST,Sea Stallion,1949,1864,2200,12,2,10
Six Flags,2025-02-10 00:00:00+00:00,AQT,Aquatopia,1285,1234,1800,8,2,6
Six Flags,2025-02-10 00:00:00+00:00,SPF,Spitfire,1102,1024,1500,9,1,8
Six Flags,2025-02-10 00:00:00+00:00,ARC,Arabian Carousel,817,769,900,8,1,7
Six Flags,2025-02-10 00:00:00+00:00,CYC,Canyon Charters,1190,1150,1200,10,5,5
Six Flags,2025-02-10 00:00:00+00:00,ADJ,Adventure Junction,728,662,1000,9,1,8
Six Flags,2025-02-10 00:00:00+00:00,TWE,Twilight Express,1501,1431,2000,8,2,6
Six Flags,2025-02-10 00:00:00+00:00,IRT,Iron Rattler,1909,1834,2400,8,5,3
Six Flags,2025-02-10 00:00:00+00:00,SRT,Sirocco Tower,1988,1958,2300,6,2,4
Six Flags,2025-02-10 00:00:00+00:00,FCF,Falcons Flight,2490,2450,2500,8,1,7
Six Flags,2025-02-10 00:00:00+00:00,SKW,Skywatch,1694,1669,2100,9,3,6
Aquarabia,2025-02-10 00:00:00+00:00,RFR,Raft Republic,1465,1437,1700,9,1,8
Aquarabia,2025-02-10 00:00:00+00:00,AMB,Amwaj Bay,1022,971,1600,9,1,8
Aquarabia,2025-02-10 00:00:00+00:00,SPG,Splash Grotto,1549,1467,1900,11,2,9
Aquarabia,2025-02-10 00:00:00+00:00,ZZZ,ZipZapZoom,1215,1143,1400,10,1,9
Aquarabia,2025-02-10 00:00:00+00:00,TLC,The Lazy Camel,641,569,800,8,1,7
Aquarabia,2025-02-10 00:00:00+00:00,SFT,Surftopia,1193,1141,1300,9,2,7
Aquarabia,2025-02-10 00:00:00+00:00,HVP,Hyper Viper,1758,1694,2000,8,1,7
Aquarabia,2025-02-10 00:00:00+00:00,JND,Junoon Drop,883,831,1100,10,2,8
Aquarabia,2025-02-10 00:00:00+00:00,JPJ,Jump Jolt,774,727,1000,10,2,8
Aquarabia,2025-02-11 00:00:00+00:00,SST,Sea Stallion,2190,2150,2200,12,2,10
Six Flags,2025-02-11 00:00:00+00:00,AQT,Aquatopia,1325,1285,1800,8,1,7
Six Flags,2025-02-11 00:00:00+00:00,SPF,Spitfire,1306,1274,1500,9,2,7
Six Flags,2025-02-11 00:00:00+00:00,ARC,Arabian Carousel,785,699,900,8,1,7
Six Flags,2025-02-11 00:00:00+00:00,CYC,Canyon Charters,886,866,1200,10,4,6
Six Flags,2025-02-11 00:00:00+00:00,ADJ,Adventure Junction,904,814,1000,9,1,8
Six Flags,2025-02-11 00:00:00+00:00,TWE,Twilight Express,1643,1607,2000,8,1,7
Six Flags,2025-02-11 00:00:00+00:00,IRT,Iron Rattler,2328,2229,2400,8,3,5
Six Flags,2025-02-11 00:00:00+00:00,SRT,Sirocco Tower,2089,2005,2300,6,2,4
Six Flags,2025-02-11 00:00:00+00:00,FCF,Falcons Flight,2260,2165,2500,8,1,7
Six Flags,2025-02-11 00:00:00+00:00,SKW,Skywatch,1705,1620,2100,9,4,5
Aquarabia,2025-02-11 00:00:00+00:00,RFR,Raft Republic,1430,1338,1700,9,2,7
Aquarabia,2025-02-11 00:00:00+00:00,AMB,Amwaj Bay,1083,1003,1600,9,2,7
Aquarabia,2025-02-11 00:00:00+00:00,SPG,Splash Grotto,1305,1248,1900,11,2,9
Aquarabia,2025-02-11 00:00:00+00:00,ZZZ,ZipZapZoom,1046,952,1400,10,1,9
Aquarabia,2025-02-11 00:00:00+00:00,TLC,The Lazy Camel,626,593,800,8,2,6
Aquarabia,2025-02-11 00:00:00+00:00,SFT,Surftopia,1123,1032,1300,9,2,7
Aquarabia,2025-02-11 00:00:00+00:00,HVP,Hyper Viper,1432,1399,2000,8,2,6
Aquarabia,2025-02-11 00:00:00+00:00,JND,Junoon Drop,746,702,1100,10,2,8
Aquarabia,2025-02-11 00:00:00+00:00,JPJ,Jump Jolt,704,655,1000,10,2,8
Aquarabia,2025-02-12 00:00:00+00:00,SST,Sea Stallion,2141,2094,2200,12,2,10
Six Flags,2025-02-12 00:00:00+00:00,AQT,Aquatopia,1458,1381,1800,8,2,6
Six Flags,2025-02-12 00:00:00+00:00,SPF,Spitfire,1232,1148,1500,9,2,7
Six Flags,2025-02-12 00:00:00+00:00,ARC,Arabian Carousel,696,609,900,8,1,7
Six Flags,2025-02-12 00:00:00+00:00,CYC,Canyon Charters,849,785,1200,10,3,7
Six Flags,2025-02-12 00:00:00+00:00,ADJ,Adventure Junction,712,685,1000,9,2,7
Six Flags,2025-02-12 00:00:00+00:00,TWE,Twilight Express,1745,1652,2000,8,1,7
Six Flags,2025-02-12 00:00:00+00:00,IRT,Iron Rattler,1710,1659,2400,8,4,4
Six Flags,2025-02-12 00:00:00+00:00,SRT,Sirocco Tower,1843,1751,2300,6,2,4
Six Flags,2025-02-12 00:00:00+00:00,FCF,Falcons Flight,2237,2155,2500,8,1,7
Six Flags,2025-02-12 00:00:00+00:00,SKW,Skywatch,1743,1660,2100,9,5,4
Aquarabia,2025-02-12 00:00:00+00:00,RFR,Raft Republic,1233,1182,1700,9,1,8
Aquarabia,2025-02-12 00:00:00+00:00,AMB,Amwaj Bay,1276,1182,1600,9,1,8
Aquarabia,2025-02-12 00:00:00+00:00,SPG,Splash Grotto,1653,1557,1900,11,1,10
Aquarabia,2025-02-12 00:00:00+00:00,ZZZ,ZipZapZoom,1065,1033,1400,10,2,8
Aquarabia,2025-02-12 00:00:00+00:00,TLC,The Lazy Camel,597,519,800,8,1,7
Aquarabia,2025-02-12 00:00:00+00:00,SFT,Surftopia,985,936,1300,9,2,7
Aquarabia,2025-02-12 00:00:00+00:00,HVP,Hyper Viper,1681,1598,2000,8,2,6
Aquarabia,2025-02-12 00:00:00+00:00,JND,Junoon Drop,705,681,1100,10,1,9
Aquarabia,2025-02-12 00:00:00+00:00,JPJ,Jump Jolt,937,912,1000,10,2,8
Aquarabia,2025-02-13 00:00:00+00:00,SST,Sea Stallion,1823,1784,2200,12,1,11
Six Flags,2025-02-13 00:00:00+00:00,AQT,Aquatopia,1427,1399,1800,8,1,7
Six Flags,2025-02-13 00:00:00+00:00,SPF,Spitfire,1403,1371,1500,9,2,7
Six Flags,2025-02-13 00:00:00+00:00,ARC,Arabian Carousel,686,635,900,8,2,6
Six Flags,2025-02-13 00:00:00+00:00,CYC,Canyon Charters,891,859,1200,10,5,5
Six Flags,2025-02-13 00:00:00+00:00,ADJ,Adventure Junction,652,628,1000,9,1,8
Six Flags,2025-02-13 00:00:00+00:00,TWE,Twilight Express,1809,1769,2000,8,1,7
Six Flags,2025-02-13 00:00:00+00:00,IRT,Iron Rattler,1701,1630,2400,8,3,5
Six Flags,2025-02-13 00:00:00+00:00,SRT,Sirocco Tower,1924,1854,2300,6,1,5
Six Flags,2025-02-13 00:00:00+00:00,FCF,Falcons Flight,2490,2450,2500,8,1,7
Six Flags,2025-02-13 00:00:00+00:00,SKW,Skywatch,1682,1589,2100,9,4,5
Aquarabia,2025-02-13 00:00:00+00:00,RFR,Raft Republic,1310,1230,1700,9,1,8
Aquarabia,2025-02-13 00:00:00+00:00,AMB,Amwaj Bay,1423,1371,1600,9,1,8
Aquarabia,2025-02-13 00:00:00+00:00,SPG,Splash Grotto,1201,1154,1900,11,1,10
Aquarabia,2025-02-13 00:00:00+00:00,ZZZ,ZipZapZoom,1096,1036,1400,10,2,8
Aquarabia,2025-02-13 00:00:00+00:00,TLC,The Lazy Camel,599,549,800,8,1,7
Aquarabia,2025-02-13 00:00:00+00:00,SFT,Surftopia,1026,943,1300,9,2,7
Aquarabia,2025-02-13 00:00:00+00:00,HVP,Hyper Viper,1330,1239,2000,8,2,6
Aquarabia,2025-02-13 00:00:00+00:00,JND,Junoon Drop,841,785,1100,10,2,8
Aquarabia,2025-02-13 00:00:00+00:00,JPJ,Jump Jolt,898,878,1000,10,1,9
Aquarabia,2025-02-14 00:00:00+00:00,SST,Sea Stallion,2190,2150,2200,12,2,10
Six Flags,2025-02-14 00:00:00+00:00,AQT,Aquatopia,1720,1633,1800,8,1,7
Six Flags,2025-02-14 00:00:00+00:00,SPF,Spitfire,1091,1052,1500,9,1,8
Six Flags,2025-02-14 00:00:00+00:00,ARC,Arabian Carousel,653,613,900,8,1,7
Six Flags,2025-02-14 00:00:00+00:00,CYC,Canyon Charters,987,897,1200,10,5,5
Six Flags,2025-02-14 00:00:00+00:00,ADJ,Adventure Junction,729,690,1000,9,2,7
Six Flags,2025-02-14 00:00:00+00:00,TWE,Twilight Express,1836,1776,2000,8,1,7
Six Flags,2025-02-14 00:00:00+00:00,IRT,Iron Rattler,2082,2061,2400,8,5,3
Six Flags,2025-02-14 00:00:00+00:00,SRT,Sirocco Tower,1653,1568,2300,6,2,4
Six Flags,2025-02-14 00:00:00+00:00,FCF,Falcons Flight,2476,2450,2500,8,1,7
Six Flags,2025-02-14 00:00:00+00:00,SKW,Skywatch,1891,1850,2100,9,5,4
Aquarabia,2025-02-14 00:00:00+00:00,RFR,Raft Republic,1261,1228,1700,9,1,8
Aquarabia,2025-02-14 00:00:00+00:00,AMB,Amwaj Bay,1263,1224,1600,9,2,7
Aquarabia,2025-02-14 00:00:00+00:00,SPG,Splash Grotto,1460,1372,1900,11,2,9
Aquarabia,2025-02-14 00:00:00+00:00,ZZZ,ZipZapZoom,1139,1054,1400,10,1,9
Aquarabia,2025-02-14 00:00:00+00:00,TLC,The Lazy Camel,658,617,800,8,1,7
Aquarabia,2025-02-14 00:00:00+00:00,SFT,Surftopia,1047,952,1300,9,1,8
Aquarabia,2025-02-14 00:00:00+00:00,HVP,Hyper Viper,1380,1290,2000,8,1,7
Aquarabia,2025-02-14 00:00:00+00:00,JND,Junoon Drop,911,840,1100,10,2,8
Aquarabia,2025-02-14 00:00:00+00:00,JPJ,Jump Jolt,903,882,1000,10,1,9
Aquarabia,2025-02-15 00:00:00+00:00,SST,Sea Stallion,1693,1670,2200,12,1,11
Six Flags,2025-02-15 00:00:00+00:00,AQT,Aquatopia,1701,1615,1800,8,1,7
Six Flags,2025-02-15 00:00:00+00:00,SPF,Spitfire,1381,1346,1500,9,1,8
Six Flags,2025-02-15 00:00:00+00:00,ARC,Arabian Carousel,803,706,900,8,2,6
Six Flags,2025-02-15 00:00:00+00:00,CYC,Canyon Charters,928,903,1200,10,5,5
Six Flags,2025-02-15 00:00:00+00:00,ADJ,Adventure Junction,967,902,1000,9,1,8
Six Flags,2025-02-15 00:00:00+00:00,TWE,Twilight Express,1541,1442,2000,8,2,6
Six Flags,2025-02-15 00:00:00+00:00,IRT,Iron Rattler,2055,1975,2400,8,4,4
Six Flags,2025-02-15 00:00:00+00:00,SRT,Sirocco Tower,2001,1938,2300,6,2,4
Six Flags,2025-02-15 00:00:00+00:00,FCF,Falcons Flight,2394,2342,2500,8,2,6
Six Flags,2025-02-15 00:00:00+00:00,SKW,Skywatch,1619,1556,2100,9,3,6
Aquarabia,2025-02-15 00:00:00+00:00,RFR,Raft Republic,1542,1446,1700,9,2,7
Aquarabia,2025-02-15 00:00:00+00:00,AMB,Amwaj Bay,1061,985,1600,9,2,7
Aquarabia,2025-02-15 00:00:00+00:00,SPG,Splash Grotto,1468,1403,1900,11,1,10
Aquarabia,2025-02-15 00:00:00+00:00,ZZZ,ZipZapZoom,1005,963,1400,10,1,9
Aquarabia,2025-02-15 00:00:00+00:00,TLC,The Lazy Camel,725,634,800,8,2,6
Aquarabia,2025-02-15 00:00:00+00:00,SFT,Surftopia,953,927,1300,9,2,7
Aquarabia,2025-02-15 00:00:00+00:00,HVP,Hyper Viper,1582,1503,2000,8,1,7
Aquarabia,2025-02-15 00:00:00+00:00,JND,Junoon Drop,1000,923,1100,10,1,9
Aquarabia,2025-02-15 00:00:00+00:00,JPJ,Jump Jolt,787,735,1000,10,1,9
Aquarabia,2025-02-16 00:00:00+00:00,SST,Sea Stallion,2177,2135,2200,12,1,11
Six Flags,2025-02-16 00:00:00+00:00,AQT,Aquatopia,1317,1262,1800,8,1,7
Six Flags,2025-02-16 00:00:00+00:00,SPF,Spitfire,1244,1223,1500,9,2,7
Six Flags,2025-02-16 00:00:00+00:00,ARC,Arabian Carousel,703,651,900,8,1,7
Six Flags,2025-02-16 00:00:00+00:00,CYC,Canyon Charters,877,831,1200,10,5,5
Six Flags,2025-02-16 00:00:00+00:00,ADJ,Adventure Junction,851,759,1000,9,2,7
Six Flags,2025-02-16 00:00:00+00:00,TWE,Twilight Express,1886,1818,2000,8,2,6
Six Flags,2025-02-16 00:00:00+00:00,IRT,Iron Rattler,2088,2066,2400,8,3,5
Six Flags,2025-02-16 00:00:00+00:00,SRT,Sirocco Tower,1989,1952,2300,6,1,5
Six Flags,2025-02-16 00:00:00+00:00,FCF,Falcons Flight,2233,2166,2500,8,1,7
Six Flags,2025-02-16 00:00:00+00:00,SKW,Skywatch,1557,1536,2100,9,4,5
Aquarabia,2025-02-16 00:00:00+00:00,RFR,Raft Republic,1403,1334,1700,9,2,7
Aquarabia,2025-02-16 00:00:00+00:00,AMB,Amwaj Bay,1517,1479,1600,9,1,8
Aquarabia,2025-02-16 00:00:00+00:00,SPG,Splash Grotto,1627,1535,1900,11,2,9
Aquarabia,2025-02-16 00:00:00+00:00,ZZZ,ZipZapZoom,1009,914,1400,10,1,9
Aquarabia,2025-02-16 00:00:00+00:00,TLC,The Lazy Camel,694,623,800,8,2,6
Aquarabia,2025-02-16 00:00:00+00:00,SFT,Surftopia,1004,918,1300,9,1,8
Aquarabia,2025-02-16 00:00:00+00:00,HVP,Hyper Viper,1368,1309,2000,8,2,6
Aquarabia,2025-02-16 00:00:00+00:00,JND,Junoon Drop,972,898,1100,10,1,9
Aquarabia,2025-02-16 00:00:00+00:00,JPJ,Jump Jolt,704,668,1000,10,1,9
Aquarabia,2025-02-17 00:00:00+00:00,SST,Sea Stallion,2190,2150,2200,12,2,10
Six Flags,2025-02-17 00:00:00+00:00,AQT,Aquatopia,1765,1669,1800,8,2,6
Six Flags,2025-02-17 00:00:00+00:00,SPF,Spitfire,1411,1384,1500,9,2,7
Six Flags,2025-02-17 00:00:00+00:00,ARC,Arabian Carousel,687,618,900,8,2,6
Six Flags,2025-02-17 00:00:00+00:00,CYC,Canyon Charters,901,856,1200,10,4,6
Six Flags,2025-02-17 00:00:00+00:00,ADJ,Adventure Junction,776,741,1000,9,2,7
Six Flags,2025-02-17 00:00:00+00:00,TWE,Twilight Express,1612,1533,2000,8,2,6
Six Flags,2025-02-17 00:00:00+00:00,IRT,Iron Rattler,1851,1792,2400,8,5,3
Six Flags,2025-02-17 00:00:00+00:00,SRT,Sirocco Tower,1859,1811,2300,6,1,5
Six Flags,2025-02-17 00:00:00+00:00,FCF,Falcons Flight,2490,2450,2500,8,1,7
Six Flags,2025-02-17 00:00:00+00:00,SKW,Skywatch,1651,1566,2100,9,5,4
Aquarabia,2025-02-17 00:00:00+00:00,RFR,Raft Republic,1185,1107,1700,9,2,7
Aquarabia,2025-02-17 00:00:00+00:00,AMB,Amwaj Bay,1112,1060,1600,9,1,8
Aquarabia,2025-02-17 00:00:00+00:00,SPG,Splash Grotto,1508,1467,1900,11,2,9
Aquarabia,2025-02-17 00:00:00+00:00,ZZZ,ZipZapZoom,1071,995,1400,10,2,8
Aquarabia,2025-02-17 00:00:00+00:00,TLC,The Lazy Camel,730,655,800,8,1,7
Aquarabia,2025-02-17 00:00:00+00:00,SFT,Surftopia,1074,976,1300,9,2,7
Aquarabia,2025-02-17 00:00:00+00:00,HVP,Hyper Viper,1444,1406,2000,8,1,7
Aquarabia,2025-02-17 00:00:00+00:00,JND,Junoon Drop,938,901,1100,10,1,9
Aquarabia,2025-02-17 00:00:00+00:00,JPJ,Jump Jolt,945,885,1000,10,2,8
Aquarabia,2025-02-18 00:00:00+00:00,SST,Sea Stallion,1945,1874,2200,12,2,10
Six Flags,2025-02-18 00:00:00+00:00,AQT,Aquatopia,1668,1574,1800,8,1,7
Six Flags,2025-02-18 00:00:00+00:00,SPF,Spitfire,1332,1242,1500,9,2,7
Six Flags,2025-02-18 00:00:00+00:00,ARC,Arabian Carousel,830,755,900,8,1,7
Six Flags,2025-02-18 00:00:00+00:00,CYC,Canyon Charters,889,802,1200,10,4,6
Six Flags,2025-02-18 00:00:00+00:00,ADJ,Adventure Junction,802,732,1000,9,2,7
Six Flags,2025-02-18 00:00:00+00:00,TWE,Twilight Express,1482,1422,2000,8,2,6
Six Flags,2025-02-18 00:00:00+00:00,IRT,Iron Rattler,2091,2012,2400,8,3,5
Six Flags,2025-02-18 00:00:00+00:00,SRT,Sirocco Tower,1717,1686,2300,6,2,4
Six Flags,2025-02-18 00:00:00+00:00,FCF,Falcons Flight,2490,2450,2500,8,2,6
Six Flags,2025-02-18 00:00:00+00:00,SKW,Skywatch,1439,1390,2100,9,4,5
Aquarabia,2025-02-18 00:00:00+00:00,RFR,Raft Republic,1395,1320,1700,9,1,8
Aquarabia,2025-02-18 00:00:00+00:00,AMB,Amwaj Bay,1130,1110,1600,9,1,8
Aquarabia,2025-02-18 00:00:00+00:00,SPG,Splash Grotto,1187,1148,1900,11,1,10
Aquarabia,2025-02-18 00:00:00+00:00,ZZZ,ZipZapZoom,1294,1201,1400,10,2,8
Aquarabia,2025-02-18 00:00:00+00:00,TLC,The Lazy Camel,583,502,800,8,2,6
Aquarabia,2025-02-18 00:00:00+00:00,SFT,Surftopia,1012,963,1300,9,2,7
Aquarabia,2025-02-18 00:00:00+00:00,HVP,Hyper Viper,1388,1352,2000,8,2,6
Aquarabia,2025-02-18 00:00:00+00:00,JND,Junoon Drop,775,747,1100,10,2,8
Aquarabia,2025-02-18 00:00:00+00:00,JPJ,Jump Jolt,830,759,1000,10,2,8
Aquarabia,2025-02-19 00:00:00+00:00,SST,Sea Stallion,1945,1890,2200,12,2,10
Six Flags,2025-02-19 00:00:00+00:00,AQT,Aquatopia,1326,1275,1800,8,1,7
Six Flags,2025-02-19 00:00:00+00:00,SPF,Spitfire,1309,1223,1500,9,2,7
Six Flags,2025-02-19 00:00:00+00:00,ARC,Arabian Carousel,836,750,900,8,2,6
Six Flags,2025-02-19 00:00:00+00:00,CYC,Canyon Charters,913,838,1200,10,4,6
Six Flags,2025-02-19 00:00:00+00:00,ADJ,Adventure Junction,814,722,1000,9,1,8
Six Flags,2025-02-19 00:00:00+00:00,TWE,Twilight Express,1479,1407,2000,8,2,6
Six Flags,2025-02-19 00:00:00+00:00,IRT,Iron Rattler,1979,1905,2400,8,3,5
Six Flags,2025-02-19 00:00:00+00:00,SRT,Sirocco Tower,1731,1660,2300,6,1,5
Six Flags,2025-02-19 00:00:00+00:00,FCF,Falcons Flight,2259,2163,2500,8,1,7
Six Flags,2025-02-19 00:00:00+00:00,SKW,Skywatch,2002,1924,2100,9,3,6
Aquarabia,2025-02-19 00:00:00+00:00,RFR,Raft Republic,1525,1436,1700,9,2,7
Aquarabia,2025-02-19 00:00:00+00:00,AMB,Amwaj Bay,1280,1189,1600,9,1,8
Aquarabia,2025-02-19 00:00:00+00:00,SPG,Splash Grotto,1567,1471,1900,11,1,10
Aquarabia,2025-02-19 00:00:00+00:00,ZZZ,ZipZapZoom,1091,1056,1400,10,1,9
Aquarabia,2025-02-19 00:00:00+00:00,TLC,The Lazy Camel,584,540,800,8,1,7
Aquarabia,2025-02-19 00:00:00+00:00,SFT,Surftopia,872,800,1300,9,1,8
Aquarabia,2025-02-19 00:00:00+00:00,HVP,Hyper Viper,1819,1751,2000,8,1,7
Aquarabia,2025-02-19 00:00:00+00:00,JND,Junoon Drop,964,923,1100,10,1,9
Aquarabia,2025-02-19 00:00:00+00:00,JPJ,Jump Jolt,660,628,1000,10,1,9
Aquarabia,2025-02-20 00:00:00+00:00,SST,Sea Stallion,1812,1727,2200,12,2,10
Six Flags,2025-02-20 00:00:00+00:00,AQT,Aquatopia,1278,1235,1800,8,2,6
Six Flags,2025-02-20 00:00:00+00:00,SPF,Spitfire,1051,955,1500,9,2,7
Six Flags,2025-02-20 00:00:00+00:00,ARC,Arabian Carousel,797,766,900,8,1,7
Six Flags,2025-02-20 00:00:00+00:00,CYC,Canyon Charters,960,926,1200,10,3,7
Six Flags,2025-02-20 00:00:00+00:00,ADJ,Adventure Junction,877,847,1000,9,2,7
Six Flags,2025-02-20 00:00:00+00:00,TWE,Twilight Express,1699,1612,2000,8,1,7
Six Flags,2025-02-20 00:00:00+00:00,IRT,Iron Rattler,1885,1804,2400,8,4,4
Six Flags,2025-02-20 00:00:00+00:00,SRT,Sirocco Tower,1991,1929,2300,6,1,5
Six Flags,2025-02-20 00:00:00+00:00,FCF,Falcons Flight,2405,2348,2500,8,2,6
Six Flags,2025-02-20 00:00:00+00:00,SKW,Skywatch,2023,1933,2100,9,4,5
Aquarabia,2025-02-20 00:00:00+00:00,RFR,Raft Republic,1347,1326,1700,9,2,7
Aquarabia,2025-02-20 00:00:00+00:00,AMB,Amwaj Bay,1238,1183,1600,9,1,8
Aquarabia,2025-02-20 00:00:00+00:00,SPG,Splash Grotto,1339,1290,1900,11,1,10
Aquarabia,2025-02-20 00:00:00+00:00,ZZZ,ZipZapZoom,1142,1066,1400,10,2,8
Aquarabia,2025-02-20 00:00:00+00:00,TLC,The Lazy Camel,612,557,800,8,1,7
Aquarabia,2025-02-20 00:00:00+00:00,SFT,Surftopia,1163,1095,1300,9,1,8
Aquarabia,2025-02-20 00:00:00+00:00,HVP,Hyper Viper,1499,1425,2000,8,2,6
Aquarabia,2025-02-20 00:00:00+00:00,JND,Junoon Drop,1033,982,1100,10,2,8
Aquarabia,2025-02-20 00:00:00+00:00,JPJ,Jump Jolt,852,785,1000,10,2,8
Aquarabia,2025-02-21 00:00:00+00:00,SST,Sea Stallion,2000,1907,2200,12,1,11
Six Flags,2025-02-21 00:00:00+00:00,AQT,Aquatopia,1610,1560,1800,8,2,6
Six Flags,2025-02-21 00:00:00+00:00,SPF,Spitfire,1292,1263,1500,9,1,8
Six Flags,2025-02-21 00:00:00+00:00,ARC,Arabian Carousel,744,648,900,8,2,6
Six Flags,2025-02-21 00:00:00+00:00,CYC,Canyon Charters,851,809,1200,10,3,7
Six Flags,2025-02-21 00:00:00+00:00,ADJ,Adventure Junction,965,908,1000,9,2,7
Six Flags,2025-02-21 00:00:00+00:00,TWE,Twilight Express,1650,1587,2000,8,2,6
Six Flags,2025-02-21 00:00:00+00:00,IRT,Iron Rattler,2205,2144,2400,8,4,4
Six Flags,2025-02-21 00:00:00+00:00,SRT,Sirocco Tower,1808,1766,2300,6,2,4
Six Flags,2025-02-21 00:00:00+00:00,FCF,Falcons Flight,2149,2051,2500,8,1,7
Six Flags,2025-02-21 00:00:00+00:00,SKW,Skywatch,1581,1518,2100,9,5,4
Aquarabia,2025-02-21 00:00:00+00:00,RFR,Raft Republic,1042,993,1700,9,1,8
Aquarabia,2025-02-21 00:00:00+00:00,AMB,Amwaj Bay,1100,1075,1600,9,1,8
Aquarabia,2025-02-21 00:00:00+00:00,SPG,Splash Grotto,1558,1502,1900,11,1,10
Aquarabia,2025-02-21 00:00:00+00:00,ZZZ,ZipZapZoom,1191,1111,1400,10,1,9
Aquarabia,2025-02-21 00:00:00+00:00,TLC,The Lazy Camel,613,577,800,8,2,6
Aquarabia,2025-02-21 00:00:00+00:00,SFT,Surftopia,1026,996,1300,9,2,7
Aquarabia,2025-02-21 00:00:00+00:00,HVP,Hyper Viper,1351,1326,2000,8,2,6
Aquarabia,2025-02-21 00:00:00+00:00,JND,Junoon Drop,1029,942,1100,10,2,8
Aquarabia,2025-02-21 00:00:00+00:00,JPJ,Jump Jolt,835,797,1000,10,2,8
Aquarabia,2025-02-22 00:00:00+00:00,SST,Sea Stallion,1911,1858,2200,12,1,11
Six Flags,2025-02-22 00:00:00+00:00,AQT,Aquatopia,1577,1484,1800,8,2,6
Six Flags,2025-02-22 00:00:00+00:00,SPF,Spitfire,1319,1265,1500,9,1,8
Six Flags,2025-02-22 00:00:00+00:00,ARC,Arabian Carousel,777,698,900,8,1,7
Six Flags,2025-02-22 00:00:00+00:00,CYC,Canyon Charters,962,915,1200,10,3,7
Six Flags,2025-02-22 00:00:00+00:00,ADJ,Adventure Junction,902,870,1000,9,2,7
Six Flags,2025-02-22 00:00:00+00:00,TWE,Twilight Express,1768,1684,2000,8,1,7
Six Flags,2025-02-22 00:00:00+00:00,IRT,Iron Rattler,1698,1603,2400,8,4,4
Six Flags,2025-02-22 00:00:00+00:00,SRT,Sirocco Tower,1692,1654,2300,6,2,4
Six Flags,2025-02-22 00:00:00+00:00,FCF,Falcons Flight,2490,2450,2500,8,1,7
Six Flags,2025-02-22 00:00:00+00:00,SKW,Skywatch,1539,1500,2100,9,3,6
Aquarabia,2025-02-22 00:00:00+00:00,RFR,Raft Republic,1282,1241,1700,9,1,8
Aquarabia,2025-02-22 00:00:00+00:00,AMB,Amwaj Bay,1148,1094,1600,9,1,8
Aquarabia,2025-02-22 00:00:00+00:00,SPG,Splash Grotto,1415,1378,1900,11,1,10
Aquarabia,2025-02-22 00:00:00+00:00,ZZZ,ZipZapZoom,1134,1040,1400,10,2,8
Aquarabia,2025-02-22 00:00:00+00:00,TLC,The Lazy Camel,763,665,800,8,1,7
Aquarabia,2025-02-22 00:00:00+00:00,SFT,Surftopia,1174,1136,1300,9,2,7
Aquarabia,2025-02-22 00:00:00+00:00,HVP,Hyper Viper,1376,1350,2000,8,1,7
Aquarabia,2025-02-22 00:00:00+00:00,JND,Junoon Drop,653,630,1100,10,2,8
Aquarabia,2025-02-22 00:00:00+00:00,JPJ,Jump Jolt,749,673,1000,10,2,8
Aquarabia,2025-02-23 00:00:00+00:00,SST,Sea Stallion,2127,2093,2200,12,1,11
Six Flags,2025-02-23 00:00:00+00:00,AQT,Aquatopia,1195,1109,1800,8,2,6
Six Flags,2025-02-23 00:00:00+00:00,SPF,Spitfire,1415,1327,1500,9,2,7
Six Flags,2025-02-23 00:00:00+00:00,ARC,Arabian Carousel,776,718,900,8,1,7
Six Flags,2025-02-23 00:00:00+00:00,CYC,Canyon Charters,879,792,1200,10,4,6
Six Flags,2025-02-23 00:00:00+00:00,ADJ,Adventure Junction,871,834,1000,9,2,7
Six Flags,2025-02-23 00:00:00+00:00,TWE,Twilight Express,1668,1601,2000,8,2,6
Six Flags,2025-02-23 00:00:00+00:00,IRT,Iron Rattler,2124,2043,2400,8,5,3
Six Flags,2025-02-23 00:00:00+00:00,SRT,Sirocco Tower,1892,1837,2300,6,2,4
Six Flags,2025-02-23 00:00:00+00:00,FCF,Falcons Flight,2195,2163,2500,8,1,7
Six Flags,2025-02-23 00:00:00+00:00,SKW,Skywatch,1635,1605,2100,9,4,5
Aquarabia,2025-02-23 00:00:00+00:00,RFR,Raft Republic,1468,1424,1700,9,1,8
Aquarabia,2025-02-23 00:00:00+00:00,AMB,Amwaj Bay,1378,1328,1600,9,2,7
Aquarabia,2025-02-23 00:00:00+00:00,SPG,Splash Grotto,1154,1101,1900,11,1,10
Aquarabia,2025-02-23 00:00:00+00:00,ZZZ,ZipZapZoom,948,880,1400,10,2,8
Aquarabia,2025-02-23 00:00:00+00:00,TLC,The Lazy Camel,676,618,800,8,1,7
Aquarabia,2025-02-23 00:00:00+00:00,SFT,Surftopia,853,758,1300,9,1,8
Aquarabia,2025-02-23 00:00:00+00:00,HVP,Hyper Viper,1461,1412,2000,8,2,6
Aquarabia,2025-02-23 00:00:00+00:00,JND,Junoon Drop,865,786,1100,10,1,9
Aquarabia,2025-02-23 00:00:00+00:00,JPJ,Jump Jolt,883,810,1000,10,2,8
Aquarabia,2025-02-24 00:00:00+00:00,SST,Sea Stallion,2190,2150,2200,12,1,11
Six Flags,2025-02-24 00:00:00+00:00,AQT,Aquatopia,1361,1301,1800,8,2,6
Six Flags,2025-02-24 00:00:00+00:00,SPF,Spitfire,1348,1251,1500,9,1,8
Six Flags,2025-02-24 00:00:00+00:00,ARC,Arabian Carousel,763,681,900,8,1,7
Six Flags,2025-02-24 00:00:00+00:00,CYC,Canyon Charters,1090,1055,1200,10,5,5
Six Flags,2025-02-24 00:00:00+00:00,ADJ,Adventure Junction,952,885,1000,9,1,8
Six Flags,2025-02-24 00:00:00+00:00,TWE,Twilight Express,1823,1733,2000,8,1,7
Six Flags,2025-02-24 00:00:00+00:00,IRT,Iron Rattler,2112,2085,2400,8,3,5
Six Flags,2025-02-24 00:00:00+00:00,SRT,Sirocco Tower,1888,1797,2300,6,1,5
Six Flags,2025-02-24 00:00:00+00:00,FCF,Falcons Flight,2338,2318,2500,8,1,7
Six Flags,2025-02-24 00:00:00+00:00,SKW,Skywatch,1990,1923,2100,9,3,6
Aquarabia,2025-02-24 00:00:00+00:00,RFR,Raft Republic,1178,1086,1700,9,2,7
Aquarabia,2025-02-24 00:00:00+00:00,AMB,Amwaj Bay,1151,1116,1600,9,1,8
Aquarabia,2025-02-24 00:00:00+00:00,SPG,Splash Grotto,1513,1459,1900,11,2,9
Aquarabia,2025-02-24 00:00:00+00:00,ZZZ,ZipZapZoom,1126,1097,1400,10,2,8
Aquarabia,2025-02-24 00:00:00+00:00,TLC,The Lazy Camel,666,575,800,8,1,7
Aquarabia,2025-02-24 00:00:00+00:00,SFT,Surftopia,1082,1018,1300,9,1,8
Aquarabia,2025-02-24 00:00:00+00:00,HVP,Hyper Viper,1644,1606,2000,8,2,6
Aquarabia,2025-02-24 00:00:00+00:00,JND,Junoon Drop,996,921,1100,10,1,9
Aquarabia,2025-02-24 00:00:00+00:00,JPJ,Jump Jolt,812,748,1000,10,1,9
Aquarabia,2025-02-25 00:00:00+00:00,SST,Sea Stallion,1818,1758,2200,12,2,10
Six Flags,2025-02-25 00:00:00+00:00,AQT,Aquatopia,1416,1378,1800,8,2,6
Six Flags,2025-02-25 00:00:00+00:00,SPF,Spitfire,1426,1391,1500,9,2,7
Six Flags,2025-02-25 00:00:00+00:00,ARC,Arabian Carousel,662,641,900,8,2,6
Six Flags,2025-02-25 00:00:00+00:00,CYC,Canyon Charters,1188,1100,1200,10,5,5
Six Flags,2025-02-25 00:00:00+00:00,ADJ,Adventure Junction,744,668,1000,9,1,8
Six Flags,2025-02-25 00:00:00+00:00,TWE,Twilight Express,1729,1678,2000,8,2,6
Six Flags,2025-02-25 00:00:00+00:00,IRT,Iron Rattler,1874,1842,2400,8,4,4
Six Flags,2025-02-25 00:00:00+00:00,SRT,Sirocco Tower,1963,1910,2300,6,1,5
Six Flags,2025-02-25 00:00:00+00:00,FCF,Falcons Flight,2409,2370,2500,8,1,7
Six Flags,2025-02-25 00:00:00+00:00,SKW,Skywatch,1641,1591,2100,9,5,4
Aquarabia,2025-02-25 00:00:00+00:00,RFR,Raft Republic,1188,1138,1700,9,1,8
Aquarabia,2025-02-25 00:00:00+00:00,AMB,Amwaj Bay,1498,1406,1600,9,1,8
Aquarabia,2025-02-25 00:00:00+00:00,SPG,Splash Grotto,1327,1280,1900,11,2,9
Aquarabia,2025-02-25 00:00:00+00:00,ZZZ,ZipZapZoom,991,965,1400,10,1,9
Aquarabia,2025-02-25 00:00:00+00:00,TLC,The Lazy Camel,670,626,800,8,1,7
Aquarabia,2025-02-25 00:00:00+00:00,SFT,Surftopia,896,799,1300,9,2,7
Aquarabia,2025-02-25 00:00:00+00:00,HVP,Hyper Viper,1416,1328,2000,8,2,6
Aquarabia,2025-02-25 00:00:00+00:00,JND,Junoon Drop,763,739,1100,10,2,8
Aquarabia,2025-02-25 00:00:00+00:00,JPJ,Jump Jolt,790,701,1000,10,1,9
Aquarabia,2025-02-26 00:00:00+00:00,SST,Sea Stallion,2074,2020,2200,12,1,11
Six Flags,2025-02-26 00:00:00+00:00,AQT,Aquatopia,1589,1558,1800,8,1,7
Six Flags,2025-02-26 00:00:00+00:00,SPF,Spitfire,1117,1057,1500,9,1,8
Six Flags,2025-02-26 00:00:00+00:00,ARC,Arabian Carousel,704,643,900,8,1,7
Six Flags,2025-02-26 00:00:00+00:00,CYC,Canyon Charters,883,793,1200,10,5,5
Six Flags,2025-02-26 00:00:00+00:00,ADJ,Adventure Junction,811,784,1000,9,2,7
Six Flags,2025-02-26 00:00:00+00:00,TWE,Twilight Express,1456,1361,2000,8,1,7
Six Flags,2025-02-26 00:00:00+00:00,IRT,Iron Rattler,1636,1607,2400,8,5,3
Six Flags,2025-02-26 00:00:00+00:00,SRT,Sirocco Tower,1946,1853,2300,6,2,4
Six Flags,2025-02-26 00:00:00+00:00,FCF,Falcons Flight,2490,2450,2500,8,1,7
Six Flags,2025-02-26 00:00:00+00:00,SKW,Skywatch,1660,1616,2100,9,3,6
Aquarabia,2025-02-26 00:00:00+00:00,RFR,Raft Republic,1095,1051,1700,9,1,8
Aquarabia,2025-02-26 00:00:00+00:00,AMB,Amwaj Bay,1440,1351,1600,9,2,7
Aquarabia,2025-02-26 00:00:00+00:00,SPG,Splash Grotto,1351,1326,1900,11,1,10
Aquarabia,2025-02-26 00:00:00+00:00,ZZZ,ZipZapZoom,1027,992,1400,10,1,9
Aquarabia,2025-02-26 00:00:00+00:00,TLC,The Lazy Camel,708,673,800,8,1,7
Aquarabia,2025-02-26 00:00:00+00:00,SFT,Surftopia,924,888,1300,9,2,7
Aquarabia,2025-02-26 00:00:00+00:00,HVP,Hyper Viper,1511,1455,2000,8,1,7
Aquarabia,2025-02-26 00:00:00+00:00,JND,Junoon Drop,826,727,1100,10,1,9
Aquarabia,2025-02-26 00:00:00+00:00,JPJ,Jump Jolt,753,678,1000,10,1,9
Aquarabia,2025-02-27 00:00:00+00:00,SST,Sea Stallion,2079,2010,2200,12,1,11
Six Flags,2025-02-27 00:00:00+00:00,AQT,Aquatopia,1516,1466,1800,8,2,6
Six Flags,2025-02-27 00:00:00+00:00,SPF,Spitfire,1148,1100,1500,9,1,8
Six Flags,2025-02-27 00:00:00+00:00,ARC,Arabian Carousel,697,649,900,8,1,7
Six Flags,2025-02-27 00:00:00+00:00,CYC,Canyon Charters,998,934,1200,10,4,6
Six Flags,2025-02-27 00:00:00+00:00,ADJ,Adventure Junction,846,794,1000,9,1,8
Six Flags,2025-02-27 00:00:00+00:00,TWE,Twilight Express,1479,1438,2000,8,1,7
Six Flags,2025-02-27 00:00:00+00:00,IRT,Iron Rattler,1912,1868,2400,8,5,3
Six Flags,2025-02-27 00:00:00+00:00,SRT,Sirocco Tower,1780,1756,2300,6,2,4
Six Flags,2025-02-27 00:00:00+00:00,FCF,Falcons Flight,2490,2450,2500,8,1,7
Six Flags,2025-02-27 00:00:00+00:00,SKW,Skywatch,1427,1365,2100,9,4,5
Aquarabia,2025-02-27 00:00:00+00:00,RFR,Raft Republic,1260,1221,1700,9,2,7
Aquarabia,2025-02-27 00:00:00+00:00,AMB,Amwaj Bay,1154,1097,1600,9,2,7
Aquarabia,2025-02-27 00:00:00+00:00,SPG,Splash Grotto,1821,1746,1900,11,2,9
Aquarabia,2025-02-27 00:00:00+00:00,ZZZ,ZipZapZoom,1201,1150,1400,10,1,9
Aquarabia,2025-02-27 00:00:00+00:00,TLC,The Lazy Camel,748,688,800,8,2,6
Aquarabia,2025-02-27 00:00:00+00:00,SFT,Surftopia,1179,1107,1300,9,1,8
Aquarabia,2025-02-27 00:00:00+00:00,HVP,Hyper Viper,1208,1144,2000,8,2,6
Aquarabia,2025-02-27 00:00:00+00:00,JND,Junoon Drop,757,664,1100,10,2,8
Aquarabia,2025-02-27 00:00:00+00:00,JPJ,Jump Jolt,759,686,1000,10,1,9
Aquarabia,2025-02-28 00:00:00+00:00,SST,Sea Stallion,2088,2015,2200,12,1,11
Six Flags,2025-02-28 00:00:00+00:00,AQT,Aquatopia,1155,1133,1800,8,2,6
Six Flags,2025-02-28 00:00:00+00:00,SPF,Spitfire,1358,1262,1500,9,1,8
Six Flags,2025-02-28 00:00:00+00:00,ARC,Arabian Carousel,740,692,900,8,1,7
Six Flags,2025-02-28 00:00:00+00:00,CYC,Canyon Charters,966,919,1200,10,5,5
Six Flags,2025-02-28 00:00:00+00:00,ADJ,Adventure Junction,736,714,1000,9,1,8
Six Flags,2025-02-28 00:00:00+00:00,TWE,Twilight Express,1386,1317,2000,8,1,7
Six Flags,2025-02-28 00:00:00+00:00,IRT,Iron Rattler,1945,1916,2400,8,4,4
Six Flags,2025-02-28 00:00:00+00:00,SRT,Sirocco Tower,1756,1697,2300,6,1,5
Six Flags,2025-02-28 00:00:00+00:00,FCF,Falcons Flight,2457,2419,2500,8,1,7
Six Flags,2025-02-28 00:00:00+00:00,SKW,Skywatch,1451,1361,2100,9,5,4
Aquarabia,2025-02-28 00:00:00+00:00,RFR,Raft Republic,1457,1419,1700,9,1,8
Aquarabia,2025-02-28 00:00:00+00:00,AMB,Amwaj Bay,1373,1288,1600,9,1,8
Aquarabia,2025-02-28 00:00:00+00:00,SPG,Splash Grotto,1494,1455,1900,11,2,9
Aquarabia,2025-02-28 00:00:00+00:00,ZZZ,ZipZapZoom,918,879,1400,10,1,9
Aquarabia,2025-02-28 00:00:00+00:00,TLC,The Lazy Camel,738,639,800,8,1,7
Aquarabia,2025-02-28 00:00:00+00:00,SFT,Surftopia,871,775,1300,9,1,8
Aquarabia,2025-02-28 00:00:00+00:00,HVP,Hyper Viper,1357,1276,2000,8,1,7
Aquarabia,2025-02-28 00:00:00+00:00,JND,Junoon Drop,846,786,1100,10,2,8
Aquarabia,2025-02-28 00:00:00+00:00,JPJ,Jump Jolt,959,875,1000,10,1,9
Aquarabia,2025-03-01 00:00:00+00:00,SST,Sea Stallion,1807,1743,2200,12,1,11
Six Flags,2025-03-01 00:00:00+00:00,AQT,Aquatopia,1757,1692,1800,8,2,6
Six Flags,2025-03-01 00:00:00+00:00,SPF,Spitfire,1357,1276,1500,9,2,7
Six Flags,2025-03-01 00:00:00+00:00,ARC,Arabian Carousel,823,775,900,8,2,6
Six Flags,2025-03-01 00:00:00+00:00,CYC,Canyon Charters,1031,993,1200,10,5,5
Six Flags,2025-03-01 00:00:00+00:00,ADJ,Adventure Junction,914,818,1000,9,1,8
Six Flags,2025-03-01 00:00:00+00:00,TWE,Twilight Express,1532,1484,2000,8,2,6
Six Flags,2025-03-01 00:00:00+00:00,IRT,Iron Rattler,2056,2026,2400,8,5,3
Six Flags,2025-03-01 00:00:00+00:00,SRT,Sirocco Tower,1655,1624,2300,6,2,4
Six Flags,2025-03-01 00:00:00+00:00,FCF,Falcons Flight,2131,2050,2500,8,1,7
Six Flags,2025-03-01 00:00:00+00:00,SKW,Skywatch,1913,1814,2100,9,3,6
Aquarabia,2025-03-01 00:00:00+00:00,RFR,Raft Republic,1438,1409,1700,9,1,8
Aquarabia,2025-03-01 00:00:00+00:00,AMB,Amwaj Bay,1197,1155,1600,9,2,7
Aquarabia,2025-03-01 00:00:00+00:00,SPG,Splash Grotto,1466,1430,1900,11,2,9
Aquarabia,2025-03-01 00:00:00+00:00,ZZZ,ZipZapZoom,1042,968,1400,10,1,9
Aquarabia,2025-03-01 00:00:00+00:00,TLC,The Lazy Camel,790,750,800,8,2,6
Aquarabia,2025-03-01 00:00:00+00:00,SFT,Surftopia,1039,984,1300,9,1,8
Aquarabia,2025-03-01 00:00:00+00:00,HVP,Hyper Viper,1726,1680,2000,8,2,6
Aquarabia,2025-03-01 00:00:00+00:00,JND,Junoon Drop,742,658,1100,10,1,9
Aquarabia,2025-03-01 00:00:00+00:00,JPJ,Jump Jolt,926,839,1000,10,2,8
Aquarabia,2025-03-02 00:00:00+00:00,SST,Sea Stallion,1990,1914,2200,12,1,11
Six Flags,2025-03-02 00:00:00+00:00,AQT,Aquatopia,1577,1490,1800,8,2,6
Six Flags,2025-03-02 00:00:00+00:00,SPF,Spitfire,1138,1086,1500,9,1,8
Six Flags,2025-03-02 00:00:00+00:00,ARC,Arabian Carousel,798,744,900,8,2,6
Six Flags,2025-03-02 00:00:00+00:00,CYC,Canyon Charters,1160,1076,1200,10,3,7
Six Flags,2025-03-02 00:00:00+00:00,ADJ,Adventure Junction,785,729,1000,9,2,7
Six Flags,2025-03-02 00:00:00+00:00,TWE,Twilight Express,1796,1701,2000,8,1,7
Six Flags,2025-03-02 00:00:00+00:00,IRT,Iron Rattler,1924,1834,2400,8,3,5
Six Flags,2025-03-02 00:00:00+00:00,SRT,Sirocco Tower,1917,1896,2300,6,1,5
Six Flags,2025-03-02 00:00:00+00:00,FCF,Falcons Flight,2472,2441,2500,8,2,6
Six Flags,2025-03-02 00:00:00+00:00,SKW,Skywatch,1613,1521,2100,9,4,5
Aquarabia,2025-03-02 00:00:00+00:00,RFR,Raft Republic,1201,1136,1700,9,2,7
Aquarabia,2025-03-02 00:00:00+00:00,AMB,Amwaj Bay,1406,1331,1600,9,2,7
Aquarabia,2025-03-02 00:00:00+00:00,SPG,Splash Grotto,1615,1549,1900,11,1,10
Aquarabia,2025-03-02 00:00:00+00:00,ZZZ,ZipZapZoom,1136,1061,1400,10,1,9
Aquarabia,2025-03-02 00:00:00+00:00,TLC,The Lazy Camel,681,622,800,8,1,7
Aquarabia,2025-03-02 00:00:00+00:00,SFT,Surftopia,831,798,1300,9,2,7
Aquarabia,2025-03-02 00:00:00+00:00,HVP,Hyper Viper,1445,1354,2000,8,2,6
Aquarabia,2025-03-02 00:00:00+00:00,JND,Junoon Drop,853,833,1100,10,2,8
Aquarabia,2025-03-02 00:00:00+00:00,JPJ,Jump Jolt,757,698,1000,10,2,8
Aquarabia,2025-03-03 00:00:00+00:00,SST,Sea Stallion,2131,2041,2200,12,1,11
Six Flags,2025-03-03 00:00:00+00:00,AQT,Aquatopia,1302,1277,1800,8,1,7
Six Flags,2025-03-03 00:00:00+00:00,SPF,Spitfire,1343,1296,1500,9,1,8
Six Flags,2025-03-03 00:00:00+00:00,ARC,Arabian Carousel,800,775,900,8,2,6
Six Flags,2025-03-03 00:00:00+00:00,CYC,Canyon Charters,923,888,1200,10,4,6
Six Flags,2025-03-03 00:00:00+00:00,ADJ,Adventure Junction,918,858,1000,9,1,8
Six Flags,2025-03-03 00:00:00+00:00,TWE,Twilight Express,1819,1780,2000,8,2,6
Six Flags,2025-03-03 00:00:00+00:00,IRT,Iron Rattler,1820,1756,2400,8,3,5
Six Flags,2025-03-03 00:00:00+00:00,SRT,Sirocco Tower,2007,1946,2300,6,1,5
Six Flags,2025-03-03 00:00:00+00:00,FCF,Falcons Flight,2175,2124,2500,8,2,6
Six Flags,2025-03-03 00:00:00+00:00,SKW,Skywatch,1973,1887,2100,9,4,5
Aquarabia,2025-03-03 00:00:00+00:00,RFR,Raft Republic,1303,1266,1700,9,2,7
Aquarabia,2025-03-03 00:00:00+00:00,AMB,Amwaj Bay,1446,1347,1600,9,2,7
Aquarabia,2025-03-03 00:00:00+00:00,SPG,Splash Grotto,1388,1351,1900,11,2,9
Aquarabia,2025-03-03 00:00:00+00:00,ZZZ,ZipZapZoom,1207,1166,1400,10,2,8
Aquarabia,2025-03-03 00:00:00+00:00,TLC,The Lazy Camel,702,656,800,8,2,6
Aquarabia,2025-03-03 00:00:00+00:00,SFT,Surftopia,1058,1018,1300,9,1,8
Aquarabia,2025-03-03 00:00:00+00:00,HVP,Hyper Viper,1847,1825,2000,8,1,7
Aquarabia,2025-03-03 00:00:00+00:00,JND,Junoon Drop,844,762,1100,10,2,8
Aquarabia,2025-03-03 00:00:00+00:00,JPJ,Jump Jolt,757,676,1000,10,2,8
Aquarabia,2025-03-04 00:00:00+00:00,SST,Sea Stallion,2190,2150,2200,12,2,10
Six Flags,2025-03-04 00:00:00+00:00,AQT,Aquatopia,1562,1513,1800,8,2,6
Six Flags,2025-03-04 00:00:00+00:00,SPF,Spitfire,1278,1241,1500,9,2,7
Six Flags,2025-03-04 00:00:00+00:00,ARC,Arabian Carousel,890,834,900,8,2,6
Six Flags,2025-03-04 00:00:00+00:00,CYC,Canyon Charters,1190,1137,1200,10,5,5
Six Flags,2025-03-04 00:00:00+00:00,ADJ,Adventure Junction,869,818,1000,9,1,8
Six Flags,2025-03-04 00:00:00+00:00,TWE,Twilight Express,1933,1854,2000,8,2,6
Six Flags,2025-03-04 00:00:00+00:00,IRT,Iron Rattler,1924,1828,2400,8,4,4
Six Flags,2025-03-04 00:00:00+00:00,SRT,Sirocco Tower,1756,1718,2300,6,2,4
Six Flags,2025-03-04 00:00:00+00:00,FCF,Falcons Flight,2490,2450,2500,8,1,7
Six Flags,2025-03-04 00:00:00+00:00,SKW,Skywatch,1983,1897,2100,9,4,5
Aquarabia,2025-03-04 00:00:00+00:00,RFR,Raft Republic,1263,1167,1700,9,2,7
Aquarabia,2025-03-04 00:00:00+00:00,AMB,Amwaj Bay,1053,985,1600,9,1,8
Aquarabia,2025-03-04 00:00:00+00:00,SPG,Splash Grotto,1326,1274,1900,11,2,9
Aquarabia,2025-03-04 00:00:00+00:00,ZZZ,ZipZapZoom,1197,1177,1400,10,2,8
Aquarabia,2025-03-04 00:00:00+00:00,TLC,The Lazy Camel,726,690,800,8,1,7
Aquarabia,2025-03-04 00:00:00+00:00,SFT,Surftopia,1081,990,1300,9,2,7
Aquarabia,2025-03-04 00:00:00+00:00,HVP,Hyper Viper,1902,1826,2000,8,2,6
Aquarabia,2025-03-04 00:00:00+00:00,JND,Junoon Drop,696,658,1100,10,2,8
Aquarabia,2025-03-04 00:00:00+00:00,JPJ,Jump Jolt,751,677,1000,10,1,9
Aquarabia,2025-03-05 00:00:00+00:00,SST,Sea Stallion,2046,2026,2200,12,1,11
Six Flags,2025-03-05 00:00:00+00:00,AQT,Aquatopia,1543,1460,1800,8,2,6
Six Flags,2025-03-05 00:00:00+00:00,SPF,Spitfire,1190,1097,1500,9,2,7
Six Flags,2025-03-05 00:00:00+00:00,ARC,Arabian Carousel,633,596,900,8,1,7
Six Flags,2025-03-05 00:00:00+00:00,CYC,Canyon Charters,999,966,1200,10,4,6
Six Flags,2025-03-05 00:00:00+00:00,ADJ,Adventure Junction,990,922,1000,9,2,7
Six Flags,2025-03-05 00:00:00+00:00,TWE,Twilight Express,1879,1844,2000,8,2,6
Six Flags,2025-03-05 00:00:00+00:00,IRT,Iron Rattler,2388,2344,2400,8,3,5
Six Flags,2025-03-05 00:00:00+00:00,SRT,Sirocco Tower,2144,2098,2300,6,1,5
Six Flags,2025-03-05 00:00:00+00:00,FCF,Falcons Flight,2490,2450,2500,8,2,6
Six Flags,2025-03-05 00:00:00+00:00,SKW,Skywatch,2042,1987,2100,9,4,5
Aquarabia,2025-03-05 00:00:00+00:00,RFR,Raft Republic,1114,1077,1700,9,2,7
Aquarabia,2025-03-05 00:00:00+00:00,AMB,Amwaj Bay,1345,1295,1600,9,2,7
Aquarabia,2025-03-05 00:00:00+00:00,SPG,Splash Grotto,1359,1337,1900,11,1,10
Aquarabia,2025-03-05 00:00:00+00:00,ZZZ,ZipZapZoom,906,824,1400,10,2,8
Aquarabia,2025-03-05 00:00:00+00:00,TLC,The Lazy Camel,574,548,800,8,2,6
Aquarabia,2025-03-05 00:00:00+00:00,SFT,Surftopia,950,915,1300,9,1,8
Aquarabia,2025-03-05 00:00:00+00:00,HVP,Hyper Viper,1406,1348,2000,8,2,6
Aquarabia,2025-03-05 00:00:00+00:00,JND,Junoon Drop,873,788,1100,10,1,9
Aquarabia,2025-03-05 00:00:00+00:00,JPJ,Jump Jolt,838,745,1000,10,1,9
Aquarabia,2025-03-06 00:00:00+00:00,SST,Sea Stallion,1822,1770,2200,12,2,10
Six Flags,2025-03-06 00:00:00+00:00,AQT,Aquatopia,1681,1631,1800,8,1,7
Six Flags,2025-03-06 00:00:00+00:00,SPF,Spitfire,1269,1194,1500,9,2,7
Six Flags,2025-03-06 00:00:00+00:00,ARC,Arabian Carousel,747,671,900,8,2,6
Six Flags,2025-03-06 00:00:00+00:00,CYC,Canyon Charters,984,923,1200,10,3,7
Six Flags,2025-03-06 00:00:00+00:00,ADJ,Adventure Junction,904,805,1000,9,1,8
Six Flags,2025-03-06 00:00:00+00:00,TWE,Twilight Express,1522,1477,2000,8,1,7
Six Flags,2025-03-06 00:00:00+00:00,IRT,Iron Rattler,2390,2350,2400,8,4,4
Six Flags,2025-03-06 00:00:00+00:00,SRT,Sirocco Tower,2108,2088,2300,6,2,4
Six Flags,2025-03-06 00:00:00+00:00,FCF,Falcons Flight,2490,2450,2500,8,1,7
Six Flags,2025-03-06 00:00:00+00:00,SKW,Skywatch,1896,1855,2100,9,3,6
Aquarabia,2025-03-06 00:00:00+00:00,RFR,Raft Republic,1320,1298,1700,9,2,7
Aquarabia,2025-03-06 00:00:00+00:00,AMB,Amwaj Bay,1261,1193,1600,9,2,7
Aquarabia,2025-03-06 00:00:00+00:00,SPG,Splash Grotto,1319,1279,1900,11,1,10
Aquarabia,2025-03-06 00:00:00+00:00,ZZZ,ZipZapZoom,940,914,1400,10,2,8
Aquarabia,2025-03-06 00:00:00+00:00,TLC,The Lazy Camel,652,562,800,8,2,6
Aquarabia,2025-03-06 00:00:00+00:00,SFT,Surftopia,945,863,1300,9,2,7
Aquarabia,2025-03-06 00:00:00+00:00,HVP,Hyper Viper,1690,1630,2000,8,1,7
Aquarabia,2025-03-06 00:00:00+00:00,JND,Junoon Drop,980,917,1100,10,2,8
Aquarabia,2025-03-06 00:00:00+00:00,JPJ,Jump Jolt,906,843,1000,10,1,9
Aquarabia,2025-03-07 00:00:00+00:00,SST,Sea Stallion,2139,2087,2200,12,1,11
Six Flags,2025-03-07 00:00:00+00:00,AQT,Aquatopia,1622,1596,1800,8,2,6
Six Flags,2025-03-07 00:00:00+00:00,SPF,Spitfire,1353,1279,1500,9,2,7
Six Flags,2025-03-07 00:00:00+00:00,ARC,Arabian Carousel,890,837,900,8,1,7
Six Flags,2025-03-07 00:00:00+00:00,CYC,Canyon Charters,890,854,1200,10,3,7
Six Flags,2025-03-07 00:00:00+00:00,ADJ,Adventure Junction,909,864,1000,9,2,7
Six Flags,2025-03-07 00:00:00+00:00,TWE,Twilight Express,1599,1546,2000,8,2,6
Six Flags,2025-03-07 00:00:00+00:00,IRT,Iron Rattler,1629,1606,2400,8,4,4
Six Flags,2025-03-07 00:00:00+00:00,SRT,Sirocco Tower,1583,1559,2300,6,2,4
Six Flags,2025-03-07 00:00:00+00:00,FCF,Falcons Flight,2483,2450,2500,8,2,6
Six Flags,2025-03-07 00:00:00+00:00,SKW,Skywatch,1435,1393,2100,9,4,5
Aquarabia,2025-03-07 00:00:00+00:00,RFR,Raft Republic,1111,1047,1700,9,2,7
Aquarabia,2025-03-07 00:00:00+00:00,AMB,Amwaj Bay,1343,1287,1600,9,2,7
Aquarabia,2025-03-07 00:00:00+00:00,SPG,Splash Grotto,1399,1325,1900,11,2,9
Aquarabia,2025-03-07 00:00:00+00:00,ZZZ,ZipZapZoom,1132,1060,1400,10,2,8
Aquarabia,2025-03-07 00:00:00+00:00,TLC,The Lazy Camel,718,619,800,8,2,6
Aquarabia,2025-03-07 00:00:00+00:00,SFT,Surftopia,932,874,1300,9,1,8
Aquarabia,2025-03-07 00:00:00+00:00,HVP,Hyper Viper,1654,1634,2000,8,2,6
Aquarabia,2025-03-07 00:00:00+00:00,JND,Junoon Drop,935,904,1100,10,2,8
Aquarabia,2025-03-07 00:00:00+00:00,JPJ,Jump Jolt,917,833,1000,10,2,8
Aquarabia,2025-03-08 00:00:00+00:00,SST,Sea Stallion,1823,1778,2200,12,1,11
Six Flags,2025-03-08 00:00:00+00:00,AQT,Aquatopia,1685,1618,1800,8,2,6
Six Flags,2025-03-08 00:00:00+00:00,SPF,Spitfire,1048,1020,1500,9,2,7
Six Flags,2025-03-08 00:00:00+00:00,ARC,Arabian Carousel,753,685,900,8,1,7
Six Flags,2025-03-08 00:00:00+00:00,CYC,Canyon Charters,1114,1062,1200,10,4,6
Six Flags,2025-03-08 00:00:00+00:00,ADJ,Adventure Junction,990,936,1000,9,1,8
Six Flags,2025-03-08 00:00:00+00:00,TWE,Twilight Express,1905,1826,2000,8,2,6
Six Flags,2025-03-08 00:00:00+00:00,IRT,Iron Rattler,2021,1970,2400,8,5,3
Six Flags,2025-03-08 00:00:00+00:00,SRT,Sirocco Tower,2192,2125,2300,6,1,5
Six Flags,2025-03-08 00:00:00+00:00,FCF,Falcons Flight,2490,2450,2500,8,1,7
Six Flags,2025-03-08 00:00:00+00:00,SKW,Skywatch,1833,1781,2100,9,3,6
Aquarabia,2025-03-08 00:00:00+00:00,RFR,Raft Republic,1389,1293,1700,9,1,8
Aquarabia,2025-03-08 00:00:00+00:00,AMB,Amwaj Bay,1446,1417,1600,9,1,8
Aquarabia,2025-03-08 00:00:00+00:00,SPG,Splash Grotto,1660,1593,1900,11,2,9
Aquarabia,2025-03-08 00:00:00+00:00,ZZZ,ZipZapZoom,945,850,1400,10,2,8
Aquarabia,2025-03-08 00:00:00+00:00,TLC,The Lazy Camel,583,549,800,8,1,7
Aquarabia,2025-03-08 00:00:00+00:00,SFT,Surftopia,1160,1109,1300,9,1,8
Aquarabia,2025-03-08 00:00:00+00:00,HVP,Hyper Viper,1842,1757,2000,8,1,7
Aquarabia,2025-03-08 00:00:00+00:00,JND,Junoon Drop,876,852,1100,10,1,9
Aquarabia,2025-03-08 00:00:00+00:00,JPJ,Jump Jolt,701,667,1000,10,1,9
Aquarabia,2025-03-09 00:00:00+00:00,SST,Sea Stallion,1866,1804,2200,12,1,11
Six Flags,2025-03-09 00:00:00+00:00,AQT,Aquatopia,1614,1556,1800,8,1,7
Six Flags,2025-03-09 00:00:00+00:00,SPF,Spitfire,1323,1260,1500,9,2,7
Six Flags,2025-03-09 00:00:00+00:00,ARC,Arabian Carousel,668,601,900,8,1,7
Six Flags,2025-03-09 00:00:00+00:00,CYC,Canyon Charters,914,866,1200,10,5,5
Six Flags,2025-03-09 00:00:00+00:00,ADJ,Adventure Junction,894,827,1000,9,2,7
Six Flags,2025-03-09 00:00:00+00:00,TWE,Twilight Express,1990,1942,2000,8,1,7
Six Flags,2025-03-09 00:00:00+00:00,IRT,Iron Rattler,2170,2140,2400,8,3,5
Six Flags,2025-03-09 00:00:00+00:00,SRT,Sirocco Tower,2078,2017,2300,6,1,5
Six Flags,2025-03-09 00:00:00+00:00,FCF,Falcons Flight,2212,2121,2500,8,1,7
Six Flags,2025-03-09 00:00:00+00:00,SKW,Skywatch,1628,1561,2100,9,4,5
Aquarabia,2025-03-09 00:00:00+00:00,RFR,Raft Republic,1471,1415,1700,9,1,8
Aquarabia,2025-03-09 00:00:00+00:00,AMB,Amwaj Bay,1438,1372,1600,9,2,7
Aquarabia,2025-03-09 00:00:00+00:00,SPG,Splash Grotto,1300,1271,1900,11,2,9
Aquarabia,2025-03-09 00:00:00+00:00,ZZZ,ZipZapZoom,1330,1262,1400,10,1,9
Aquarabia,2025-03-09 00:00:00+00:00,TLC,The Lazy Camel,790,718,800,8,1,7
Aquarabia,2025-03-09 00:00:00+00:00,SFT,Surftopia,1054,1033,1300,9,2,7
Aquarabia,2025-03-09 00:00:00+00:00,HVP,Hyper Viper,1770,1723,2000,8,1,7
Aquarabia,2025-03-09 00:00:00+00:00,JND,Junoon Drop,818,750,1100,10,2,8
Aquarabia,2025-03-09 00:00:00+00:00,JPJ,Jump Jolt,684,636,1000,10,1,9
Aquarabia,2025-03-10 00:00:00+00:00,SST,Sea Stallion,2182,2106,2200,12,1,11
Six Flags,2025-03-10 00:00:00+00:00,AQT,Aquatopia,1473,1385,1800,8,2,6
Six Flags,2025-03-10 00:00:00+00:00,SPF,Spitfire,1072,1042,1500,9,2,7
Six Flags,2025-03-10 00:00:00+00:00,ARC,Arabian Carousel,795,709,900,8,2,6
Six Flags,2025-03-10 00:00:00+00:00,CYC,Canyon Charters,1034,954,1200,10,4,6
Six Flags,2025-03-10 00:00:00+00:00,ADJ,Adventure Junction,826,781,1000,9,2,7
Six Flags,2025-03-10 00:00:00+00:00,TWE,Twilight Express,1990,1950,2000,8,2,6
Six Flags,2025-03-10 00:00:00+00:00,IRT,Iron Rattler,2355,2258,2400,8,5,3
Six Flags,2025-03-10 00:00:00+00:00,SRT,Sirocco Tower,1998,1929,2300,6,2,4
Six Flags,2025-03-10 00:00:00+00:00,FCF,Falcons Flight,2490,2431,2500,8,1,7
Six Flags,2025-03-10 00:00:00+00:00,SKW,Skywatch,2058,1965,2100,9,4,5
Aquarabia,2025-03-10 00:00:00+00:00,RFR,Raft Republic,1515,1459,1700,9,2,7
Aquarabia,2025-03-10 00:00:00+00:00,AMB,Amwaj Bay,1191,1121,1600,9,1,8
Aquarabia,2025-03-10 00:00:00+00:00,SPG,Splash Grotto,1589,1565,1900,11,2,9
Aquarabia,2025-03-10 00:00:00+00:00,ZZZ,ZipZapZoom,1129,1062,1400,10,1,9
Aquarabia,2025-03-10 00:00:00+00:00,TLC,The Lazy Camel,772,690,800,8,2,6
Aquarabia,2025-03-10 00:00:00+00:00,SFT,Surftopia,1067,1023,1300,9,1,8
Aquarabia,2025-03-10 00:00:00+00:00,HVP,Hyper Viper,1489,1411,2000,8,1,7
Aquarabia,2025-03-10 00:00:00+00:00,JND,Junoon Drop,908,845,1100,10,2,8
Aquarabia,2025-03-10 00:00:00+00:00,JPJ,Jump Jolt,776,703,1000,10,2,8
Aquarabia,2025-03-11 00:00:00+00:00,SST,Sea Stallion,2190,2150,2200,12,2,10
Six Flags,2025-03-11 00:00:00+00:00,AQT,Aquatopia,1599,1522,1800,8,1,7
Six Flags,2025-03-11 00:00:00+00:00,SPF,Spitfire,1490,1450,1500,9,1,8
Six Flags,2025-03-11 00:00:00+00:00,ARC,Arabian Carousel,806,728,900,8,1,7
Six Flags,2025-03-11 00:00:00+00:00,CYC,Canyon Charters,976,904,1200,10,5,5
Six Flags,2025-03-11 00:00:00+00:00,ADJ,Adventure Junction,881,819,1000,9,1,8
Six Flags,2025-03-11 00:00:00+00:00,TWE,Twilight Express,1621,1576,2000,8,1,7
Six Flags,2025-03-11 00:00:00+00:00,IRT,Iron Rattler,2030,1934,2400,8,3,5
Six Flags,2025-03-11 00:00:00+00:00,SRT,Sirocco Tower,1771,1739,2300,6,1,5
Six Flags,2025-03-11 00:00:00+00:00,FCF,Falcons Flight,2426,2364,2500,8,2,6
Six Flags,2025-03-11 00:00:00+00:00,SKW,Skywatch,1574,1521,2100,9,5,4
Aquarabia,2025-03-11 00:00:00+00:00,RFR,Raft Republic,1460,1384,1700,9,2,7
Aquarabia,2025-03-11 00:00:00+00:00,AMB,Amwaj Bay,1386,1297,1600,9,2,7
Aquarabia,2025-03-11 00:00:00+00:00,SPG,Splash Grotto,1607,1515,1900,11,1,10
Aquarabia,2025-03-11 00:00:00+00:00,ZZZ,ZipZapZoom,1390,1317,1400,10,1,9
Aquarabia,2025-03-11 00:00:00+00:00,TLC,The Lazy Camel,744,705,800,8,2,6
Aquarabia,2025-03-11 00:00:00+00:00,SFT,Surftopia,1142,1107,1300,9,1,8
Aquarabia,2025-03-11 00:00:00+00:00,HVP,Hyper Viper,1251,1217,2000,8,1,7
Aquarabia,2025-03-11 00:00:00+00:00,JND,Junoon Drop,1013,941,1100,10,1,9
Aquarabia,2025-03-11 00:00:00+00:00,JPJ,Jump Jolt,802,760,1000,10,1,9
Aquarabia,2025-03-12 00:00:00+00:00,SST,Sea Stallion,2190,2150,2200,12,1,11
Six Flags,2025-03-12 00:00:00+00:00,AQT,Aquatopia,1773,1686,1800,8,2,6
Six Flags,2025-03-12 00:00:00+00:00,SPF,Spitfire,1314,1257,1500,9,2,7
Six Flags,2025-03-12 00:00:00+00:00,ARC,Arabian Carousel,792,719,900,8,1,7
Six Flags,2025-03-12 00:00:00+00:00,CYC,Canyon Charters,1080,986,1200,10,5,5
Six Flags,2025-03-12 00:00:00+00:00,ADJ,Adventure Junction,850,784,1000,9,1,8
Six Flags,2025-03-12 00:00:00+00:00,TWE,Twilight Express,1542,1484,2000,8,2,6
Six Flags,2025-03-12 00:00:00+00:00,IRT,Iron Rattler,2167,2094,2400,8,4,4
Six Flags,2025-03-12 00:00:00+00:00,SRT,Sirocco Tower,1917,1836,2300,6,2,4
Six Flags,2025-03-12 00:00:00+00:00,FCF,Falcons Flight,2475,2450,2500,8,2,6
Six Flags,2025-03-12 00:00:00+00:00,SKW,Skywatch,1751,1662,2100,9,4,5
Aquarabia,2025-03-12 00:00:00+00:00,RFR,Raft Republic,1482,1383,1700,9,1,8
Aquarabia,2025-03-12 00:00:00+00:00,AMB,Amwaj Bay,1399,1378,1600,9,1,8
Aquarabia,2025-03-12 00:00:00+00:00,SPG,Splash Grotto,1890,1824,1900,11,1,10
Aquarabia,2025-03-12 00:00:00+00:00,ZZZ,ZipZapZoom,956,931,1400,10,1,9
Aquarabia,2025-03-12 00:00:00+00:00,TLC,The Lazy Camel,767,710,800,8,1,7
Aquarabia,2025-03-12 00:00:00+00:00,SFT,Surftopia,1073,1027,1300,9,2,7
Aquarabia,2025-03-12 00:00:00+00:00,HVP,Hyper Viper,1633,1550,2000,8,1,7
Aquarabia,2025-03-12 00:00:00+00:00,JND,Junoon Drop,1033,958,1100,10,1,9
Aquarabia,2025-03-12 00:00:00+00:00,JPJ,Jump Jolt,777,694,1000,10,1,9
Aquarabia,2025-03-13 00:00:00+00:00,SST,Sea Stallion,1789,1728,2200,12,1,11
Six Flags,2025-03-13 00:00:00+00:00,AQT,Aquatopia,1429,1388,1800,8,1,7
Six Flags,2025-03-13 00:00:00+00:00,SPF,Spitfire,1368,1292,1500,9,1,8
Six Flags,2025-03-13 00:00:00+00:00,ARC,Arabian Carousel,719,647,900,8,1,7
Six Flags,2025-03-13 00:00:00+00:00,CYC,Canyon Charters,1168,1133,1200,10,5,5
Six Flags,2025-03-13 00:00:00+00:00,ADJ,Adventure Junction,789,704,1000,9,2,7
Six Flags,2025-03-13 00:00:00+00:00,TWE,Twilight Express,1451,1419,2000,8,2,6
Six Flags,2025-03-13 00:00:00+00:00,IRT,Iron Rattler,2046,1985,2400,8,3,5
Six Flags,2025-03-13 00:00:00+00:00,SRT,Sirocco Tower,2126,2083,2300,6,1,5
Six Flags,2025-03-13 00:00:00+00:00,FCF,Falcons Flight,2270,2204,2500,8,1,7
Six Flags,2025-03-13 00:00:00+00:00,SKW,Skywatch,1638,1552,2100,9,5,4
Aquarabia,2025-03-13 00:00:00+00:00,RFR,Raft Republic,1218,1180,1700,9,1,8
Aquarabia,2025-03-13 00:00:00+00:00,AMB,Amwaj Bay,1353,1291,1600,9,2,7
Aquarabia,2025-03-13 00:00:00+00:00,SPG,Splash Grotto,1349,1318,1900,11,2,9
Aquarabia,2025-03-13 00:00:00+00:00,ZZZ,ZipZapZoom,1159,1099,1400,10,1,9
Aquarabia,2025-03-13 00:00:00+00:00,TLC,The Lazy Camel,681,657,800,8,2,6
Aquarabia,2025-03-13 00:00:00+00:00,SFT,Surftopia,1117,1082,1300,9,1,8
Aquarabia,2025-03-13 00:00:00+00:00,HVP,Hyper Viper,1893,1844,2000,8,1,7
Aquarabia,2025-03-13 00:00:00+00:00,JND,Junoon Drop,908,877,1100,10,2,8
Aquarabia,2025-03-13 00:00:00+00:00,JPJ,Jump Jolt,708,612,1000,10,2,8
Aquarabia,2025-03-14 00:00:00+00:00,SST,Sea Stallion,2086,2002,2200,12,2,10
Six Flags,2025-03-14 00:00:00+00:00,AQT,Aquatopia,1576,1496,1800,8,2,6
Six Flags,2025-03-14 00:00:00+00:00,SPF,Spitfire,1357,1324,1500,9,1,8
Six Flags,2025-03-14 00:00:00+00:00,ARC,Arabian Carousel,683,635,900,8,1,7
Six Flags,2025-03-14 00:00:00+00:00,CYC,Canyon Charters,1152,1102,1200,10,5,5
Six Flags,2025-03-14 00:00:00+00:00,ADJ,Adventure Junction,734,671,1000,9,1,8
Six Flags,2025-03-14 00:00:00+00:00,TWE,Twilight Express,1496,1397,2000,8,1,7
Six Flags,2025-03-14 00:00:00+00:00,IRT,Iron Rattler,1758,1700,2400,8,5,3
Six Flags,2025-03-14 00:00:00+00:00,SRT,Sirocco Tower,1845,1793,2300,6,1,5
Six Flags,2025-03-14 00:00:00+00:00,FCF,Falcons Flight,2192,2139,2500,8,1,7
Six Flags,2025-03-14 00:00:00+00:00,SKW,Skywatch,1581,1559,2100,9,3,6
Aquarabia,2025-03-14 00:00:00+00:00,RFR,Raft Republic,1422,1376,1700,9,1,8
Aquarabia,2025-03-14 00:00:00+00:00,AMB,Amwaj Bay,1149,1098,1600,9,2,7
Aquarabia,2025-03-14 00:00:00+00:00,SPG,Splash Grotto,1799,1709,1900,11,1,10
Aquarabia,2025-03-14 00:00:00+00:00,ZZZ,ZipZapZoom,945,924,1400,10,2,8
Aquarabia,2025-03-14 00:00:00+00:00,TLC,The Lazy Camel,654,565,800,8,1,7
Aquarabia,2025-03-14 00:00:00+00:00,SFT,Surftopia,994,901,1300,9,1,8
Aquarabia,2025-03-14 00:00:00+00:00,HVP,Hyper Viper,1428,1335,2000,8,2,6
Aquarabia,2025-03-14 00:00:00+00:00,JND,Junoon Drop,884,831,1100,10,1,9
Aquarabia,2025-03-14 00:00:00+00:00,JPJ,Jump Jolt,732,665,1000,10,1,9
Aquarabia,2025-03-15 00:00:00+00:00,SST,Sea Stallion,1917,1853,2200,12,2,10
Six Flags,2025-03-15 00:00:00+00:00,AQT,Aquatopia,1536,1472,1800,8,1,7
Six Flags,2025-03-15 00:00:00+00:00,SPF,Spitfire,1284,1190,1500,9,2,7
Six Flags,2025-03-15 00:00:00+00:00,ARC,Arabian Carousel,821,750,900,8,2,6
Six Flags,2025-03-15 00:00:00+00:00,CYC,Canyon Charters,1111,1056,1200,10,3,7
Six Flags,2025-03-15 00:00:00+00:00,ADJ,Adventure Junction,876,843,1000,9,1,8
Six Flags,2025-03-15 00:00:00+00:00,TWE,Twilight Express,1595,1523,2000,8,1,7
Six Flags,2025-03-15 00:00:00+00:00,IRT,Iron Rattler,1849,1773,2400,8,4,4
Six Flags,2025-03-15 00:00:00+00:00,SRT,Sirocco Tower,2142,2061,2300,6,1,5
Six Flags,2025-03-15 00:00:00+00:00,FCF,Falcons Flight,2432,2349,2500,8,1,7
Six Flags,2025-03-15 00:00:00+00:00,SKW,Skywatch,1679,1610,2100,9,5,4
Aquarabia,2025-03-15 00:00:00+00:00,RFR,Raft Republic,1400,1348,1700,9,1,8
Aquarabia,2025-03-15 00:00:00+00:00,AMB,Amwaj Bay,1470,1432,1600,9,1,8
Aquarabia,2025-03-15 00:00:00+00:00,SPG,Splash Grotto,1849,1800,1900,11,2,9
Aquarabia,2025-03-15 00:00:00+00:00,ZZZ,ZipZapZoom,1334,1284,1400,10,1,9
Aquarabia,2025-03-15 00:00:00+00:00,TLC,The Lazy Camel,790,738,800,8,2,6
Aquarabia,2025-03-15 00:00:00+00:00,SFT,Surftopia,913,875,1300,9,2,7
Aquarabia,2025-03-15 00:00:00+00:00,HVP,Hyper Viper,1990,1920,2000,8,2,6
Aquarabia,2025-03-15 00:00:00+00:00,JND,Junoon Drop,1089,1012,1100,10,2,8
Aquarabia,2025-03-15 00:00:00+00:00,JPJ,Jump Jolt,887,809,1000,10,1,9
Aquarabia,2025-03-16 00:00:00+00:00,SST,Sea Stallion,1759,1719,2200,12,2,10
Six Flags,2025-03-16 00:00:00+00:00,AQT,Aquatopia,1709,1647,1800,8,1,7
Six Flags,2025-03-16 00:00:00+00:00,SPF,Spitfire,1222,1145,1500,9,1,8
Six Flags,2025-03-16 00:00:00+00:00,ARC,Arabian Carousel,785,735,900,8,2,6
Six Flags,2025-03-16 00:00:00+00:00,CYC,Canyon Charters,999,938,1200,10,3,7
Six Flags,2025-03-16 00:00:00+00:00,ADJ,Adventure Junction,823,781,1000,9,2,7
Six Flags,2025-03-16 00:00:00+00:00,TWE,Twilight Express,1569,1509,2000,8,1,7
Six Flags,2025-03-16 00:00:00+00:00,IRT,Iron Rattler,1771,1738,2400,8,3,5
Six Flags,2025-03-16 00:00:00+00:00,SRT,Sirocco Tower,1974,1893,2300,6,2,4
Six Flags,2025-03-16 00:00:00+00:00,FCF,Falcons Flight,2197,2098,2500,8,2,6
Six Flags,2025-03-16 00:00:00+00:00,SKW,Skywatch,1699,1604,2100,9,4,5
Aquarabia,2025-03-16 00:00:00+00:00,RFR,Raft Republic,1144,1095,1700,9,1,8
Aquarabia,2025-03-16 00:00:00+00:00,AMB,Amwaj Bay,1346,1269,1600,9,2,7
Aquarabia,2025-03-16 00:00:00+00:00,SPG,Splash Grotto,1469,1377,1900,11,2,9
Aquarabia,2025-03-16 00:00:00+00:00,ZZZ,ZipZapZoom,1133,1039,1400,10,1,9
Aquarabia,2025-03-16 00:00:00+00:00,TLC,The Lazy Camel,692,616,800,8,1,7
Aquarabia,2025-03-16 00:00:00+00:00,SFT,Surftopia,1204,1173,1300,9,2,7
Aquarabia,2025-03-16 00:00:00+00:00,HVP,Hyper Viper,1719,1697,2000,8,1,7
Aquarabia,2025-03-16 00:00:00+00:00,JND,Junoon Drop,980,921,1100,10,1,9
Aquarabia,2025-03-16 00:00:00+00:00,JPJ,Jump Jolt,763,706,1000,10,2,8
Aquarabia,2025-03-17 00:00:00+00:00,SST,Sea Stallion,2054,1991,2200,12,1,11
Six Flags,2025-03-17 00:00:00+00:00,AQT,Aquatopia,1640,1542,1800,8,1,7
Six Flags,2025-03-17 00:00:00+00:00,SPF,Spitfire,1444,1349,1500,9,1,8
Six Flags,2025-03-17 00:00:00+00:00,ARC,Arabian Carousel,830,750,900,8,1,7
Six Flags,2025-03-17 00:00:00+00:00,CYC,Canyon Charters,974,897,1200,10,4,6
Six Flags,2025-03-17 00:00:00+00:00,ADJ,Adventure Junction,752,689,1000,9,2,7
Six Flags,2025-03-17 00:00:00+00:00,TWE,Twilight Express,1609,1589,2000,8,2,6
Six Flags,2025-03-17 00:00:00+00:00,IRT,Iron Rattler,1743,1647,2400,8,4,4
Six Flags,2025-03-17 00:00:00+00:00,SRT,Sirocco Tower,2186,2133,2300,6,2,4
Six Flags,2025-03-17 00:00:00+00:00,FCF,Falcons Flight,2189,2147,2500,8,2,6
Six Flags,2025-03-17 00:00:00+00:00,SKW,Skywatch,1930,1844,2100,9,5,4
Aquarabia,2025-03-17 00:00:00+00:00,RFR,Raft Republic,1547,1499,1700,9,1,8
Aquarabia,2025-03-17 00:00:00+00:00,AMB,Amwaj Bay,1305,1285,1600,9,2,7
Aquarabia,2025-03-17 00:00:00+00:00,SPG,Splash Grotto,1344,1285,1900,11,1,10
Aquarabia,2025-03-17 00:00:00+00:00,ZZZ,ZipZapZoom,1339,1250,1400,10,1,9
Aquarabia,2025-03-17 00:00:00+00:00,TLC,The Lazy Camel,764,716,800,8,1,7
Aquarabia,2025-03-17 00:00:00+00:00,SFT,Surftopia,1133,1062,1300,9,2,7
Aquarabia,2025-03-17 00:00:00+00:00,HVP,Hyper Viper,1879,1787,2000,8,1,7
Aquarabia,2025-03-17 00:00:00+00:00,JND,Junoon Drop,1015,940,1100,10,2,8
Aquarabia,2025-03-17 00:00:00+00:00,JPJ,Jump Jolt,735,668,1000,10,1,9
Aquarabia,2025-03-18 00:00:00+00:00,SST,Sea Stallion,2190,2150,2200,12,2,10
Six Flags,2025-03-18 00:00:00+00:00,AQT,Aquatopia,1306,1221,1800,8,2,6
Six Flags,2025-03-18 00:00:00+00:00,SPF,Spitfire,1082,1022,1500,9,2,7
Six Flags,2025-03-18 00:00:00+00:00,ARC,Arabian Carousel,687,597,900,8,1,7
Six Flags,2025-03-18 00:00:00+00:00,CYC,Canyon Charters,1065,995,1200,10,5,5
Six Flags,2025-03-18 00:00:00+00:00,ADJ,Adventure Junction,908,870,1000,9,2,7
Six Flags,2025-03-18 00:00:00+00:00,TWE,Twilight Express,1763,1724,2000,8,1,7
Six Flags,2025-03-18 00:00:00+00:00,IRT,Iron Rattler,2168,2148,2400,8,5,3
Six Flags,2025-03-18 00:00:00+00:00,SRT,Sirocco Tower,2064,2031,2300,6,2,4
Six Flags,2025-03-18 00:00:00+00:00,FCF,Falcons Flight,2373,2329,2500,8,2,6
Six Flags,2025-03-18 00:00:00+00:00,SKW,Skywatch,2049,1953,2100,9,5,4
Aquarabia,2025-03-18 00:00:00+00:00,RFR,Raft Republic,1194,1111,1700,9,1,8
Aquarabia,2025-03-18 00:00:00+00:00,AMB,Amwaj Bay,1202,1121,1600,9,2,7
Aquarabia,2025-03-18 00:00:00+00:00,SPG,Splash Grotto,1515,1463,1900,11,2,9
Aquarabia,2025-03-18 00:00:00+00:00,ZZZ,ZipZapZoom,1316,1233,1400,10,1,9
Aquarabia,2025-03-18 00:00:00+00:00,TLC,The Lazy Camel,631,568,800,8,2,6
Aquarabia,2025-03-18 00:00:00+00:00,SFT,Surftopia,898,876,1300,9,2,7
Aquarabia,2025-03-18 00:00:00+00:00,HVP,Hyper Viper,1357,1273,2000,8,2,6
Aquarabia,2025-03-18 00:00:00+00:00,JND,Junoon Drop,906,869,1100,10,2,8
Aquarabia,2025-03-18 00:00:00+00:00,JPJ,Jump Jolt,695,675,1000,10,2,8
Aquarabia,2025-03-19 00:00:00+00:00,SST,Sea Stallion,2071,1974,2200,12,1,11
Six Flags,2025-03-19 00:00:00+00:00,AQT,Aquatopia,1666,1583,1800,8,2,6
Six Flags,2025-03-19 00:00:00+00:00,SPF,Spitfire,1362,1319,1500,9,1,8
Six Flags,2025-03-19 00:00:00+00:00,ARC,Arabian Carousel,890,850,900,8,2,6
Six Flags,2025-03-19 00:00:00+00:00,CYC,Canyon Charters,1157,1080,1200,10,5,5
Six Flags,2025-03-19 00:00:00+00:00,ADJ,Adventure Junction,823,777,1000,9,2,7
Six Flags,2025-03-19 00:00:00+00:00,TWE,Twilight Express,1828,1784,2000,8,1,7
Six Flags,2025-03-19 00:00:00+00:00,IRT,Iron Rattler,2291,2192,2400,8,4,4
Six Flags,2025-03-19 00:00:00+00:00,SRT,Sirocco Tower,1881,1850,2300,6,1,5
Six Flags,2025-03-19 00:00:00+00:00,FCF,Falcons Flight,2483,2450,2500,8,1,7
Six Flags,2025-03-19 00:00:00+00:00,SKW,Skywatch,1558,1522,2100,9,3,6
Aquarabia,2025-03-19 00:00:00+00:00,RFR,Raft Republic,1130,1106,1700,9,2,7
Aquarabia,2025-03-19 00:00:00+00:00,AMB,Amwaj Bay,1377,1324,1600,9,1,8
Aquarabia,2025-03-19 00:00:00+00:00,SPG,Splash Grotto,1624,1583,1900,11,2,9
Aquarabia,2025-03-19 00:00:00+00:00,ZZZ,ZipZapZoom,1219,1131,1400,10,1,9
Aquarabia,2025-03-19 00:00:00+00:00,TLC,The Lazy Camel,767,679,800,8,1,7
Aquarabia,2025-03-19 00:00:00+00:00,SFT,Surftopia,1122,1038,1300,9,2,7
Aquarabia,2025-03-19 00:00:00+00:00,HVP,Hyper Viper,1711,1655,2000,8,1,7
Aquarabia,2025-03-19 00:00:00+00:00,JND,Junoon Drop,856,831,1100,10,1,9
Aquarabia,2025-03-19 00:00:00+00:00,JPJ,Jump Jolt,827,741,1000,10,2,8
Aquarabia,2025-03-20 00:00:00+00:00,SST,Sea Stallion,2158,2072,2200,12,1,11
Six Flags,2025-03-20 00:00:00+00:00,AQT,Aquatopia,1210,1176,1800,8,2,6
Six Flags,2025-03-20 00:00:00+00:00,SPF,Spitfire,1185,1101,1500,9,2,7
Six Flags,2025-03-20 00:00:00+00:00,ARC,Arabian Carousel,890,812,900,8,1,7
Six Flags,2025-03-20 00:00:00+00:00,CYC,Canyon Charters,912,880,1200,10,3,7
Six Flags,2025-03-20 00:00:00+00:00,ADJ,Adventure Junction,966,908,1000,9,2,7
Six Flags,2025-03-20 00:00:00+00:00,TWE,Twilight Express,1928,1892,2000,8,1,7
Six Flags,2025-03-20 00:00:00+00:00,IRT,Iron Rattler,1751,1706,2400,8,4,4
Six Flags,2025-03-20 00:00:00+00:00,SRT,Sirocco Tower,2290,2250,2300,6,2,4
Six Flags,2025-03-20 00:00:00+00:00,FCF,Falcons Flight,2490,2450,2500,8,1,7
Six Flags,2025-03-20 00:00:00+00:00,SKW,Skywatch,1826,1746,2100,9,4,5
Aquarabia,2025-03-20 00:00:00+00:00,RFR,Raft Republic,1283,1237,1700,9,2,7
Aquarabia,2025-03-20 00:00:00+00:00,AMB,Amwaj Bay,1451,1358,1600,9,2,7
Aquarabia,2025-03-20 00:00:00+00:00,SPG,Splash Grotto,1859,1793,1900,11,1,10
Aquarabia,2025-03-20 00:00:00+00:00,ZZZ,ZipZapZoom,1170,1086,1400,10,2,8
Aquarabia,2025-03-20 00:00:00+00:00,TLC,The Lazy Camel,729,673,800,8,1,7
Aquarabia,2025-03-20 00:00:00+00:00,SFT,Surftopia,1290,1250,1300,9,1,8
Aquarabia,2025-03-20 00:00:00+00:00,HVP,Hyper Viper,1537,1457,2000,8,2,6
Aquarabia,2025-03-20 00:00:00+00:00,JND,Junoon Drop,890,835,1100,10,1,9
Aquarabia,2025-03-20 00:00:00+00:00,JPJ,Jump Jolt,790,758,1000,10,1,9
Aquarabia,2025-03-21 00:00:00+00:00,SST,Sea Stallion,2139,2069,2200,12,2,10
Six Flags,2025-03-21 00:00:00+00:00,AQT,Aquatopia,1687,1605,1800,8,1,7
Six Flags,2025-03-21 00:00:00+00:00,SPF,Spitfire,1440,1392,1500,9,1,8
Six Flags,2025-03-21 00:00:00+00:00,ARC,Arabian Carousel,890,827,900,8,2,6
Six Flags,2025-03-21 00:00:00+00:00,CYC,Canyon Charters,995,923,1200,10,3,7
Six Flags,2025-03-21 00:00:00+00:00,ADJ,Adventure Junction,990,950,1000,9,2,7
Six Flags,2025-03-21 00:00:00+00:00,TWE,Twilight Express,1607,1578,2000,8,1,7
Six Flags,2025-03-21 00:00:00+00:00,IRT,Iron Rattler,1754,1723,2400,8,5,3
Six Flags,2025-03-21 00:00:00+00:00,SRT,Sirocco Tower,1707,1624,2300,6,1,5
Six Flags,2025-03-21 00:00:00+00:00,FCF,Falcons Flight,2314,2258,2500,8,2,6
Six Flags,2025-03-21 00:00:00+00:00,SKW,Skywatch,1683,1645,2100,9,5,4
Aquarabia,2025-03-21 00:00:00+00:00,RFR,Raft Republic,1460,1427,1700,9,1,8
Aquarabia,2025-03-21 00:00:00+00:00,AMB,Amwaj Bay,1351,1324,1600,9,2,7
Aquarabia,2025-03-21 00:00:00+00:00,SPG,Splash Grotto,1622,1556,1900,11,2,9
Aquarabia,2025-03-21 00:00:00+00:00,ZZZ,ZipZapZoom,1216,1167,1400,10,1,9
Aquarabia,2025-03-21 00:00:00+00:00,TLC,The Lazy Camel,587,548,800,8,1,7
Aquarabia,2025-03-21 00:00:00+00:00,SFT,Surftopia,1053,989,1300,9,2,7
Aquarabia,2025-03-21 00:00:00+00:00,HVP,Hyper Viper,1472,1390,2000,8,2,6
Aquarabia,2025-03-21 00:00:00+00:00,JND,Junoon Drop,977,950,1100,10,2,8
Aquarabia,2025-03-21 00:00:00+00:00,JPJ,Jump Jolt,990,929,1000,10,1,9
Aquarabia,2025-03-22 00:00:00+00:00,SST,Sea Stallion,2144,2115,2200,12,2,10
Six Flags,2025-03-22 00:00:00+00:00,AQT,Aquatopia,1424,1337,1800,8,1,7
Six Flags,2025-03-22 00:00:00+00:00,SPF,Spitfire,1210,1145,1500,9,2,7
Six Flags,2025-03-22 00:00:00+00:00,ARC,Arabian Carousel,832,789,900,8,1,7
Six Flags,2025-03-22 00:00:00+00:00,CYC,Canyon Charters,1190,1150,1200,10,4,6
Six Flags,2025-03-22 00:00:00+00:00,ADJ,Adventure Junction,772,678,1000,9,1,8
Six Flags,2025-03-22 00:00:00+00:00,TWE,Twilight Express,1774,1699,2000,8,2,6
Six Flags,2025-03-22 00:00:00+00:00,IRT,Iron Rattler,2387,2288,2400,8,5,3
Six Flags,2025-03-22 00:00:00+00:00,SRT,Sirocco Tower,1682,1620,2300,6,1,5
Six Flags,2025-03-22 00:00:00+00:00,FCF,Falcons Flight,2490,2450,2500,8,1,7
Six Flags,2025-03-22 00:00:00+00:00,SKW,Skywatch,1602,1573,2100,9,4,5
Aquarabia,2025-03-22 00:00:00+00:00,RFR,Raft Republic,1505,1470,1700,9,1,8
Aquarabia,2025-03-22 00:00:00+00:00,AMB,Amwaj Bay,1219,1147,1600,9,2,7
Aquarabia,2025-03-22 00:00:00+00:00,SPG,Splash Grotto,1505,1455,1900,11,1,10
Aquarabia,2025-03-22 00:00:00+00:00,ZZZ,ZipZapZoom,1217,1157,1400,10,1,9
Aquarabia,2025-03-22 00:00:00+00:00,TLC,The Lazy Camel,613,528,800,8,2,6
Aquarabia,2025-03-22 00:00:00+00:00,SFT,Surftopia,987,918,1300,9,1,8
Aquarabia,2025-03-22 00:00:00+00:00,HVP,Hyper Viper,1821,1727,2000,8,2,6
Aquarabia,2025-03-22 00:00:00+00:00,JND,Junoon Drop,948,851,1100,10,2,8
Aquarabia,2025-03-22 00:00:00+00:00,JPJ,Jump Jolt,716,646,1000,10,2,8
Aquarabia,2025-03-23 00:00:00+00:00,SST,Sea Stallion,2190,2138,2200,12,1,11
Six Flags,2025-03-23 00:00:00+00:00,AQT,Aquatopia,1674,1651,1800,8,1,7
Six Flags,2025-03-23 00:00:00+00:00,SPF,Spitfire,1388,1337,1500,9,2,7
Six Flags,2025-03-23 00:00:00+00:00,ARC,Arabian Carousel,843,782,900,8,2,6
Six Flags,2025-03-23 00:00:00+00:00,CYC,Canyon Charters,1125,1098,1200,10,5,5
Six Flags,2025-03-23 00:00:00+00:00,ADJ,Adventure Junction,808,776,1000,9,1,8
Six Flags,2025-03-23 00:00:00+00:00,TWE,Twilight Express,1605,1558,2000,8,2,6
Six Flags,2025-03-23 00:00:00+00:00,IRT,Iron Rattler,1874,1851,2400,8,4,4
Six Flags,2025-03-23 00:00:00+00:00,SRT,Sirocco Tower,2104,2079,2300,6,2,4
Six Flags,2025-03-23 00:00:00+00:00,FCF,Falcons Flight,2490,2450,2500,8,1,7
Six Flags,2025-03-23 00:00:00+00:00,SKW,Skywatch,1659,1613,2100,9,5,4
Aquarabia,2025-03-23 00:00:00+00:00,RFR,Raft Republic,1349,1264,1700,9,1,8
Aquarabia,2025-03-23 00:00:00+00:00,AMB,Amwaj Bay,1296,1275,1600,9,2,7
Aquarabia,2025-03-23 00:00:00+00:00,SPG,Splash Grotto,1365,1306,1900,11,2,9
Aquarabia,2025-03-23 00:00:00+00:00,ZZZ,ZipZapZoom,1180,1126,1400,10,2,8
Aquarabia,2025-03-23 00:00:00+00:00,TLC,The Lazy Camel,668,589,800,8,2,6
Aquarabia,2025-03-23 00:00:00+00:00,SFT,Surftopia,984,887,1300,9,2,7
Aquarabia,2025-03-23 00:00:00+00:00,HVP,Hyper Viper,1866,1798,2000,8,2,6
Aquarabia,2025-03-23 00:00:00+00:00,JND,Junoon Drop,884,854,1100,10,1,9
Aquarabia,2025-03-23 00:00:00+00:00,JPJ,Jump Jolt,865,779,1000,10,1,9
Aquarabia,2025-03-24 00:00:00+00:00,SST,Sea Stallion,2063,2024,2200,12,1,11
Six Flags,2025-03-24 00:00:00+00:00,AQT,Aquatopia,1607,1533,1800,8,2,6
Six Flags,2025-03-24 00:00:00+00:00,SPF,Spitfire,1173,1110,1500,9,1,8
Six Flags,2025-03-24 00:00:00+00:00,ARC,Arabian Carousel,752,653,900,8,1,7
Six Flags,2025-03-24 00:00:00+00:00,CYC,Canyon Charters,909,859,1200,10,4,6
Six Flags,2025-03-24 00:00:00+00:00,ADJ,Adventure Junction,940,846,1000,9,1,8
Six Flags,2025-03-24 00:00:00+00:00,TWE,Twilight Express,1669,1642,2000,8,1,7
Six Flags,2025-03-24 00:00:00+00:00,IRT,Iron Rattler,1816,1762,2400,8,5,3
Six Flags,2025-03-24 00:00:00+00:00,SRT,Sirocco Tower,1757,1684,2300,6,1,5
Six Flags,2025-03-24 00:00:00+00:00,FCF,Falcons Flight,2490,2419,2500,8,1,7
Six Flags,2025-03-24 00:00:00+00:00,SKW,Skywatch,1464,1430,2100,9,4,5
Aquarabia,2025-03-24 00:00:00+00:00,RFR,Raft Republic,1478,1408,1700,9,1,8
Aquarabia,2025-03-24 00:00:00+00:00,AMB,Amwaj Bay,1215,1176,1600,9,1,8
Aquarabia,2025-03-24 00:00:00+00:00,SPG,Splash Grotto,1387,1291,1900,11,1,10
Aquarabia,2025-03-24 00:00:00+00:00,ZZZ,ZipZapZoom,1034,1007,1400,10,1,9
Aquarabia,2025-03-24 00:00:00+00:00,TLC,The Lazy Camel,687,602,800,8,2,6
Aquarabia,2025-03-24 00:00:00+00:00,SFT,Surftopia,1240,1165,1300,9,1,8
Aquarabia,2025-03-24 00:00:00+00:00,HVP,Hyper Viper,1734,1660,2000,8,1,7
Aquarabia,2025-03-24 00:00:00+00:00,JND,Junoon Drop,1048,1006,1100,10,1,9
Aquarabia,2025-03-24 00:00:00+00:00,JPJ,Jump Jolt,947,848,1000,10,1,9
Aquarabia,2025-03-25 00:00:00+00:00,SST,Sea Stallion,2178,2134,2200,12,2,10
Six Flags,2025-03-25 00:00:00+00:00,AQT,Aquatopia,1583,1489,1800,8,2,6
Six Flags,2025-03-25 00:00:00+00:00,SPF,Spitfire,1179,1159,1500,9,2,7
Six Flags,2025-03-25 00:00:00+00:00,ARC,Arabian Carousel,881,842,900,8,2,6
Six Flags,2025-03-25 00:00:00+00:00,CYC,Canyon Charters,1140,1069,1200,10,5,5
Six Flags,2025-03-25 00:00:00+00:00,ADJ,Adventure Junction,922,859,1000,9,1,8
Six Flags,2025-03-25 00:00:00+00:00,TWE,Twilight Express,1663,1616,2000,8,1,7
Six Flags,2025-03-25 00:00:00+00:00,IRT,Iron Rattler,2345,2302,2400,8,4,4
Six Flags,2025-03-25 00:00:00+00:00,SRT,Sirocco Tower,2053,1988,2300,6,2,4
Six Flags,2025-03-25 00:00:00+00:00,FCF,Falcons Flight,2257,2233,2500,8,1,7
Six Flags,2025-03-25 00:00:00+00:00,SKW,Skywatch,1844,1767,2100,9,5,4
Aquarabia,2025-03-25 00:00:00+00:00,RFR,Raft Republic,1433,1342,1700,9,1,8
Aquarabia,2025-03-25 00:00:00+00:00,AMB,Amwaj Bay,1558,1522,1600,9,2,7
Aquarabia,2025-03-25 00:00:00+00:00,SPG,Splash Grotto,1489,1397,1900,11,1,10
Aquarabia,2025-03-25 00:00:00+00:00,ZZZ,ZipZapZoom,1017,951,1400,10,1,9
Aquarabia,2025-03-25 00:00:00+00:00,TLC,The Lazy Camel,605,554,800,8,2,6
Aquarabia,2025-03-25 00:00:00+00:00,SFT,Surftopia,897,855,1300,9,1,8
Aquarabia,2025-03-25 00:00:00+00:00,HVP,Hyper Viper,1650,1577,2000,8,2,6
Aquarabia,2025-03-25 00:00:00+00:00,JND,Junoon Drop,1004,939,1100,10,1,9
Aquarabia,2025-03-25 00:00:00+00:00,JPJ,Jump Jolt,851,770,1000,10,2,8
Aquarabia,2025-03-26 00:00:00+00:00,SST,Sea Stallion,1879,1859,2200,12,2,10
Six Flags,2025-03-26 00:00:00+00:00,AQT,Aquatopia,1745,1715,1800,8,2,6
Six Flags,2025-03-26 00:00:00+00:00,SPF,Spitfire,1277,1246,1500,9,2,7
Six Flags,2025-03-26 00:00:00+00:00,ARC,Arabian Carousel,761,671,900,8,1,7
Six Flags,2025-03-26 00:00:00+00:00,CYC,Canyon Charters,1092,1034,1200,10,4,6
Six Flags,2025-03-26 00:00:00+00:00,ADJ,Adventure Junction,961,902,1000,9,2,7
Six Flags,2025-03-26 00:00:00+00:00,TWE,Twilight Express,1845,1793,2000,8,1,7
Six Flags,2025-03-26 00:00:00+00:00,IRT,Iron Rattler,2390,2350,2400,8,3,5
Six Flags,2025-03-26 00:00:00+00:00,SRT,Sirocco Tower,1710,1680,2300,6,1,5
Six Flags,2025-03-26 00:00:00+00:00,FCF,Falcons Flight,2372,2276,2500,8,1,7
Six Flags,2025-03-26 00:00:00+00:00,SKW,Skywatch,1522,1462,2100,9,4,5
Aquarabia,2025-03-26 00:00:00+00:00,RFR,Raft Republic,1303,1263,1700,9,1,8
Aquarabia,2025-03-26 00:00:00+00:00,AMB,Amwaj Bay,1172,1141,1600,9,2,7
Aquarabia,2025-03-26 00:00:00+00:00,SPG,Splash Grotto,1594,1508,1900,11,2,9
Aquarabia,2025-03-26 00:00:00+00:00,ZZZ,ZipZapZoom,1118,1034,1400,10,1,9
Aquarabia,2025-03-26 00:00:00+00:00,TLC,The Lazy Camel,772,728,800,8,1,7
Aquarabia,2025-03-26 00:00:00+00:00,SFT,Surftopia,1012,932,1300,9,2,7
Aquarabia,2025-03-26 00:00:00+00:00,HVP,Hyper Viper,1837,1802,2000,8,1,7
Aquarabia,2025-03-26 00:00:00+00:00,JND,Junoon Drop,1001,909,1100,10,1,9
Aquarabia,2025-03-26 00:00:00+00:00,JPJ,Jump Jolt,832,800,1000,10,2,8
Aquarabia,2025-03-27 00:00:00+00:00,SST,Sea Stallion,2190,2150,2200,12,2,10
Six Flags,2025-03-27 00:00:00+00:00,AQT,Aquatopia,1304,1210,1800,8,2,6
Six Flags,2025-03-27 00:00:00+00:00,SPF,Spitfire,1352,1318,1500,9,2,7
Six Flags,2025-03-27 00:00:00+00:00,ARC,Arabian Carousel,890,828,900,8,2,6
Six Flags,2025-03-27 00:00:00+00:00,CYC,Canyon Charters,962,926,1200,10,5,5
Six Flags,2025-03-27 00:00:00+00:00,ADJ,Adventure Junction,990,950,1000,9,1,8
Six Flags,2025-03-27 00:00:00+00:00,TWE,Twilight Express,1575,1502,2000,8,2,6
Six Flags,2025-03-27 00:00:00+00:00,IRT,Iron Rattler,1860,1771,2400,8,3,5
Six Flags,2025-03-27 00:00:00+00:00,SRT,Sirocco Tower,2199,2143,2300,6,2,4
Six Flags,2025-03-27 00:00:00+00:00,FCF,Falcons Flight,2431,2402,2500,8,1,7
Six Flags,2025-03-27 00:00:00+00:00,SKW,Skywatch,1700,1613,2100,9,4,5
Aquarabia,2025-03-27 00:00:00+00:00,RFR,Raft Republic,1621,1544,1700,9,2,7
Aquarabia,2025-03-27 00:00:00+00:00,AMB,Amwaj Bay,1426,1376,1600,9,2,7
Aquarabia,2025-03-27 00:00:00+00:00,SPG,Splash Grotto,1607,1573,1900,11,1,10
Aquarabia,2025-03-27 00:00:00+00:00,ZZZ,ZipZapZoom,1137,1094,1400,10,1,9
Aquarabia,2025-03-27 00:00:00+00:00,TLC,The Lazy Camel,622,531,800,8,1,7
Aquarabia,2025-03-27 00:00:00+00:00,SFT,Surftopia,1172,1097,1300,9,1,8
Aquarabia,2025-03-27 00:00:00+00:00,HVP,Hyper Viper,1926,1905,2000,8,2,6
Aquarabia,2025-03-27 00:00:00+00:00,JND,Junoon Drop,823,771,1100,10,2,8
Aquarabia,2025-03-27 00:00:00+00:00,JPJ,Jump Jolt,637,604,1000,10,1,9
Aquarabia,2025-03-28 00:00:00+00:00,SST,Sea Stallion,2190,2150,2200,12,2,10
Six Flags,2025-03-28 00:00:00+00:00,AQT,Aquatopia,1779,1750,1800,8,1,7
Six Flags,2025-03-28 00:00:00+00:00,SPF,Spitfire,1420,1377,1500,9,1,8
Six Flags,2025-03-28 00:00:00+00:00,ARC,Arabian Carousel,761,714,900,8,2,6
Six Flags,2025-03-28 00:00:00+00:00,CYC,Canyon Charters,1087,1024,1200,10,3,7
Six Flags,2025-03-28 00:00:00+00:00,ADJ,Adventure Junction,900,840,1000,9,2,7
Six Flags,2025-03-28 00:00:00+00:00,TWE,Twilight Express,1850,1773,2000,8,2,6
Six Flags,2025-03-28 00:00:00+00:00,IRT,Iron Rattler,2032,2003,2400,8,5,3
Six Flags,2025-03-28 00:00:00+00:00,SRT,Sirocco Tower,1666,1635,2300,6,2,4
Six Flags,2025-03-28 00:00:00+00:00,FCF,Falcons Flight,2363,2325,2500,8,1,7
Six Flags,2025-03-28 00:00:00+00:00,SKW,Skywatch,1461,1406,2100,9,3,6
Aquarabia,2025-03-28 00:00:00+00:00,RFR,Raft Republic,1547,1521,1700,9,1,8
Aquarabia,2025-03-28 00:00:00+00:00,AMB,Amwaj Bay,1111,1012,1600,9,2,7
Aquarabia,2025-03-28 00:00:00+00:00,SPG,Splash Grotto,1583,1558,1900,11,2,9
Aquarabia,2025-03-28 00:00:00+00:00,ZZZ,ZipZapZoom,1360,1274,1400,10,2,8
Aquarabia,2025-03-28 00:00:00+00:00,TLC,The Lazy Camel,693,668,800,8,1,7
Aquarabia,2025-03-28 00:00:00+00:00,SFT,Surftopia,927,901,1300,9,1,8
Aquarabia,2025-03-28 00:00:00+00:00,HVP,Hyper Viper,1861,1771,2000,8,2,6
Aquarabia,2025-03-28 00:00:00+00:00,JND,Junoon Drop,867,788,1100,10,1,9
Aquarabia,2025-03-28 00:00:00+00:00,JPJ,Jump Jolt,902,862,1000,10,1,9
Aquarabia,2025-03-29 00:00:00+00:00,SST,Sea Stallion,1887,1824,2200,12,2,10
Six Flags,2025-03-29 00:00:00+00:00,AQT,Aquatopia,1406,1365,1800,8,1,7
Six Flags,2025-03-29 00:00:00+00:00,SPF,Spitfire,1362,1291,1500,9,1,8
Six Flags,2025-03-29 00:00:00+00:00,ARC,Arabian Carousel,804,710,900,8,1,7
Six Flags,2025-03-29 00:00:00+00:00,CYC,Canyon Charters,1022,944,1200,10,4,6
Six Flags,2025-03-29 00:00:00+00:00,ADJ,Adventure Junction,868,770,1000,9,1,8
Six Flags,2025-03-29 00:00:00+00:00,TWE,Twilight Express,1934,1871,2000,8,2,6
Six Flags,2025-03-29 00:00:00+00:00,IRT,Iron Rattler,2146,2067,2400,8,3,5
Six Flags,2025-03-29 00:00:00+00:00,SRT,Sirocco Tower,1744,1679,2300,6,2,4
Six Flags,2025-03-29 00:00:00+00:00,FCF,Falcons Flight,2332,2265,2500,8,1,7
Six Flags,2025-03-29 00:00:00+00:00,SKW,Skywatch,1796,1714,2100,9,5,4
Aquarabia,2025-03-29 00:00:00+00:00,RFR,Raft Republic,1142,1116,1700,9,2,7
Aquarabia,2025-03-29 00:00:00+00:00,AMB,Amwaj Bay,1269,1182,1600,9,2,7
Aquarabia,2025-03-29 00:00:00+00:00,SPG,Splash Grotto,1618,1583,1900,11,2,9
Aquarabia,2025-03-29 00:00:00+00:00,ZZZ,ZipZapZoom,1390,1350,1400,10,2,8
Aquarabia,2025-03-29 00:00:00+00:00,TLC,The Lazy Camel,671,647,800,8,1,7
Aquarabia,2025-03-29 00:00:00+00:00,SFT,Surftopia,926,848,1300,9,2,7
Aquarabia,2025-03-29 00:00:00+00:00,HVP,Hyper Viper,1551,1454,2000,8,2,6
Aquarabia,2025-03-29 00:00:00+00:00,JND,Junoon Drop,725,704,1100,10,2,8
Aquarabia,2025-03-29 00:00:00+00:00,JPJ,Jump Jolt,779,713,1000,10,1,9
Aquarabia,2025-03-30 00:00:00+00:00,SST,Sea Stallion,1910,1825,2200,12,2,10
Six Flags,2025-03-30 00:00:00+00:00,AQT,Aquatopia,1731,1669,1800,8,2,6
Six Flags,2025-03-30 00:00:00+00:00,SPF,Spitfire,1131,1069,1500,9,2,7
Six Flags,2025-03-30 00:00:00+00:00,ARC,Arabian Carousel,817,721,900,8,2,6
Six Flags,2025-03-30 00:00:00+00:00,CYC,Canyon Charters,1082,1019,1200,10,5,5
Six Flags,2025-03-30 00:00:00+00:00,ADJ,Adventure Junction,918,833,1000,9,1,8
Six Flags,2025-03-30 00:00:00+00:00,TWE,Twilight Express,1549,1510,2000,8,2,6
Six Flags,2025-03-30 00:00:00+00:00,IRT,Iron Rattler,2085,2058,2400,8,5,3
Six Flags,2025-03-30 00:00:00+00:00,SRT,Sirocco Tower,2034,1968,2300,6,2,4
Six Flags,2025-03-30 00:00:00+00:00,FCF,Falcons Flight,2365,2323,2500,8,1,7
Six Flags,2025-03-30 00:00:00+00:00,SKW,Skywatch,1835,1776,2100,9,4,5
Aquarabia,2025-03-30 00:00:00+00:00,RFR,Raft Republic,1255,1164,1700,9,1,8
Aquarabia,2025-03-30 00:00:00+00:00,AMB,Amwaj Bay,1509,1461,1600,9,2,7
Aquarabia,2025-03-30 00:00:00+00:00,SPG,Splash Grotto,1745,1663,1900,11,1,10
Aquarabia,2025-03-30 00:00:00+00:00,ZZZ,ZipZapZoom,1174,1116,1400,10,2,8
Aquarabia,2025-03-30 00:00:00+00:00,TLC,The Lazy Camel,658,572,800,8,1,7
Aquarabia,2025-03-30 00:00:00+00:00,SFT,Surftopia,1162,1063,1300,9,2,7
Aquarabia,2025-03-30 00:00:00+00:00,HVP,Hyper Viper,1671,1631,2000,8,1,7
Aquarabia,2025-03-30 00:00:00+00:00,JND,Junoon Drop,943,905,1100,10,2,8
Aquarabia,2025-03-30 00:00:00+00:00,JPJ,Jump Jolt,872,800,1000,10,2,8
Aquarabia,2025-03-31 00:00:00+00:00,SST,Sea Stallion,1819,1782,2200,12,1,11
Six Flags,2025-03-31 00:00:00+00:00,AQT,Aquatopia,1613,1529,1800,8,2,6
Six Flags,2025-03-31 00:00:00+00:00,SPF,Spitfire,1222,1178,1500,9,1,8
Six Flags,2025-03-31 00:00:00+00:00,ARC,Arabian Carousel,794,695,900,8,2,6
Six Flags,2025-03-31 00:00:00+00:00,CYC,Canyon Charters,937,893,1200,10,3,7
Six Flags,2025-03-31 00:00:00+00:00,ADJ,Adventure Junction,957,900,1000,9,1,8
Six Flags,2025-03-31 00:00:00+00:00,TWE,Twilight Express,1492,1413,2000,8,1,7
Six Flags,2025-03-31 00:00:00+00:00,IRT,Iron Rattler,1724,1644,2400,8,4,4
Six Flags,2025-03-31 00:00:00+00:00,SRT,Sirocco Tower,1968,1883,2300,6,1,5
Six Flags,2025-03-31 00:00:00+00:00,FCF,Falcons Flight,2490,2450,2500,8,2,6
Six Flags,2025-03-31 00:00:00+00:00,SKW,Skywatch,1916,1864,2100,9,3,6
Aquarabia,2025-03-31 00:00:00+00:00,RFR,Raft Republic,1534,1455,1700,9,2,7
Aquarabia,2025-03-31 00:00:00+00:00,AMB,Amwaj Bay,1184,1127,1600,9,2,7
Aquarabia,2025-03-31 00:00:00+00:00,SPG,Splash Grotto,1713,1653,1900,11,1,10
Aquarabia,2025-03-31 00:00:00+00:00,ZZZ,ZipZapZoom,1014,943,1400,10,1,9
Aquarabia,2025-03-31 00:00:00+00:00,TLC,The Lazy Camel,614,532,800,8,1,7
Aquarabia,2025-03-31 00:00:00+00:00,SFT,Surftopia,1028,998,1300,9,1,8
Aquarabia,2025-03-31 00:00:00+00:00,HVP,Hyper Viper,1504,1439,2000,8,2,6
Aquarabia,2025-03-31 00:00:00+00:00,JND,Junoon Drop,960,885,1100,10,2,8
Aquarabia,2025-03-31 00:00:00+00:00,JPJ,Jump Jolt,990,918,1000,10,2,8
Aquarabia,2025-04-01 00:00:00+00:00,SST,Sea Stallion,1295,1239,2200,12,2,10
Six Flags,2025-04-01 00:00:00+00:00,AQT,Aquatopia,975,947,1800,8,2,6
Six Flags,2025-04-01 00:00:00+00:00,SPF,Spitfire,947,889,1500,9,2,7
Six Flags,2025-04-01 00:00:00+00:00,ARC,Arabian Carousel,564,514,900,8,1,7
Six Flags,2025-04-01 00:00:00+00:00,CYC,Canyon Charters,778,729,1200,10,4,6
Six Flags,2025-04-01 00:00:00+00:00,ADJ,Adventure Junction,595,521,1000,9,1,8
Six Flags,2025-04-01 00:00:00+00:00,TWE,Twilight Express,1242,1182,2000,8,2,6
Six Flags,2025-04-01 00:00:00+00:00,IRT,Iron Rattler,1460,1399,2400,8,5,3
Six Flags,2025-04-01 00:00:00+00:00,SRT,Sirocco Tower,1250,1209,2300,6,1,5
Six Flags,2025-04-01 00:00:00+00:00,FCF,Falcons Flight,1928,1833,2500,8,1,7
Six Flags,2025-04-01 00:00:00+00:00,SKW,Skywatch,1170,1072,2100,9,5,4
Aquarabia,2025-04-01 00:00:00+00:00,RFR,Raft Republic,897,810,1700,9,2,7
Aquarabia,2025-04-01 00:00:00+00:00,AMB,Amwaj Bay,885,786,1600,9,1,8
Aquarabia,2025-04-01 00:00:00+00:00,SPG,Splash Grotto,943,923,1900,11,2,9
Aquarabia,2025-04-01 00:00:00+00:00,ZZZ,ZipZapZoom,803,762,1400,10,2,8
Aquarabia,2025-04-01 00:00:00+00:00,TLC,The Lazy Camel,554,459,800,8,2,6
Aquarabia,2025-04-01 00:00:00+00:00,SFT,Surftopia,675,599,1300,9,1,8
Aquarabia,2025-04-01 00:00:00+00:00,HVP,Hyper Viper,918,840,2000,8,1,7
Aquarabia,2025-04-01 00:00:00+00:00,JND,Junoon Drop,620,598,1100,10,2,8
Aquarabia,2025-04-01 00:00:00+00:00,JPJ,Jump Jolt,572,512,1000,10,2,8
Aquarabia,2025-04-02 00:00:00+00:00,SST,Sea Stallion,1154,1091,2200,12,2,10
Six Flags,2025-04-02 00:00:00+00:00,AQT,Aquatopia,997,923,1800,8,1,7
Six Flags,2025-04-02 00:00:00+00:00,SPF,Spitfire,938,905,1500,9,1,8
Six Flags,2025-04-02 00:00:00+00:00,ARC,Arabian Carousel,620,525,900,8,1,7
Six Flags,2025-04-02 00:00:00+00:00,CYC,Canyon Charters,806,768,1200,10,4,6
Six Flags,2025-04-02 00:00:00+00:00,ADJ,Adventure Junction,561,502,1000,9,2,7
Six Flags,2025-04-02 00:00:00+00:00,TWE,Twilight Express,1210,1148,2000,8,2,6
Six Flags,2025-04-02 00:00:00+00:00,IRT,Iron Rattler,1265,1228,2400,8,4,4
Six Flags,2025-04-02 00:00:00+00:00,SRT,Sirocco Tower,1275,1183,2300,6,1,5
Six Flags,2025-04-02 00:00:00+00:00,FCF,Falcons Flight,1821,1787,2500,8,1,7
Six Flags,2025-04-02 00:00:00+00:00,SKW,Skywatch,1417,1340,2100,9,5,4
Aquarabia,2025-04-02 00:00:00+00:00,RFR,Raft Republic,932,912,1700,9,1,8
Aquarabia,2025-04-02 00:00:00+00:00,AMB,Amwaj Bay,744,711,1600,9,1,8
Aquarabia,2025-04-02 00:00:00+00:00,SPG,Splash Grotto,928,872,1900,11,2,9
Aquarabia,2025-04-02 00:00:00+00:00,ZZZ,ZipZapZoom,622,597,1400,10,2,8
Aquarabia,2025-04-02 00:00:00+00:00,TLC,The Lazy Camel,561,465,800,8,2,6
Aquarabia,2025-04-02 00:00:00+00:00,SFT,Surftopia,684,614,1300,9,1,8
Aquarabia,2025-04-02 00:00:00+00:00,HVP,Hyper Viper,986,942,2000,8,1,7
Aquarabia,2025-04-02 00:00:00+00:00,JND,Junoon Drop,692,629,1100,10,2,8
Aquarabia,2025-04-02 00:00:00+00:00,JPJ,Jump Jolt,585,557,1000,10,2,8
Aquarabia,2025-04-03 00:00:00+00:00,SST,Sea Stallion,1443,1356,2200,12,2,10
Six Flags,2025-04-03 00:00:00+00:00,AQT,Aquatopia,965,904,1800,8,2,6
Six Flags,2025-04-03 00:00:00+00:00,SPF,Spitfire,796,700,1500,9,2,7
Six Flags,2025-04-03 00:00:00+00:00,ARC,Arabian Carousel,588,559,900,8,2,6
Six Flags,2025-04-03 00:00:00+00:00,CYC,Canyon Charters,743,699,1200,10,3,7
Six Flags,2025-04-03 00:00:00+00:00,ADJ,Adventure Junction,609,567,1000,9,2,7
Six Flags,2025-04-03 00:00:00+00:00,TWE,Twilight Express,1116,1091,2000,8,1,7
Six Flags,2025-04-03 00:00:00+00:00,IRT,Iron Rattler,1524,1482,2400,8,4,4
Six Flags,2025-04-03 00:00:00+00:00,SRT,Sirocco Tower,1403,1338,2300,6,2,4
Six Flags,2025-04-03 00:00:00+00:00,FCF,Falcons Flight,1670,1622,2500,8,1,7
Six Flags,2025-04-03 00:00:00+00:00,SKW,Skywatch,1227,1163,2100,9,4,5
Aquarabia,2025-04-03 00:00:00+00:00,RFR,Raft Republic,901,813,1700,9,1,8
Aquarabia,2025-04-03 00:00:00+00:00,AMB,Amwaj Bay,960,896,1600,9,2,7
Aquarabia,2025-04-03 00:00:00+00:00,SPG,Splash Grotto,1129,1035,1900,11,2,9
Aquarabia,2025-04-03 00:00:00+00:00,ZZZ,ZipZapZoom,681,638,1400,10,1,9
Aquarabia,2025-04-03 00:00:00+00:00,TLC,The Lazy Camel,434,406,800,8,2,6
Aquarabia,2025-04-03 00:00:00+00:00,SFT,Surftopia,707,609,1300,9,1,8
Aquarabia,2025-04-03 00:00:00+00:00,HVP,Hyper Viper,1282,1219,2000,8,1,7
Aquarabia,2025-04-03 00:00:00+00:00,JND,Junoon Drop,649,620,1100,10,1,9
Aquarabia,2025-04-03 00:00:00+00:00,JPJ,Jump Jolt,550,508,1000,10,1,9
Aquarabia,2025-04-04 00:00:00+00:00,SST,Sea Stallion,1365,1267,2200,12,1,11
Six Flags,2025-04-04 00:00:00+00:00,AQT,Aquatopia,1027,966,1800,8,1,7
Six Flags,2025-04-04 00:00:00+00:00,SPF,Spitfire,897,858,1500,9,2,7
Six Flags,2025-04-04 00:00:00+00:00,ARC,Arabian Carousel,616,533,900,8,1,7
Six Flags,2025-04-04 00:00:00+00:00,CYC,Canyon Charters,704,635,1200,10,4,6
Six Flags,2025-04-04 00:00:00+00:00,ADJ,Adventure Junction,623,589,1000,9,2,7
Six Flags,2025-04-04 00:00:00+00:00,TWE,Twilight Express,1402,1314,2000,8,1,7
Six Flags,2025-04-04 00:00:00+00:00,IRT,Iron Rattler,1377,1303,2400,8,4,4
Six Flags,2025-04-04 00:00:00+00:00,SRT,Sirocco Tower,1395,1356,2300,6,1,5
Six Flags,2025-04-04 00:00:00+00:00,FCF,Falcons Flight,1645,1578,2500,8,1,7
Six Flags,2025-04-04 00:00:00+00:00,SKW,Skywatch,1369,1322,2100,9,4,5
Aquarabia,2025-04-04 00:00:00+00:00,RFR,Raft Republic,1144,1115,1700,9,2,7
Aquarabia,2025-04-04 00:00:00+00:00,AMB,Amwaj Bay,1042,992,1600,9,1,8
Aquarabia,2025-04-04 00:00:00+00:00,SPG,Splash Grotto,965,927,1900,11,1,10
Aquarabia,2025-04-04 00:00:00+00:00,ZZZ,ZipZapZoom,816,792,1400,10,1,9
Aquarabia,2025-04-04 00:00:00+00:00,TLC,The Lazy Camel,518,422,800,8,1,7
Aquarabia,2025-04-04 00:00:00+00:00,SFT,Surftopia,829,752,1300,9,2,7
Aquarabia,2025-04-04 00:00:00+00:00,HVP,Hyper Viper,959,883,2000,8,1,7
Aquarabia,2025-04-04 00:00:00+00:00,JND,Junoon Drop,618,530,1100,10,2,8
Aquarabia,2025-04-04 00:00:00+00:00,JPJ,Jump Jolt,585,505,1000,10,2,8
Aquarabia,2025-04-05 00:00:00+00:00,SST,Sea Stallion,1253,1198,2200,12,2,10
Six Flags,2025-04-05 00:00:00+00:00,AQT,Aquatopia,1129,1092,1800,8,2,6
Six Flags,2025-04-05 00:00:00+00:00,SPF,Spitfire,944,876,1500,9,1,8
Six Flags,2025-04-05 00:00:00+00:00,ARC,Arabian Carousel,559,467,900,8,2,6
Six Flags,2025-04-05 00:00:00+00:00,CYC,Canyon Charters,612,525,1200,10,3,7
Six Flags,2025-04-05 00:00:00+00:00,ADJ,Adventure Junction,736,682,1000,9,2,7
Six Flags,2025-04-05 00:00:00+00:00,TWE,Twilight Express,1004,961,2000,8,1,7
Six Flags,2025-04-05 00:00:00+00:00,IRT,Iron Rattler,1577,1483,2400,8,3,5
Six Flags,2025-04-05 00:00:00+00:00,SRT,Sirocco Tower,1551,1506,2300,6,1,5
Six Flags,2025-04-05 00:00:00+00:00,FCF,Falcons Flight,1991,1911,2500,8,1,7
Six Flags,2025-04-05 00:00:00+00:00,SKW,Skywatch,1395,1352,2100,9,5,4
Aquarabia,2025-04-05 00:00:00+00:00,RFR,Raft Republic,920,841,1700,9,2,7
Aquarabia,2025-04-05 00:00:00+00:00,AMB,Amwaj Bay,927,838,1600,9,1,8
Aquarabia,2025-04-05 00:00:00+00:00,SPG,Splash Grotto,1201,1160,1900,11,1,10
Aquarabia,2025-04-05 00:00:00+00:00,ZZZ,ZipZapZoom,914,831,1400,10,2,8
Aquarabia,2025-04-05 00:00:00+00:00,TLC,The Lazy Camel,567,481,800,8,1,7
Aquarabia,2025-04-05 00:00:00+00:00,SFT,Surftopia,745,701,1300,9,2,7
Aquarabia,2025-04-05 00:00:00+00:00,HVP,Hyper Viper,1240,1157,2000,8,2,6
Aquarabia,2025-04-05 00:00:00+00:00,JND,Junoon Drop,542,520,1100,10,2,8
Aquarabia,2025-04-05 00:00:00+00:00,JPJ,Jump Jolt,651,596,1000,10,1,9
Aquarabia,2025-04-06 00:00:00+00:00,SST,Sea Stallion,1488,1464,2200,12,2,10
Six Flags,2025-04-06 00:00:00+00:00,AQT,Aquatopia,905,845,1800,8,2,6
Six Flags,2025-04-06 00:00:00+00:00,SPF,Spitfire,830,808,1500,9,2,7
Six Flags,2025-04-06 00:00:00+00:00,ARC,Arabian Carousel,594,540,900,8,1,7
Six Flags,2025-04-06 00:00:00+00:00,CYC,Canyon Charters,821,759,1200,10,3,7
Six Flags,2025-04-06 00:00:00+00:00,ADJ,Adventure Junction,615,577,1000,9,2,7
Six Flags,2025-04-06 00:00:00+00:00,TWE,Twilight Express,987,952,2000,8,2,6
Six Flags,2025-04-06 00:00:00+00:00,IRT,Iron Rattler,1295,1199,2400,8,3,5
Six Flags,2025-04-06 00:00:00+00:00,SRT,Sirocco Tower,1267,1199,2300,6,2,4
Six Flags,2025-04-06 00:00:00+00:00,FCF,Falcons Flight,1939,1893,2500,8,2,6
Six Flags,2025-04-06 00:00:00+00:00,SKW,Skywatch,1336,1247,2100,9,3,6
Aquarabia,2025-04-06 00:00:00+00:00,RFR,Raft Republic,1119,1022,1700,9,1,8
Aquarabia,2025-04-06 00:00:00+00:00,AMB,Amwaj Bay,1063,982,1600,9,2,7
Aquarabia,2025-04-06 00:00:00+00:00,SPG,Splash Grotto,945,918,1900,11,2,9
Aquarabia,2025-04-06 00:00:00+00:00,ZZZ,ZipZapZoom,742,714,1400,10,1,9
Aquarabia,2025-04-06 00:00:00+00:00,TLC,The Lazy Camel,489,439,800,8,2,6
Aquarabia,2025-04-06 00:00:00+00:00,SFT,Surftopia,845,753,1300,9,2,7
Aquarabia,2025-04-06 00:00:00+00:00,HVP,Hyper Viper,887,854,2000,8,1,7
Aquarabia,2025-04-06 00:00:00+00:00,JND,Junoon Drop,650,626,1100,10,2,8
Aquarabia,2025-04-06 00:00:00+00:00,JPJ,Jump Jolt,625,568,1000,10,2,8
Aquarabia,2025-04-07 00:00:00+00:00,SST,Sea Stallion,1641,1551,2200,12,1,11
Six Flags,2025-04-07 00:00:00+00:00,AQT,Aquatopia,1085,990,1800,8,2,6
Six Flags,2025-04-07 00:00:00+00:00,SPF,Spitfire,883,820,1500,9,2,7
Six Flags,2025-04-07 00:00:00+00:00,ARC,Arabian Carousel,543,511,900,8,1,7
Six Flags,2025-04-07 00:00:00+00:00,CYC,Canyon Charters,758,735,1200,10,4,6
Six Flags,2025-04-07 00:00:00+00:00,ADJ,Adventure Junction,564,499,1000,9,1,8
Six Flags,2025-04-07 00:00:00+00:00,TWE,Twilight Express,1256,1157,2000,8,2,6
Six Flags,2025-04-07 00:00:00+00:00,IRT,Iron Rattler,1330,1290,2400,8,4,4
Six Flags,2025-04-07 00:00:00+00:00,SRT,Sirocco Tower,1457,1366,2300,6,2,4
Six Flags,2025-04-07 00:00:00+00:00,FCF,Falcons Flight,1575,1496,2500,8,2,6
Six Flags,2025-04-07 00:00:00+00:00,SKW,Skywatch,1391,1319,2100,9,3,6
Aquarabia,2025-04-07 00:00:00+00:00,RFR,Raft Republic,1059,973,1700,9,1,8
Aquarabia,2025-04-07 00:00:00+00:00,AMB,Amwaj Bay,720,684,1600,9,2,7
Aquarabia,2025-04-07 00:00:00+00:00,SPG,Splash Grotto,1089,1017,1900,11,1,10
Aquarabia,2025-04-07 00:00:00+00:00,ZZZ,ZipZapZoom,713,661,1400,10,2,8
Aquarabia,2025-04-07 00:00:00+00:00,TLC,The Lazy Camel,386,337,800,8,2,6
Aquarabia,2025-04-07 00:00:00+00:00,SFT,Surftopia,626,582,1300,9,2,7
Aquarabia,2025-04-07 00:00:00+00:00,HVP,Hyper Viper,1264,1193,2000,8,1,7
Aquarabia,2025-04-07 00:00:00+00:00,JND,Junoon Drop,672,628,1100,10,2,8
Aquarabia,2025-04-07 00:00:00+00:00,JPJ,Jump Jolt,597,511,1000,10,2,8
Aquarabia,2025-04-08 00:00:00+00:00,SST,Sea Stallion,1376,1279,2200,12,2,10
Six Flags,2025-04-08 00:00:00+00:00,AQT,Aquatopia,1010,918,1800,8,2,6
Six Flags,2025-04-08 00:00:00+00:00,SPF,Spitfire,892,800,1500,9,1,8
Six Flags,2025-04-08 00:00:00+00:00,ARC,Arabian Carousel,503,440,900,8,2,6
Six Flags,2025-04-08 00:00:00+00:00,CYC,Canyon Charters,834,781,1200,10,4,6
Six Flags,2025-04-08 00:00:00+00:00,ADJ,Adventure Junction,654,625,1000,9,1,8
Six Flags,2025-04-08 00:00:00+00:00,TWE,Twilight Express,1316,1238,2000,8,2,6
Six Flags,2025-04-08 00:00:00+00:00,IRT,Iron Rattler,1568,1542,2400,8,4,4
Six Flags,2025-04-08 00:00:00+00:00,SRT,Sirocco Tower,1242,1219,2300,6,2,4
Six Flags,2025-04-08 00:00:00+00:00,FCF,Falcons Flight,1853,1766,2500,8,2,6
Six Flags,2025-04-08 00:00:00+00:00,SKW,Skywatch,1185,1125,2100,9,5,4
Aquarabia,2025-04-08 00:00:00+00:00,RFR,Raft Republic,1060,996,1700,9,2,7
Aquarabia,2025-04-08 00:00:00+00:00,AMB,Amwaj Bay,909,887,1600,9,2,7
Aquarabia,2025-04-08 00:00:00+00:00,SPG,Splash Grotto,1127,1052,1900,11,2,9
Aquarabia,2025-04-08 00:00:00+00:00,ZZZ,ZipZapZoom,812,778,1400,10,2,8
Aquarabia,2025-04-08 00:00:00+00:00,TLC,The Lazy Camel,581,498,800,8,1,7
Aquarabia,2025-04-08 00:00:00+00:00,SFT,Surftopia,667,642,1300,9,2,7
Aquarabia,2025-04-08 00:00:00+00:00,HVP,Hyper Viper,1448,1350,2000,8,1,7
Aquarabia,2025-04-08 00:00:00+00:00,JND,Junoon Drop,740,658,1100,10,1,9
Aquarabia,2025-04-08 00:00:00+00:00,JPJ,Jump Jolt,508,445,1000,10,2,8
Aquarabia,2025-04-09 00:00:00+00:00,SST,Sea Stallion,1465,1366,2200,12,1,11
Six Flags,2025-04-09 00:00:00+00:00,AQT,Aquatopia,1002,908,1800,8,1,7
Six Flags,2025-04-09 00:00:00+00:00,SPF,Spitfire,789,722,1500,9,1,8
Six Flags,2025-04-09 00:00:00+00:00,ARC,Arabian Carousel,495,440,900,8,1,7
Six Flags,2025-04-09 00:00:00+00:00,CYC,Canyon Charters,753,682,1200,10,5,5
Six Flags,2025-04-09 00:00:00+00:00,ADJ,Adventure Junction,516,454,1000,9,2,7
Six Flags,2025-04-09 00:00:00+00:00,TWE,Twilight Express,1163,1075,2000,8,1,7
Six Flags,2025-04-09 00:00:00+00:00,IRT,Iron Rattler,1290,1211,2400,8,4,4
Six Flags,2025-04-09 00:00:00+00:00,SRT,Sirocco Tower,1451,1361,2300,6,2,4
Six Flags,2025-04-09 00:00:00+00:00,FCF,Falcons Flight,1932,1874,2500,8,1,7
Six Flags,2025-04-09 00:00:00+00:00,SKW,Skywatch,1315,1254,2100,9,5,4
Aquarabia,2025-04-09 00:00:00+00:00,RFR,Raft Republic,925,856,1700,9,1,8
Aquarabia,2025-04-09 00:00:00+00:00,AMB,Amwaj Bay,787,727,1600,9,2,7
Aquarabia,2025-04-09 00:00:00+00:00,SPG,Splash Grotto,982,954,1900,11,2,9
Aquarabia,2025-04-09 00:00:00+00:00,ZZZ,ZipZapZoom,775,690,1400,10,2,8
Aquarabia,2025-04-09 00:00:00+00:00,TLC,The Lazy Camel,431,387,800,8,2,6
Aquarabia,2025-04-09 00:00:00+00:00,SFT,Surftopia,736,672,1300,9,1,8
Aquarabia,2025-04-09 00:00:00+00:00,HVP,Hyper Viper,1160,1125,2000,8,2,6
Aquarabia,2025-04-09 00:00:00+00:00,JND,Junoon Drop,698,665,1100,10,2,8
Aquarabia,2025-04-09 00:00:00+00:00,JPJ,Jump Jolt,502,444,1000,10,1,9
Aquarabia,2025-04-10 00:00:00+00:00,SST,Sea Stallion,1237,1197,2200,12,1,11
Six Flags,2025-04-10 00:00:00+00:00,AQT,Aquatopia,1067,1016,1800,8,1,7
Six Flags,2025-04-10 00:00:00+00:00,SPF,Spitfire,1005,925,1500,9,2,7
Six Flags,2025-04-10 00:00:00+00:00,ARC,Arabian Carousel,531,440,900,8,1,7
Six Flags,2025-04-10 00:00:00+00:00,CYC,Canyon Charters,878,787,1200,10,5,5
Six Flags,2025-04-10 00:00:00+00:00,ADJ,Adventure Junction,589,519,1000,9,2,7
Six Flags,2025-04-10 00:00:00+00:00,TWE,Twilight Express,1212,1135,2000,8,1,7
Six Flags,2025-04-10 00:00:00+00:00,IRT,Iron Rattler,1374,1277,2400,8,5,3
Six Flags,2025-04-10 00:00:00+00:00,SRT,Sirocco Tower,1086,1026,2300,6,1,5
Six Flags,2025-04-10 00:00:00+00:00,FCF,Falcons Flight,1744,1661,2500,8,1,7
Six Flags,2025-04-10 00:00:00+00:00,SKW,Skywatch,1080,1031,2100,9,3,6
Aquarabia,2025-04-10 00:00:00+00:00,RFR,Raft Republic,868,789,1700,9,1,8
Aquarabia,2025-04-10 00:00:00+00:00,AMB,Amwaj Bay,973,932,1600,9,2,7
Aquarabia,2025-04-10 00:00:00+00:00,SPG,Splash Grotto,1173,1117,1900,11,2,9
Aquarabia,2025-04-10 00:00:00+00:00,ZZZ,ZipZapZoom,764,733,1400,10,1,9
Aquarabia,2025-04-10 00:00:00+00:00,TLC,The Lazy Camel,529,440,800,8,2,6
Aquarabia,2025-04-10 00:00:00+00:00,SFT,Surftopia,781,756,1300,9,2,7
Aquarabia,2025-04-10 00:00:00+00:00,HVP,Hyper Viper,1001,907,2000,8,2,6
Aquarabia,2025-04-10 00:00:00+00:00,JND,Junoon Drop,688,622,1100,10,2,8
Aquarabia,2025-04-10 00:00:00+00:00,JPJ,Jump Jolt,570,503,1000,10,2,8
Aquarabia,2025-04-11 00:00:00+00:00,SST,Sea Stallion,1228,1186,2200,12,1,11
Six Flags,2025-04-11 00:00:00+00:00,AQT,Aquatopia,1214,1175,1800,8,1,7
Six Flags,2025-04-11 00:00:00+00:00,SPF,Spitfire,1022,966,1500,9,2,7
Six Flags,2025-04-11 00:00:00+00:00,ARC,Arabian Carousel,630,575,900,8,2,6
Six Flags,2025-04-11 00:00:00+00:00,CYC,Canyon Charters,805,735,1200,10,3,7
Six Flags,2025-04-11 00:00:00+00:00,ADJ,Adventure Junction,663,598,1000,9,2,7
Six Flags,2025-04-11 00:00:00+00:00,TWE,Twilight Express,1213,1118,2000,8,2,6
Six Flags,2025-04-11 00:00:00+00:00,IRT,Iron Rattler,1193,1095,2400,8,5,3
Six Flags,2025-04-11 00:00:00+00:00,SRT,Sirocco Tower,1249,1218,2300,6,1,5
Six Flags,2025-04-11 00:00:00+00:00,FCF,Falcons Flight,1780,1748,2500,8,2,6
Six Flags,2025-04-11 00:00:00+00:00,SKW,Skywatch,1364,1329,2100,9,3,6
Aquarabia,2025-04-11 00:00:00+00:00,RFR,Raft Republic,982,891,1700,9,1,8
Aquarabia,2025-04-11 00:00:00+00:00,AMB,Amwaj Bay,751,699,1600,9,2,7
Aquarabia,2025-04-11 00:00:00+00:00,SPG,Splash Grotto,1098,1021,1900,11,1,10
Aquarabia,2025-04-11 00:00:00+00:00,ZZZ,ZipZapZoom,716,694,1400,10,2,8
Aquarabia,2025-04-11 00:00:00+00:00,TLC,The Lazy Camel,461,394,800,8,2,6
Aquarabia,2025-04-11 00:00:00+00:00,SFT,Surftopia,815,777,1300,9,1,8
Aquarabia,2025-04-11 00:00:00+00:00,HVP,Hyper Viper,1151,1127,2000,8,2,6
Aquarabia,2025-04-11 00:00:00+00:00,JND,Junoon Drop,713,663,1100,10,1,9
Aquarabia,2025-04-11 00:00:00+00:00,JPJ,Jump Jolt,522,493,1000,10,1,9
Aquarabia,2025-04-12 00:00:00+00:00,SST,Sea Stallion,1556,1473,2200,12,1,11
Six Flags,2025-04-12 00:00:00+00:00,AQT,Aquatopia,950,910,1800,8,2,6
Six Flags,2025-04-12 00:00:00+00:00,SPF,Spitfire,789,708,1500,9,1,8
Six Flags,2025-04-12 00:00:00+00:00,ARC,Arabian Carousel,511,462,900,8,1,7
Six Flags,2025-04-12 00:00:00+00:00,CYC,Canyon Charters,577,537,1200,10,3,7
Six Flags,2025-04-12 00:00:00+00:00,ADJ,Adventure Junction,731,634,1000,9,2,7
Six Flags,2025-04-12 00:00:00+00:00,TWE,Twilight Express,1105,1067,2000,8,2,6
Six Flags,2025-04-12 00:00:00+00:00,IRT,Iron Rattler,1263,1213,2400,8,4,4
Six Flags,2025-04-12 00:00:00+00:00,SRT,Sirocco Tower,1279,1188,2300,6,2,4
Six Flags,2025-04-12 00:00:00+00:00,FCF,Falcons Flight,1860,1763,2500,8,1,7
Six Flags,2025-04-12 00:00:00+00:00,SKW,Skywatch,1425,1384,2100,9,4,5
Aquarabia,2025-04-12 00:00:00+00:00,RFR,Raft Republic,868,839,1700,9,1,8
Aquarabia,2025-04-12 00:00:00+00:00,AMB,Amwaj Bay,830,746,1600,9,2,7
Aquarabia,2025-04-12 00:00:00+00:00,SPG,Splash Grotto,1152,1121,1900,11,2,9
Aquarabia,2025-04-12 00:00:00+00:00,ZZZ,ZipZapZoom,772,690,1400,10,2,8
Aquarabia,2025-04-12 00:00:00+00:00,TLC,The Lazy Camel,557,478,800,8,1,7
Aquarabia,2025-04-12 00:00:00+00:00,SFT,Surftopia,658,578,1300,9,1,8
Aquarabia,2025-04-12 00:00:00+00:00,HVP,Hyper Viper,1172,1093,2000,8,1,7
Aquarabia,2025-04-12 00:00:00+00:00,JND,Junoon Drop,505,455,1100,10,1,9
Aquarabia,2025-04-12 00:00:00+00:00,JPJ,Jump Jolt,610,521,1000,10,2,8
Aquarabia,2025-04-13 00:00:00+00:00,SST,Sea Stallion,1198,1170,2200,12,1,11
Six Flags,2025-04-13 00:00:00+00:00,AQT,Aquatopia,1032,955,1800,8,1,7
Six Flags,2025-04-13 00:00:00+00:00,SPF,Spitfire,895,802,1500,9,2,7
Six Flags,2025-04-13 00:00:00+00:00,ARC,Arabian Carousel,529,499,900,8,1,7
Six Flags,2025-04-13 00:00:00+00:00,CYC,Canyon Charters,720,676,1200,10,4,6
Six Flags,2025-04-13 00:00:00+00:00,ADJ,Adventure Junction,706,614,1000,9,2,7
Six Flags,2025-04-13 00:00:00+00:00,TWE,Twilight Express,1303,1280,2000,8,2,6
Six Flags,2025-04-13 00:00:00+00:00,IRT,Iron Rattler,1701,1660,2400,8,5,3
Six Flags,2025-04-13 00:00:00+00:00,SRT,Sirocco Tower,1109,1055,2300,6,1,5
Six Flags,2025-04-13 00:00:00+00:00,FCF,Falcons Flight,2090,2015,2500,8,1,7
Six Flags,2025-04-13 00:00:00+00:00,SKW,Skywatch,1345,1273,2100,9,3,6
Aquarabia,2025-04-13 00:00:00+00:00,RFR,Raft Republic,1006,958,1700,9,2,7
Aquarabia,2025-04-13 00:00:00+00:00,AMB,Amwaj Bay,822,737,1600,9,1,8
Aquarabia,2025-04-13 00:00:00+00:00,SPG,Splash Grotto,1287,1250,1900,11,1,10
Aquarabia,2025-04-13 00:00:00+00:00,ZZZ,ZipZapZoom,857,833,1400,10,1,9
Aquarabia,2025-04-13 00:00:00+00:00,TLC,The Lazy Camel,495,454,800,8,1,7
Aquarabia,2025-04-13 00:00:00+00:00,SFT,Surftopia,697,640,1300,9,2,7
Aquarabia,2025-04-13 00:00:00+00:00,HVP,Hyper Viper,1274,1210,2000,8,2,6
Aquarabia,2025-04-13 00:00:00+00:00,JND,Junoon Drop,768,681,1100,10,2,8
Aquarabia,2025-04-13 00:00:00+00:00,JPJ,Jump Jolt,567,527,1000,10,2,8
Aquarabia,2025-04-14 00:00:00+00:00,SST,Sea Stallion,1229,1158,2200,12,1,11
Six Flags,2025-04-14 00:00:00+00:00,AQT,Aquatopia,1158,1090,1800,8,2,6
Six Flags,2025-04-14 00:00:00+00:00,SPF,Spitfire,864,785,1500,9,2,7
Six Flags,2025-04-14 00:00:00+00:00,ARC,Arabian Carousel,518,419,900,8,2,6
Six Flags,2025-04-14 00:00:00+00:00,CYC,Canyon Charters,633,568,1200,10,5,5
Six Flags,2025-04-14 00:00:00+00:00,ADJ,Adventure Junction,670,589,1000,9,1,8
Six Flags,2025-04-14 00:00:00+00:00,TWE,Twilight Express,1161,1141,2000,8,1,7
Six Flags,2025-04-14 00:00:00+00:00,IRT,Iron Rattler,1387,1314,2400,8,3,5
Six Flags,2025-04-14 00:00:00+00:00,SRT,Sirocco Tower,1418,1368,2300,6,1,5
Six Flags,2025-04-14 00:00:00+00:00,FCF,Falcons Flight,2013,1973,2500,8,2,6
Six Flags,2025-04-14 00:00:00+00:00,SKW,Skywatch,1274,1187,2100,9,5,4
Aquarabia,2025-04-14 00:00:00+00:00,RFR,Raft Republic,875,785,1700,9,2,7
Aquarabia,2025-04-14 00:00:00+00:00,AMB,Amwaj Bay,1019,930,1600,9,2,7
Aquarabia,2025-04-14 00:00:00+00:00,SPG,Splash Grotto,1177,1095,1900,11,2,9
Aquarabia,2025-04-14 00:00:00+00:00,ZZZ,ZipZapZoom,843,754,1400,10,1,9
Aquarabia,2025-04-14 00:00:00+00:00,TLC,The Lazy Camel,502,461,800,8,1,7
Aquarabia,2025-04-14 00:00:00+00:00,SFT,Surftopia,611,569,1300,9,1,8
Aquarabia,2025-04-14 00:00:00+00:00,HVP,Hyper Viper,1177,1088,2000,8,1,7
Aquarabia,2025-04-14 00:00:00+00:00,JND,Junoon Drop,678,591,1100,10,1,9
Aquarabia,2025-04-14 00:00:00+00:00,JPJ,Jump Jolt,584,502,1000,10,1,9
Aquarabia,2025-04-15 00:00:00+00:00,SST,Sea Stallion,1552,1488,2200,12,1,11
Six Flags,2025-04-15 00:00:00+00:00,AQT,Aquatopia,1132,1094,1800,8,1,7
Six Flags,2025-04-15 00:00:00+00:00,SPF,Spitfire,889,801,1500,9,2,7
Six Flags,2025-04-15 00:00:00+00:00,ARC,Arabian Carousel,520,442,900,8,1,7
Six Flags,2025-04-15 00:00:00+00:00,CYC,Canyon Charters,879,835,1200,10,5,5
Six Flags,2025-04-15 00:00:00+00:00,ADJ,Adventure Junction,723,629,1000,9,2,7
Six Flags,2025-04-15 00:00:00+00:00,TWE,Twilight Express,1245,1162,2000,8,2,6
Six Flags,2025-04-15 00:00:00+00:00,IRT,Iron Rattler,1385,1330,2400,8,5,3
Six Flags,2025-04-15 00:00:00+00:00,SRT,Sirocco Tower,1182,1139,2300,6,1,5
Six Flags,2025-04-15 00:00:00+00:00,FCF,Falcons Flight,1939,1890,2500,8,1,7
Six Flags,2025-04-15 00:00:00+00:00,SKW,Skywatch,1485,1411,2100,9,3,6
Aquarabia,2025-04-15 00:00:00+00:00,RFR,Raft Republic,877,819,1700,9,1,8
Aquarabia,2025-04-15 00:00:00+00:00,AMB,Amwaj Bay,942,844,1600,9,2,7
Aquarabia,2025-04-15 00:00:00+00:00,SPG,Splash Grotto,1144,1086,1900,11,2,9
Aquarabia,2025-04-15 00:00:00+00:00,ZZZ,ZipZapZoom,767,698,1400,10,1,9
Aquarabia,2025-04-15 00:00:00+00:00,TLC,The Lazy Camel,450,397,800,8,2,6
Aquarabia,2025-04-15 00:00:00+00:00,SFT,Surftopia,617,582,1300,9,2,7
Aquarabia,2025-04-15 00:00:00+00:00,HVP,Hyper Viper,1125,1102,2000,8,1,7
Aquarabia,2025-04-15 00:00:00+00:00,JND,Junoon Drop,625,589,1100,10,2,8
Aquarabia,2025-04-15 00:00:00+00:00,JPJ,Jump Jolt,513,472,1000,10,2,8
Aquarabia,2025-04-16 00:00:00+00:00,SST,Sea Stallion,1535,1454,2200,12,1,11
Six Flags,2025-04-16 00:00:00+00:00,AQT,Aquatopia,852,825,1800,8,2,6
Six Flags,2025-04-16 00:00:00+00:00,SPF,Spitfire,1004,936,1500,9,1,8
Six Flags,2025-04-16 00:00:00+00:00,ARC,Arabian Carousel,478,439,900,8,1,7
Six Flags,2025-04-16 00:00:00+00:00,CYC,Canyon Charters,725,664,1200,10,3,7
Six Flags,2025-04-16 00:00:00+00:00,ADJ,Adventure Junction,593,548,1000,9,2,7
Six Flags,2025-04-16 00:00:00+00:00,TWE,Twilight Express,1141,1050,2000,8,1,7
Six Flags,2025-04-16 00:00:00+00:00,IRT,Iron Rattler,1394,1341,2400,8,5,3
Six Flags,2025-04-16 00:00:00+00:00,SRT,Sirocco Tower,1205,1135,2300,6,2,4
Six Flags,2025-04-16 00:00:00+00:00,FCF,Falcons Flight,1529,1443,2500,8,2,6
Six Flags,2025-04-16 00:00:00+00:00,SKW,Skywatch,1199,1138,2100,9,5,4
Aquarabia,2025-04-16 00:00:00+00:00,RFR,Raft Republic,950,887,1700,9,1,8
Aquarabia,2025-04-16 00:00:00+00:00,AMB,Amwaj Bay,1012,943,1600,9,1,8
Aquarabia,2025-04-16 00:00:00+00:00,SPG,Splash Grotto,1164,1101,1900,11,1,10
Aquarabia,2025-04-16 00:00:00+00:00,ZZZ,ZipZapZoom,866,817,1400,10,1,9
Aquarabia,2025-04-16 00:00:00+00:00,TLC,The Lazy Camel,591,513,800,8,2,6
Aquarabia,2025-04-16 00:00:00+00:00,SFT,Surftopia,906,813,1300,9,2,7
Aquarabia,2025-04-16 00:00:00+00:00,HVP,Hyper Viper,1164,1070,2000,8,2,6
Aquarabia,2025-04-16 00:00:00+00:00,JND,Junoon Drop,673,650,1100,10,1,9
Aquarabia,2025-04-16 00:00:00+00:00,JPJ,Jump Jolt,688,597,1000,10,1,9
Aquarabia,2025-04-17 00:00:00+00:00,SST,Sea Stallion,1642,1591,2200,12,2,10
Six Flags,2025-04-17 00:00:00+00:00,AQT,Aquatopia,1006,913,1800,8,2,6
Six Flags,2025-04-17 00:00:00+00:00,SPF,Spitfire,846,779,1500,9,2,7
Six Flags,2025-04-17 00:00:00+00:00,ARC,Arabian Carousel,634,557,900,8,2,6
Six Flags,2025-04-17 00:00:00+00:00,CYC,Canyon Charters,833,744,1200,10,5,5
Six Flags,2025-04-17 00:00:00+00:00,ADJ,Adventure Junction,653,590,1000,9,2,7
Six Flags,2025-04-17 00:00:00+00:00,TWE,Twilight Express,1059,1030,2000,8,1,7
Six Flags,2025-04-17 00:00:00+00:00,IRT,Iron Rattler,1588,1512,2400,8,5,3
Six Flags,2025-04-17 00:00:00+00:00,SRT,Sirocco Tower,1475,1449,2300,6,1,5
Six Flags,2025-04-17 00:00:00+00:00,FCF,Falcons Flight,1889,1841,2500,8,2,6
Six Flags,2025-04-17 00:00:00+00:00,SKW,Skywatch,1252,1154,2100,9,3,6
Aquarabia,2025-04-17 00:00:00+00:00,RFR,Raft Republic,750,718,1700,9,1,8
Aquarabia,2025-04-17 00:00:00+00:00,AMB,Amwaj Bay,958,882,1600,9,2,7
Aquarabia,2025-04-17 00:00:00+00:00,SPG,Splash Grotto,1307,1229,1900,11,1,10
Aquarabia,2025-04-17 00:00:00+00:00,ZZZ,ZipZapZoom,910,836,1400,10,1,9
Aquarabia,2025-04-17 00:00:00+00:00,TLC,The Lazy Camel,546,478,800,8,1,7
Aquarabia,2025-04-17 00:00:00+00:00,SFT,Surftopia,743,649,1300,9,1,8
Aquarabia,2025-04-17 00:00:00+00:00,HVP,Hyper Viper,1340,1286,2000,8,1,7
Aquarabia,2025-04-17 00:00:00+00:00,JND,Junoon Drop,604,510,1100,10,1,9
Aquarabia,2025-04-17 00:00:00+00:00,JPJ,Jump Jolt,606,561,1000,10,2,8
Aquarabia,2025-04-18 00:00:00+00:00,SST,Sea Stallion,1633,1578,2200,12,1,11
Six Flags,2025-04-18 00:00:00+00:00,AQT,Aquatopia,1190,1168,1800,8,2,6
Six Flags,2025-04-18 00:00:00+00:00,SPF,Spitfire,974,933,1500,9,1,8
Six Flags,2025-04-18 00:00:00+00:00,ARC,Arabian Carousel,598,525,900,8,2,6
Six Flags,2025-04-18 00:00:00+00:00,CYC,Canyon Charters,765,684,1200,10,4,6
Six Flags,2025-04-18 00:00:00+00:00,ADJ,Adventure Junction,559,532,1000,9,1,8
Six Flags,2025-04-18 00:00:00+00:00,TWE,Twilight Express,1206,1169,2000,8,1,7
Six Flags,2025-04-18 00:00:00+00:00,IRT,Iron Rattler,1100,1072,2400,8,5,3
Six Flags,2025-04-18 00:00:00+00:00,SRT,Sirocco Tower,1247,1184,2300,6,2,4
Six Flags,2025-04-18 00:00:00+00:00,FCF,Falcons Flight,1916,1865,2500,8,2,6
Six Flags,2025-04-18 00:00:00+00:00,SKW,Skywatch,1130,1040,2100,9,4,5
Aquarabia,2025-04-18 00:00:00+00:00,RFR,Raft Republic,999,952,1700,9,2,7
Aquarabia,2025-04-18 00:00:00+00:00,AMB,Amwaj Bay,784,721,1600,9,1,8
Aquarabia,2025-04-18 00:00:00+00:00,SPG,Splash Grotto,1057,1017,1900,11,1,10
Aquarabia,2025-04-18 00:00:00+00:00,ZZZ,ZipZapZoom,723,680,1400,10,1,9
Aquarabia,2025-04-18 00:00:00+00:00,TLC,The Lazy Camel,586,505,800,8,1,7
Aquarabia,2025-04-18 00:00:00+00:00,SFT,Surftopia,654,631,1300,9,2,7
Aquarabia,2025-04-18 00:00:00+00:00,HVP,Hyper Viper,1077,986,2000,8,1,7
Aquarabia,2025-04-18 00:00:00+00:00,JND,Junoon Drop,618,578,1100,10,1,9
Aquarabia,2025-04-18 00:00:00+00:00,JPJ,Jump Jolt,478,434,1000,10,2,8
Aquarabia,2025-04-19 00:00:00+00:00,SST,Sea Stallion,1194,1156,2200,12,2,10
Six Flags,2025-04-19 00:00:00+00:00,AQT,Aquatopia,1014,947,1800,8,2,6
Six Flags,2025-04-19 00:00:00+00:00,SPF,Spitfire,888,867,1500,9,2,7
Six Flags,2025-04-19 00:00:00+00:00,ARC,Arabian Carousel,531,491,900,8,1,7
Six Flags,2025-04-19 00:00:00+00:00,CYC,Canyon Charters,804,736,1200,10,5,5
Six Flags,2025-04-19 00:00:00+00:00,ADJ,Adventure Junction,633,582,1000,9,2,7
Six Flags,2025-04-19 00:00:00+00:00,TWE,Twilight Express,1097,1010,2000,8,2,6
Six Flags,2025-04-19 00:00:00+00:00,IRT,Iron Rattler,1264,1242,2400,8,3,5
Six Flags,2025-04-19 00:00:00+00:00,SRT,Sirocco Tower,1446,1409,2300,6,1,5
Six Flags,2025-04-19 00:00:00+00:00,FCF,Falcons Flight,1511,1471,2500,8,2,6
Six Flags,2025-04-19 00:00:00+00:00,SKW,Skywatch,1227,1141,2100,9,5,4
Aquarabia,2025-04-19 00:00:00+00:00,RFR,Raft Republic,1023,997,1700,9,2,7
Aquarabia,2025-04-19 00:00:00+00:00,AMB,Amwaj Bay,917,825,1600,9,2,7
Aquarabia,2025-04-19 00:00:00+00:00,SPG,Splash Grotto,1063,1043,1900,11,1,10
Aquarabia,2025-04-19 00:00:00+00:00,ZZZ,ZipZapZoom,839,783,1400,10,1,9
Aquarabia,2025-04-19 00:00:00+00:00,TLC,The Lazy Camel,480,381,800,8,1,7
Aquarabia,2025-04-19 00:00:00+00:00,SFT,Surftopia,773,732,1300,9,2,7
Aquarabia,2025-04-19 00:00:00+00:00,HVP,Hyper Viper,1116,1085,2000,8,1,7
Aquarabia,2025-04-19 00:00:00+00:00,JND,Junoon Drop,617,568,1100,10,2,8
Aquarabia,2025-04-19 00:00:00+00:00,JPJ,Jump Jolt,565,494,1000,10,2,8
Aquarabia,2025-04-20 00:00:00+00:00,SST,Sea Stallion,1679,1582,2200,12,2,10
Six Flags,2025-04-20 00:00:00+00:00,AQT,Aquatopia,1148,1072,1800,8,1,7
Six Flags,2025-04-20 00:00:00+00:00,SPF,Spitfire,815,777,1500,9,2,7
Six Flags,2025-04-20 00:00:00+00:00,ARC,Arabian Carousel,604,567,900,8,1,7
Six Flags,2025-04-20 00:00:00+00:00,CYC,Canyon Charters,757,719,1200,10,4,6
Six Flags,2025-04-20 00:00:00+00:00,ADJ,Adventure Junction,666,596,1000,9,1,8
Six Flags,2025-04-20 00:00:00+00:00,TWE,Twilight Express,971,916,2000,8,1,7
Six Flags,2025-04-20 00:00:00+00:00,IRT,Iron Rattler,1255,1188,2400,8,3,5
Six Flags,2025-04-20 00:00:00+00:00,SRT,Sirocco Tower,1314,1268,2300,6,2,4
Six Flags,2025-04-20 00:00:00+00:00,FCF,Falcons Flight,1727,1700,2500,8,1,7
Six Flags,2025-04-20 00:00:00+00:00,SKW,Skywatch,1362,1278,2100,9,4,5
Aquarabia,2025-04-20 00:00:00+00:00,RFR,Raft Republic,963,867,1700,9,1,8
Aquarabia,2025-04-20 00:00:00+00:00,AMB,Amwaj Bay,874,796,1600,9,2,7
Aquarabia,2025-04-20 00:00:00+00:00,SPG,Splash Grotto,841,813,1900,11,2,9
Aquarabia,2025-04-20 00:00:00+00:00,ZZZ,ZipZapZoom,898,807,1400,10,2,8
Aquarabia,2025-04-20 00:00:00+00:00,TLC,The Lazy Camel,521,450,800,8,2,6
Aquarabia,2025-04-20 00:00:00+00:00,SFT,Surftopia,673,616,1300,9,2,7
Aquarabia,2025-04-20 00:00:00+00:00,HVP,Hyper Viper,1178,1083,2000,8,2,6
Aquarabia,2025-04-20 00:00:00+00:00,JND,Junoon Drop,593,549,1100,10,2,8
Aquarabia,2025-04-20 00:00:00+00:00,JPJ,Jump Jolt,689,623,1000,10,2,8
Aquarabia,2025-04-21 00:00:00+00:00,SST,Sea Stallion,1316,1269,2200,12,2,10
Six Flags,2025-04-21 00:00:00+00:00,AQT,Aquatopia,949,913,1800,8,1,7
Six Flags,2025-04-21 00:00:00+00:00,SPF,Spitfire,810,768,1500,9,2,7
Six Flags,2025-04-21 00:00:00+00:00,ARC,Arabian Carousel,546,489,900,8,1,7
Six Flags,2025-04-21 00:00:00+00:00,CYC,Canyon Charters,842,755,1200,10,3,7
Six Flags,2025-04-21 00:00:00+00:00,ADJ,Adventure Junction,516,492,1000,9,2,7
Six Flags,2025-04-21 00:00:00+00:00,TWE,Twilight Express,1009,981,2000,8,2,6
Six Flags,2025-04-21 00:00:00+00:00,IRT,Iron Rattler,1525,1481,2400,8,5,3
Six Flags,2025-04-21 00:00:00+00:00,SRT,Sirocco Tower,1338,1277,2300,6,2,4
Six Flags,2025-04-21 00:00:00+00:00,FCF,Falcons Flight,1936,1856,2500,8,1,7
Six Flags,2025-04-21 00:00:00+00:00,SKW,Skywatch,1319,1291,2100,9,4,5
Aquarabia,2025-04-21 00:00:00+00:00,RFR,Raft Republic,933,847,1700,9,1,8
Aquarabia,2025-04-21 00:00:00+00:00,AMB,Amwaj Bay,792,730,1600,9,2,7
Aquarabia,2025-04-21 00:00:00+00:00,SPG,Splash Grotto,961,901,1900,11,1,10
Aquarabia,2025-04-21 00:00:00+00:00,ZZZ,ZipZapZoom,652,627,1400,10,1,9
Aquarabia,2025-04-21 00:00:00+00:00,TLC,The Lazy Camel,499,459,800,8,2,6
Aquarabia,2025-04-21 00:00:00+00:00,SFT,Surftopia,805,777,1300,9,1,8
Aquarabia,2025-04-21 00:00:00+00:00,HVP,Hyper Viper,1055,1018,2000,8,2,6
Aquarabia,2025-04-21 00:00:00+00:00,JND,Junoon Drop,497,448,1100,10,1,9
Aquarabia,2025-04-21 00:00:00+00:00,JPJ,Jump Jolt,529,486,1000,10,2,8
Aquarabia,2025-04-22 00:00:00+00:00,SST,Sea Stallion,1669,1622,2200,12,2,10
Six Flags,2025-04-22 00:00:00+00:00,AQT,Aquatopia,1278,1192,1800,8,2,6
Six Flags,2025-04-22 00:00:00+00:00,SPF,Spitfire,898,800,1500,9,2,7
Six Flags,2025-04-22 00:00:00+00:00,ARC,Arabian Carousel,551,509,900,8,1,7
Six Flags,2025-04-22 00:00:00+00:00,CYC,Canyon Charters,724,651,1200,10,4,6
Six Flags,2025-04-22 00:00:00+00:00,ADJ,Adventure Junction,701,606,1000,9,1,8
Six Flags,2025-04-22 00:00:00+00:00,TWE,Twilight Express,1284,1238,2000,8,1,7
Six Flags,2025-04-22 00:00:00+00:00,IRT,Iron Rattler,1506,1478,2400,8,3,5
Six Flags,2025-04-22 00:00:00+00:00,SRT,Sirocco Tower,1180,1151,2300,6,2,4
Six Flags,2025-04-22 00:00:00+00:00,FCF,Falcons Flight,1459,1422,2500,8,2,6
Six Flags,2025-04-22 00:00:00+00:00,SKW,Skywatch,1189,1095,2100,9,5,4
Aquarabia,2025-04-22 00:00:00+00:00,RFR,Raft Republic,947,865,1700,9,2,7
Aquarabia,2025-04-22 00:00:00+00:00,AMB,Amwaj Bay,745,722,1600,9,1,8
Aquarabia,2025-04-22 00:00:00+00:00,SPG,Splash Grotto,902,873,1900,11,1,10
Aquarabia,2025-04-22 00:00:00+00:00,ZZZ,ZipZapZoom,754,700,1400,10,2,8
Aquarabia,2025-04-22 00:00:00+00:00,TLC,The Lazy Camel,602,511,800,8,2,6
Aquarabia,2025-04-22 00:00:00+00:00,SFT,Surftopia,765,683,1300,9,2,7
Aquarabia,2025-04-22 00:00:00+00:00,HVP,Hyper Viper,1213,1142,2000,8,1,7
Aquarabia,2025-04-22 00:00:00+00:00,JND,Junoon Drop,569,509,1100,10,2,8
Aquarabia,2025-04-22 00:00:00+00:00,JPJ,Jump Jolt,696,606,1000,10,2,8
Aquarabia,2025-04-23 00:00:00+00:00,SST,Sea Stallion,1554,1497,2200,12,1,11
Six Flags,2025-04-23 00:00:00+00:00,AQT,Aquatopia,1175,1133,1800,8,2,6
Six Flags,2025-04-23 00:00:00+00:00,SPF,Spitfire,934,843,1500,9,2,7
Six Flags,2025-04-23 00:00:00+00:00,ARC,Arabian Carousel,614,549,900,8,2,6
Six Flags,2025-04-23 00:00:00+00:00,CYC,Canyon Charters,657,591,1200,10,3,7
Six Flags,2025-04-23 00:00:00+00:00,ADJ,Adventure Junction,688,622,1000,9,1,8
Six Flags,2025-04-23 00:00:00+00:00,TWE,Twilight Express,1084,1027,2000,8,1,7
Six Flags,2025-04-23 00:00:00+00:00,IRT,Iron Rattler,1206,1144,2400,8,3,5
Six Flags,2025-04-23 00:00:00+00:00,SRT,Sirocco Tower,1136,1103,2300,6,2,4
Six Flags,2025-04-23 00:00:00+00:00,FCF,Falcons Flight,1851,1810,2500,8,2,6
Six Flags,2025-04-23 00:00:00+00:00,SKW,Skywatch,1222,1146,2100,9,5,4
Aquarabia,2025-04-23 00:00:00+00:00,RFR,Raft Republic,968,903,1700,9,1,8
Aquarabia,2025-04-23 00:00:00+00:00,AMB,Amwaj Bay,882,851,1600,9,1,8
Aquarabia,2025-04-23 00:00:00+00:00,SPG,Splash Grotto,881,849,1900,11,2,9
Aquarabia,2025-04-23 00:00:00+00:00,ZZZ,ZipZapZoom,890,818,1400,10,1,9
Aquarabia,2025-04-23 00:00:00+00:00,TLC,The Lazy Camel,459,388,800,8,2,6
Aquarabia,2025-04-23 00:00:00+00:00,SFT,Surftopia,698,602,1300,9,2,7
Aquarabia,2025-04-23 00:00:00+00:00,HVP,Hyper Viper,1306,1271,2000,8,1,7
Aquarabia,2025-04-23 00:00:00+00:00,JND,Junoon Drop,654,631,1100,10,1,9
Aquarabia,2025-04-23 00:00:00+00:00,JPJ,Jump Jolt,647,569,1000,10,2,8
Aquarabia,2025-04-24 00:00:00+00:00,SST,Sea Stallion,1659,1602,2200,12,2,10
Six Flags,2025-04-24 00:00:00+00:00,AQT,Aquatopia,1118,1038,1800,8,2,6
Six Flags,2025-04-24 00:00:00+00:00,SPF,Spitfire,882,826,1500,9,2,7
Six Flags,2025-04-24 00:00:00+00:00,ARC,Arabian Carousel,580,531,900,8,2,6
Six Flags,2025-04-24 00:00:00+00:00,CYC,Canyon Charters,801,763,1200,10,4,6
Six Flags,2025-04-24 00:00:00+00:00,ADJ,Adventure Junction,681,658,1000,9,1,8
Six Flags,2025-04-24 00:00:00+00:00,TWE,Twilight Express,941,910,2000,8,1,7
Six Flags,2025-04-24 00:00:00+00:00,IRT,Iron Rattler,1443,1344,2400,8,5,3
Six Flags,2025-04-24 00:00:00+00:00,SRT,Sirocco Tower,1395,1367,2300,6,1,5
Six Flags,2025-04-24 00:00:00+00:00,FCF,Falcons Flight,1566,1505,2500,8,2,6
Six Flags,2025-04-24 00:00:00+00:00,SKW,Skywatch,1279,1243,2100,9,3,6
Aquarabia,2025-04-24 00:00:00+00:00,RFR,Raft Republic,974,912,1700,9,2,7
Aquarabia,2025-04-24 00:00:00+00:00,AMB,Amwaj Bay,825,741,1600,9,2,7
Aquarabia,2025-04-24 00:00:00+00:00,SPG,Splash Grotto,1193,1108,1900,11,2,9
Aquarabia,2025-04-24 00:00:00+00:00,ZZZ,ZipZapZoom,803,726,1400,10,2,8
Aquarabia,2025-04-24 00:00:00+00:00,TLC,The Lazy Camel,550,485,800,8,2,6
Aquarabia,2025-04-24 00:00:00+00:00,SFT,Surftopia,766,670,1300,9,1,8
Aquarabia,2025-04-24 00:00:00+00:00,HVP,Hyper Viper,1245,1215,2000,8,1,7
Aquarabia,2025-04-24 00:00:00+00:00,JND,Junoon Drop,687,663,1100,10,1,9
Aquarabia,2025-04-24 00:00:00+00:00,JPJ,Jump Jolt,660,570,1000,10,1,9
Aquarabia,2025-04-25 00:00:00+00:00,SST,Sea Stallion,1581,1519,2200,12,1,11
Six Flags,2025-04-25 00:00:00+00:00,AQT,Aquatopia,1022,928,1800,8,1,7
Six Flags,2025-04-25 00:00:00+00:00,SPF,Spitfire,860,815,1500,9,2,7
Six Flags,2025-04-25 00:00:00+00:00,ARC,Arabian Carousel,446,426,900,8,2,6
Six Flags,2025-04-25 00:00:00+00:00,CYC,Canyon Charters,841,760,1200,10,3,7
Six Flags,2025-04-25 00:00:00+00:00,ADJ,Adventure Junction,697,671,1000,9,1,8
Six Flags,2025-04-25 00:00:00+00:00,TWE,Twilight Express,1258,1194,2000,8,2,6
Six Flags,2025-04-25 00:00:00+00:00,IRT,Iron Rattler,1246,1158,2400,8,3,5
Six Flags,2025-04-25 00:00:00+00:00,SRT,Sirocco Tower,1583,1541,2300,6,1,5
Six Flags,2025-04-25 00:00:00+00:00,FCF,Falcons Flight,1687,1610,2500,8,1,7
Six Flags,2025-04-25 00:00:00+00:00,SKW,Skywatch,1120,1095,2100,9,4,5
Aquarabia,2025-04-25 00:00:00+00:00,RFR,Raft Republic,788,735,1700,9,1,8
Aquarabia,2025-04-25 00:00:00+00:00,AMB,Amwaj Bay,898,864,1600,9,1,8
Aquarabia,2025-04-25 00:00:00+00:00,SPG,Splash Grotto,1152,1099,1900,11,1,10
Aquarabia,2025-04-25 00:00:00+00:00,ZZZ,ZipZapZoom,783,741,1400,10,1,9
Aquarabia,2025-04-25 00:00:00+00:00,TLC,The Lazy Camel,545,493,800,8,2,6
Aquarabia,2025-04-25 00:00:00+00:00,SFT,Surftopia,821,792,1300,9,1,8
Aquarabia,2025-04-25 00:00:00+00:00,HVP,Hyper Viper,1186,1128,2000,8,1,7
Aquarabia,2025-04-25 00:00:00+00:00,JND,Junoon Drop,657,572,1100,10,2,8
Aquarabia,2025-04-25 00:00:00+00:00,JPJ,Jump Jolt,624,604,1000,10,1,9
Aquarabia,2025-04-26 00:00:00+00:00,SST,Sea Stallion,1432,1371,2200,12,1,11
Six Flags,2025-04-26 00:00:00+00:00,AQT,Aquatopia,966,881,1800,8,2,6
Six Flags,2025-04-26 00:00:00+00:00,SPF,Spitfire,910,867,1500,9,2,7
Six Flags,2025-04-26 00:00:00+00:00,ARC,Arabian Carousel,546,499,900,8,1,7
Six Flags,2025-04-26 00:00:00+00:00,CYC,Canyon Charters,795,713,1200,10,3,7
Six Flags,2025-04-26 00:00:00+00:00,ADJ,Adventure Junction,576,499,1000,9,1,8
Six Flags,2025-04-26 00:00:00+00:00,TWE,Twilight Express,944,894,2000,8,2,6
Six Flags,2025-04-26 00:00:00+00:00,IRT,Iron Rattler,1462,1394,2400,8,5,3
Six Flags,2025-04-26 00:00:00+00:00,SRT,Sirocco Tower,1497,1410,2300,6,1,5
Six Flags,2025-04-26 00:00:00+00:00,FCF,Falcons Flight,1920,1825,2500,8,2,6
Six Flags,2025-04-26 00:00:00+00:00,SKW,Skywatch,1017,952,2100,9,5,4
Aquarabia,2025-04-26 00:00:00+00:00,RFR,Raft Republic,864,780,1700,9,2,7
Aquarabia,2025-04-26 00:00:00+00:00,AMB,Amwaj Bay,877,822,1600,9,1,8
Aquarabia,2025-04-26 00:00:00+00:00,SPG,Splash Grotto,949,879,1900,11,1,10
Aquarabia,2025-04-26 00:00:00+00:00,ZZZ,ZipZapZoom,756,691,1400,10,1,9
Aquarabia,2025-04-26 00:00:00+00:00,TLC,The Lazy Camel,484,425,800,8,1,7
Aquarabia,2025-04-26 00:00:00+00:00,SFT,Surftopia,645,589,1300,9,1,8
Aquarabia,2025-04-26 00:00:00+00:00,HVP,Hyper Viper,990,943,2000,8,2,6
Aquarabia,2025-04-26 00:00:00+00:00,JND,Junoon Drop,685,659,1100,10,2,8
Aquarabia,2025-04-26 00:00:00+00:00,JPJ,Jump Jolt,655,584,1000,10,1,9
Aquarabia,2025-04-27 00:00:00+00:00,SST,Sea Stallion,1775,1704,2200,12,2,10
Six Flags,2025-04-27 00:00:00+00:00,AQT,Aquatopia,1026,994,1800,8,1,7
Six Flags,2025-04-27 00:00:00+00:00,SPF,Spitfire,816,743,1500,9,2,7
Six Flags,2025-04-27 00:00:00+00:00,ARC,Arabian Carousel,447,421,900,8,1,7
Six Flags,2025-04-27 00:00:00+00:00,CYC,Canyon Charters,615,546,1200,10,4,6
Six Flags,2025-04-27 00:00:00+00:00,ADJ,Adventure Junction,555,511,1000,9,1,8
Six Flags,2025-04-27 00:00:00+00:00,TWE,Twilight Express,1169,1134,2000,8,2,6
Six Flags,2025-04-27 00:00:00+00:00,IRT,Iron Rattler,1230,1193,2400,8,5,3
Six Flags,2025-04-27 00:00:00+00:00,SRT,Sirocco Tower,1384,1325,2300,6,2,4
Six Flags,2025-04-27 00:00:00+00:00,FCF,Falcons Flight,1606,1515,2500,8,2,6
Six Flags,2025-04-27 00:00:00+00:00,SKW,Skywatch,1165,1140,2100,9,4,5
Aquarabia,2025-04-27 00:00:00+00:00,RFR,Raft Republic,994,949,1700,9,1,8
Aquarabia,2025-04-27 00:00:00+00:00,AMB,Amwaj Bay,836,792,1600,9,2,7
Aquarabia,2025-04-27 00:00:00+00:00,SPG,Splash Grotto,1042,1008,1900,11,1,10
Aquarabia,2025-04-27 00:00:00+00:00,ZZZ,ZipZapZoom,684,608,1400,10,1,9
Aquarabia,2025-04-27 00:00:00+00:00,TLC,The Lazy Camel,457,390,800,8,1,7
Aquarabia,2025-04-27 00:00:00+00:00,SFT,Surftopia,728,676,1300,9,2,7
Aquarabia,2025-04-27 00:00:00+00:00,HVP,Hyper Viper,1113,1081,2000,8,2,6
Aquarabia,2025-04-27 00:00:00+00:00,JND,Junoon Drop,616,542,1100,10,2,8
Aquarabia,2025-04-27 00:00:00+00:00,JPJ,Jump Jolt,714,615,1000,10,2,8
Aquarabia,2025-04-28 00:00:00+00:00,SST,Sea Stallion,1570,1524,2200,12,1,11
Six Flags,2025-04-28 00:00:00+00:00,AQT,Aquatopia,1082,1013,1800,8,2,6
Six Flags,2025-04-28 00:00:00+00:00,SPF,Spitfire,1043,1002,1500,9,2,7
Six Flags,2025-04-28 00:00:00+00:00,ARC,Arabian Carousel,526,455,900,8,1,7
Six Flags,2025-04-28 00:00:00+00:00,CYC,Canyon Charters,837,769,1200,10,3,7
Six Flags,2025-04-28 00:00:00+00:00,ADJ,Adventure Junction,684,603,1000,9,2,7
Six Flags,2025-04-28 00:00:00+00:00,TWE,Twilight Express,1154,1084,2000,8,2,6
Six Flags,2025-04-28 00:00:00+00:00,IRT,Iron Rattler,1629,1580,2400,8,4,4
Six Flags,2025-04-28 00:00:00+00:00,SRT,Sirocco Tower,1304,1205,2300,6,1,5
Six Flags,2025-04-28 00:00:00+00:00,FCF,Falcons Flight,1527,1505,2500,8,1,7
Six Flags,2025-04-28 00:00:00+00:00,SKW,Skywatch,1197,1133,2100,9,5,4
Aquarabia,2025-04-28 00:00:00+00:00,RFR,Raft Republic,1016,953,1700,9,1,8
Aquarabia,2025-04-28 00:00:00+00:00,AMB,Amwaj Bay,705,649,1600,9,2,7
Aquarabia,2025-04-28 00:00:00+00:00,SPG,Splash Grotto,943,865,1900,11,1,10
Aquarabia,2025-04-28 00:00:00+00:00,ZZZ,ZipZapZoom,726,651,1400,10,2,8
Aquarabia,2025-04-28 00:00:00+00:00,TLC,The Lazy Camel,407,380,800,8,1,7
Aquarabia,2025-04-28 00:00:00+00:00,SFT,Surftopia,723,664,1300,9,1,8
Aquarabia,2025-04-28 00:00:00+00:00,HVP,Hyper Viper,1269,1170,2000,8,2,6
Aquarabia,2025-04-28 00:00:00+00:00,JND,Junoon Drop,575,507,1100,10,2,8
Aquarabia,2025-04-28 00:00:00+00:00,JPJ,Jump Jolt,680,598,1000,10,2,8
Aquarabia,2025-04-29 00:00:00+00:00,SST,Sea Stallion,1541,1478,2200,12,2,10
Six Flags,2025-04-29 00:00:00+00:00,AQT,Aquatopia,1178,1152,1800,8,1,7
Six Flags,2025-04-29 00:00:00+00:00,SPF,Spitfire,742,703,1500,9,2,7
Six Flags,2025-04-29 00:00:00+00:00,ARC,Arabian Carousel,583,531,900,8,2,6
Six Flags,2025-04-29 00:00:00+00:00,CYC,Canyon Charters,751,654,1200,10,5,5
Six Flags,2025-04-29 00:00:00+00:00,ADJ,Adventure Junction,586,537,1000,9,1,8
Six Flags,2025-04-29 00:00:00+00:00,TWE,Twilight Express,1011,980,2000,8,2,6
Six Flags,2025-04-29 00:00:00+00:00,IRT,Iron Rattler,1236,1199,2400,8,5,3
Six Flags,2025-04-29 00:00:00+00:00,SRT,Sirocco Tower,1565,1542,2300,6,2,4
Six Flags,2025-04-29 00:00:00+00:00,FCF,Falcons Flight,1668,1570,2500,8,2,6
Six Flags,2025-04-29 00:00:00+00:00,SKW,Skywatch,1024,985,2100,9,4,5
Aquarabia,2025-04-29 00:00:00+00:00,RFR,Raft Republic,1000,937,1700,9,2,7
Aquarabia,2025-04-29 00:00:00+00:00,AMB,Amwaj Bay,978,889,1600,9,1,8
Aquarabia,2025-04-29 00:00:00+00:00,SPG,Splash Grotto,1057,975,1900,11,1,10
Aquarabia,2025-04-29 00:00:00+00:00,ZZZ,ZipZapZoom,861,785,1400,10,2,8
Aquarabia,2025-04-29 00:00:00+00:00,TLC,The Lazy Camel,407,383,800,8,1,7
Aquarabia,2025-04-29 00:00:00+00:00,SFT,Surftopia,816,779,1300,9,2,7
Aquarabia,2025-04-29 00:00:00+00:00,HVP,Hyper Viper,1006,949,2000,8,1,7
Aquarabia,2025-04-29 00:00:00+00:00,JND,Junoon Drop,733,664,1100,10,2,8
Aquarabia,2025-04-29 00:00:00+00:00,JPJ,Jump Jolt,541,473,1000,10,2,8
Aquarabia,2025-04-30 00:00:00+00:00,SST,Sea Stallion,1395,1357,2200,12,2,10
Six Flags,2025-04-30 00:00:00+00:00,AQT,Aquatopia,889,865,1800,8,2,6
Six Flags,2025-04-30 00:00:00+00:00,SPF,Spitfire,829,779,1500,9,2,7
Six Flags,2025-04-30 00:00:00+00:00,ARC,Arabian Carousel,464,420,900,8,1,7
Six Flags,2025-04-30 00:00:00+00:00,CYC,Canyon Charters,702,616,1200,10,4,6
Six Flags,2025-04-30 00:00:00+00:00,ADJ,Adventure Junction,593,540,1000,9,1,8
Six Flags,2025-04-30 00:00:00+00:00,TWE,Twilight Express,1083,1009,2000,8,2,6
Six Flags,2025-04-30 00:00:00+00:00,IRT,Iron Rattler,1170,1125,2400,8,4,4
Six Flags,2025-04-30 00:00:00+00:00,SRT,Sirocco Tower,1324,1245,2300,6,2,4
Six Flags,2025-04-30 00:00:00+00:00,FCF,Falcons Flight,1520,1454,2500,8,2,6
Six Flags,2025-04-30 00:00:00+00:00,SKW,Skywatch,1287,1209,2100,9,5,4
Aquarabia,2025-04-30 00:00:00+00:00,RFR,Raft Republic,878,815,1700,9,1,8
Aquarabia,2025-04-30 00:00:00+00:00,AMB,Amwaj Bay,943,874,1600,9,1,8
Aquarabia,2025-04-30 00:00:00+00:00,SPG,Splash Grotto,1044,994,1900,11,2,9
Aquarabia,2025-04-30 00:00:00+00:00,ZZZ,ZipZapZoom,836,779,1400,10,2,8
Aquarabia,2025-04-30 00:00:00+00:00,TLC,The Lazy Camel,490,405,800,8,1,7
Aquarabia,2025-04-30 00:00:00+00:00,SFT,Surftopia,780,728,1300,9,1,8
Aquarabia,2025-04-30 00:00:00+00:00,HVP,Hyper Viper,1365,1290,2000,8,2,6
Aquarabia,2025-04-30 00:00:00+00:00,JND,Junoon Drop,662,629,1100,10,2,8
Aquarabia,2025-04-30 00:00:00+00:00,JPJ,Jump Jolt,500,460,1000,10,1,9
Aquarabia,2025-05-01 00:00:00+00:00,SST,Sea Stallion,1145,1071,2200,12,2,10
Six Flags,2025-05-01 00:00:00+00:00,AQT,Aquatopia,905,875,1800,8,2,6
Six Flags,2025-05-01 00:00:00+00:00,SPF,Spitfire,732,681,1500,9,1,8
Six Flags,2025-05-01 00:00:00+00:00,ARC,Arabian Carousel,391,362,900,8,1,7
Six Flags,2025-05-01 00:00:00+00:00,CYC,Canyon Charters,544,475,1200,10,5,5
Six Flags,2025-05-01 00:00:00+00:00,ADJ,Adventure Junction,523,456,1000,9,2,7
Six Flags,2025-05-01 00:00:00+00:00,TWE,Twilight Express,1129,1042,2000,8,1,7
Six Flags,2025-05-01 00:00:00+00:00,IRT,Iron Rattler,1177,1079,2400,8,5,3
Six Flags,2025-05-01 00:00:00+00:00,SRT,Sirocco Tower,1295,1265,2300,6,1,5
Six Flags,2025-05-01 00:00:00+00:00,FCF,Falcons Flight,1415,1372,2500,8,2,6
Six Flags,2025-05-01 00:00:00+00:00,SKW,Skywatch,963,901,2100,9,5,4
Aquarabia,2025-05-01 00:00:00+00:00,RFR,Raft Republic,703,631,1700,9,2,7
Aquarabia,2025-05-01 00:00:00+00:00,AMB,Amwaj Bay,749,699,1600,9,1,8
Aquarabia,2025-05-01 00:00:00+00:00,SPG,Splash Grotto,850,765,1900,11,1,10
Aquarabia,2025-05-01 00:00:00+00:00,ZZZ,ZipZapZoom,710,669,1400,10,2,8
Aquarabia,2025-05-01 00:00:00+00:00,TLC,The Lazy Camel,352,282,800,8,1,7
Aquarabia,2025-05-01 00:00:00+00:00,SFT,Surftopia,742,652,1300,9,1,8
Aquarabia,2025-05-01 00:00:00+00:00,HVP,Hyper Viper,996,946,2000,8,1,7
Aquarabia,2025-05-01 00:00:00+00:00,JND,Junoon Drop,531,445,1100,10,1,9
Aquarabia,2025-05-01 00:00:00+00:00,JPJ,Jump Jolt,495,466,1000,10,2,8
Aquarabia,2025-05-02 00:00:00+00:00,SST,Sea Stallion,1071,1009,2200,12,2,10
Six Flags,2025-05-02 00:00:00+00:00,AQT,Aquatopia,850,830,1800,8,1,7
Six Flags,2025-05-02 00:00:00+00:00,SPF,Spitfire,805,748,1500,9,1,8
Six Flags,2025-05-02 00:00:00+00:00,ARC,Arabian Carousel,424,393,900,8,1,7
Six Flags,2025-05-02 00:00:00+00:00,CYC,Canyon Charters,511,473,1200,10,3,7
Six Flags,2025-05-02 00:00:00+00:00,ADJ,Adventure Junction,427,405,1000,9,1,8
Six Flags,2025-05-02 00:00:00+00:00,TWE,Twilight Express,1199,1107,2000,8,2,6
Six Flags,2025-05-02 00:00:00+00:00,IRT,Iron Rattler,969,941,2400,8,5,3
Six Flags,2025-05-02 00:00:00+00:00,SRT,Sirocco Tower,1361,1296,2300,6,2,4
Six Flags,2025-05-02 00:00:00+00:00,FCF,Falcons Flight,1376,1332,2500,8,1,7
Six Flags,2025-05-02 00:00:00+00:00,SKW,Skywatch,1142,1120,2100,9,4,5
Aquarabia,2025-05-02 00:00:00+00:00,RFR,Raft Republic,885,811,1700,9,2,7
Aquarabia,2025-05-02 00:00:00+00:00,AMB,Amwaj Bay,820,744,1600,9,2,7
Aquarabia,2025-05-02 00:00:00+00:00,SPG,Splash Grotto,721,655,1900,11,1,10
Aquarabia,2025-05-02 00:00:00+00:00,ZZZ,ZipZapZoom,671,599,1400,10,1,9
Aquarabia,2025-05-02 00:00:00+00:00,TLC,The Lazy Camel,456,434,800,8,1,7
Aquarabia,2025-05-02 00:00:00+00:00,SFT,Surftopia,688,637,1300,9,2,7
Aquarabia,2025-05-02 00:00:00+00:00,HVP,Hyper Viper,989,925,2000,8,1,7
Aquarabia,2025-05-02 00:00:00+00:00,JND,Junoon Drop,606,539,1100,10,1,9
Aquarabia,2025-05-02 00:00:00+00:00,JPJ,Jump Jolt,562,472,1000,10,2,8
Aquarabia,2025-05-03 00:00:00+00:00,SST,Sea Stallion,1294,1252,2200,12,2,10
Six Flags,2025-05-03 00:00:00+00:00,AQT,Aquatopia,900,816,1800,8,1,7
Six Flags,2025-05-03 00:00:00+00:00,SPF,Spitfire,687,640,1500,9,2,7
Six Flags,2025-05-03 00:00:00+00:00,ARC,Arabian Carousel,517,437,900,8,2,6
Six Flags,2025-05-03 00:00:00+00:00,CYC,Canyon Charters,617,571,1200,10,5,5
Six Flags,2025-05-03 00:00:00+00:00,ADJ,Adventure Junction,459,398,1000,9,2,7
Six Flags,2025-05-03 00:00:00+00:00,TWE,Twilight Express,1030,951,2000,8,2,6
Six Flags,2025-05-03 00:00:00+00:00,IRT,Iron Rattler,926,901,2400,8,4,4
Six Flags,2025-05-03 00:00:00+00:00,SRT,Sirocco Tower,1388,1292,2300,6,1,5
Six Flags,2025-05-03 00:00:00+00:00,FCF,Falcons Flight,1245,1219,2500,8,1,7
Six Flags,2025-05-03 00:00:00+00:00,SKW,Skywatch,1060,984,2100,9,4,5
Aquarabia,2025-05-03 00:00:00+00:00,RFR,Raft Republic,766,703,1700,9,1,8
Aquarabia,2025-05-03 00:00:00+00:00,AMB,Amwaj Bay,789,692,1600,9,2,7
Aquarabia,2025-05-03 00:00:00+00:00,SPG,Splash Grotto,844,804,1900,11,1,10
Aquarabia,2025-05-03 00:00:00+00:00,ZZZ,ZipZapZoom,761,723,1400,10,1,9
Aquarabia,2025-05-03 00:00:00+00:00,TLC,The Lazy Camel,395,374,800,8,2,6
Aquarabia,2025-05-03 00:00:00+00:00,SFT,Surftopia,628,571,1300,9,1,8
Aquarabia,2025-05-03 00:00:00+00:00,HVP,Hyper Viper,856,801,2000,8,2,6
Aquarabia,2025-05-03 00:00:00+00:00,JND,Junoon Drop,568,508,1100,10,2,8
Aquarabia,2025-05-03 00:00:00+00:00,JPJ,Jump Jolt,410,380,1000,10,1,9
Aquarabia,2025-05-04 00:00:00+00:00,SST,Sea Stallion,1146,1052,2200,12,1,11
Six Flags,2025-05-04 00:00:00+00:00,AQT,Aquatopia,961,906,1800,8,1,7
Six Flags,2025-05-04 00:00:00+00:00,SPF,Spitfire,715,663,1500,9,2,7
Six Flags,2025-05-04 00:00:00+00:00,ARC,Arabian Carousel,523,471,900,8,2,6
Six Flags,2025-05-04 00:00:00+00:00,CYC,Canyon Charters,589,516,1200,10,5,5
Six Flags,2025-05-04 00:00:00+00:00,ADJ,Adventure Junction,470,395,1000,9,2,7
Six Flags,2025-05-04 00:00:00+00:00,TWE,Twilight Express,1163,1076,2000,8,1,7
Six Flags,2025-05-04 00:00:00+00:00,IRT,Iron Rattler,1339,1279,2400,8,3,5
Six Flags,2025-05-04 00:00:00+00:00,SRT,Sirocco Tower,992,933,2300,6,1,5
Six Flags,2025-05-04 00:00:00+00:00,FCF,Falcons Flight,1340,1284,2500,8,1,7
Six Flags,2025-05-04 00:00:00+00:00,SKW,Skywatch,1140,1085,2100,9,4,5
Aquarabia,2025-05-04 00:00:00+00:00,RFR,Raft Republic,833,746,1700,9,1,8
Aquarabia,2025-05-04 00:00:00+00:00,AMB,Amwaj Bay,772,704,1600,9,2,7
Aquarabia,2025-05-04 00:00:00+00:00,SPG,Splash Grotto,863,810,1900,11,1,10
Aquarabia,2025-05-04 00:00:00+00:00,ZZZ,ZipZapZoom,606,541,1400,10,1,9
Aquarabia,2025-05-04 00:00:00+00:00,TLC,The Lazy Camel,394,345,800,8,2,6
Aquarabia,2025-05-04 00:00:00+00:00,SFT,Surftopia,738,659,1300,9,2,7
Aquarabia,2025-05-04 00:00:00+00:00,HVP,Hyper Viper,1178,1088,2000,8,2,6
Aquarabia,2025-05-04 00:00:00+00:00,JND,Junoon Drop,576,483,1100,10,2,8
Aquarabia,2025-05-04 00:00:00+00:00,JPJ,Jump Jolt,486,449,1000,10,2,8
Aquarabia,2025-05-05 00:00:00+00:00,SST,Sea Stallion,1068,1025,2200,12,1,11
Six Flags,2025-05-05 00:00:00+00:00,AQT,Aquatopia,928,834,1800,8,1,7
Six Flags,2025-05-05 00:00:00+00:00,SPF,Spitfire,910,819,1500,9,1,8
Six Flags,2025-05-05 00:00:00+00:00,ARC,Arabian Carousel,480,437,900,8,2,6
Six Flags,2025-05-05 00:00:00+00:00,CYC,Canyon Charters,636,599,1200,10,3,7
Six Flags,2025-05-05 00:00:00+00:00,ADJ,Adventure Junction,456,419,1000,9,1,8
Six Flags,2025-05-05 00:00:00+00:00,TWE,Twilight Express,976,879,2000,8,1,7
Six Flags,2025-05-05 00:00:00+00:00,IRT,Iron Rattler,1167,1101,2400,8,3,5
Six Flags,2025-05-05 00:00:00+00:00,SRT,Sirocco Tower,1132,1066,2300,6,2,4
Six Flags,2025-05-05 00:00:00+00:00,FCF,Falcons Flight,1331,1310,2500,8,1,7
Six Flags,2025-05-05 00:00:00+00:00,SKW,Skywatch,955,877,2100,9,5,4
Aquarabia,2025-05-05 00:00:00+00:00,RFR,Raft Republic,705,669,1700,9,2,7
Aquarabia,2025-05-05 00:00:00+00:00,AMB,Amwaj Bay,759,698,1600,9,1,8
Aquarabia,2025-05-05 00:00:00+00:00,SPG,Splash Grotto,886,810,1900,11,1,10
Aquarabia,2025-05-05 00:00:00+00:00,ZZZ,ZipZapZoom,705,631,1400,10,1,9
Aquarabia,2025-05-05 00:00:00+00:00,TLC,The Lazy Camel,445,380,800,8,1,7
Aquarabia,2025-05-05 00:00:00+00:00,SFT,Surftopia,639,609,1300,9,2,7
Aquarabia,2025-05-05 00:00:00+00:00,HVP,Hyper Viper,864,805,2000,8,2,6
Aquarabia,2025-05-05 00:00:00+00:00,JND,Junoon Drop,535,496,1100,10,2,8
Aquarabia,2025-05-05 00:00:00+00:00,JPJ,Jump Jolt,502,411,1000,10,1,9
Aquarabia,2025-05-06 00:00:00+00:00,SST,Sea Stallion,1326,1261,2200,12,1,11
Six Flags,2025-05-06 00:00:00+00:00,AQT,Aquatopia,881,783,1800,8,1,7
Six Flags,2025-05-06 00:00:00+00:00,SPF,Spitfire,807,745,1500,9,1,8
Six Flags,2025-05-06 00:00:00+00:00,ARC,Arabian Carousel,409,381,900,8,1,7
Six Flags,2025-05-06 00:00:00+00:00,CYC,Canyon Charters,569,543,1200,10,3,7
Six Flags,2025-05-06 00:00:00+00:00,ADJ,Adventure Junction,478,392,1000,9,1,8
Six Flags,2025-05-06 00:00:00+00:00,TWE,Twilight Express,1073,990,2000,8,2,6
Six Flags,2025-05-06 00:00:00+00:00,IRT,Iron Rattler,1188,1128,2400,8,4,4
Six Flags,2025-05-06 00:00:00+00:00,SRT,Sirocco Tower,1182,1157,2300,6,2,4
Six Flags,2025-05-06 00:00:00+00:00,FCF,Falcons Flight,1397,1336,2500,8,2,6
Six Flags,2025-05-06 00:00:00+00:00,SKW,Skywatch,1027,966,2100,9,4,5
Aquarabia,2025-05-06 00:00:00+00:00,RFR,Raft Republic,703,672,1700,9,2,7
Aquarabia,2025-05-06 00:00:00+00:00,AMB,Amwaj Bay,735,678,1600,9,1,8
Aquarabia,2025-05-06 00:00:00+00:00,SPG,Splash Grotto,789,740,1900,11,2,9
Aquarabia,2025-05-06 00:00:00+00:00,ZZZ,ZipZapZoom,702,676,1400,10,1,9
Aquarabia,2025-05-06 00:00:00+00:00,TLC,The Lazy Camel,354,331,800,8,2,6
Aquarabia,2025-05-06 00:00:00+00:00,SFT,Surftopia,652,561,1300,9,1,8
Aquarabia,2025-05-06 00:00:00+00:00,HVP,Hyper Viper,919,844,2000,8,2,6
Aquarabia,2025-05-06 00:00:00+00:00,JND,Junoon Drop,489,454,1100,10,2,8
Aquarabia,2025-05-06 00:00:00+00:00,JPJ,Jump Jolt,463,420,1000,10,2,8
Aquarabia,2025-05-07 00:00:00+00:00,SST,Sea Stallion,1367,1288,2200,12,2,10
Six Flags,2025-05-07 00:00:00+00:00,AQT,Aquatopia,855,772,1800,8,2,6
Six Flags,2025-05-07 00:00:00+00:00,SPF,Spitfire,715,656,1500,9,2,7
Six Flags,2025-05-07 00:00:00+00:00,ARC,Arabian Carousel,444,369,900,8,2,6
Six Flags,2025-05-07 00:00:00+00:00,CYC,Canyon Charters,534,488,1200,10,3,7
Six Flags,2025-05-07 00:00:00+00:00,ADJ,Adventure Junction,501,411,1000,9,1,8
Six Flags,2025-05-07 00:00:00+00:00,TWE,Twilight Express,1042,993,2000,8,1,7
Six Flags,2025-05-07 00:00:00+00:00,IRT,Iron Rattler,1270,1177,2400,8,5,3
Six Flags,2025-05-07 00:00:00+00:00,SRT,Sirocco Tower,1084,990,2300,6,1,5
Six Flags,2025-05-07 00:00:00+00:00,FCF,Falcons Flight,1364,1310,2500,8,1,7
Six Flags,2025-05-07 00:00:00+00:00,SKW,Skywatch,1177,1149,2100,9,4,5
Aquarabia,2025-05-07 00:00:00+00:00,RFR,Raft Republic,952,882,1700,9,1,8
Aquarabia,2025-05-07 00:00:00+00:00,AMB,Amwaj Bay,696,606,1600,9,2,7
Aquarabia,2025-05-07 00:00:00+00:00,SPG,Splash Grotto,977,926,1900,11,1,10
Aquarabia,2025-05-07 00:00:00+00:00,ZZZ,ZipZapZoom,734,701,1400,10,1,9
Aquarabia,2025-05-07 00:00:00+00:00,TLC,The Lazy Camel,368,317,800,8,2,6
Aquarabia,2025-05-07 00:00:00+00:00,SFT,Surftopia,639,585,1300,9,2,7
Aquarabia,2025-05-07 00:00:00+00:00,HVP,Hyper Viper,878,808,2000,8,2,6
Aquarabia,2025-05-07 00:00:00+00:00,JND,Junoon Drop,482,428,1100,10,1,9
Aquarabia,2025-05-07 00:00:00+00:00,JPJ,Jump Jolt,402,365,1000,10,2,8
Aquarabia,2025-05-08 00:00:00+00:00,SST,Sea Stallion,1276,1233,2200,12,2,10
Six Flags,2025-05-08 00:00:00+00:00,AQT,Aquatopia,846,786,1800,8,2,6
Six Flags,2025-05-08 00:00:00+00:00,SPF,Spitfire,624,576,1500,9,2,7
Six Flags,2025-05-08 00:00:00+00:00,ARC,Arabian Carousel,481,449,900,8,2,6
Six Flags,2025-05-08 00:00:00+00:00,CYC,Canyon Charters,528,457,1200,10,4,6
Six Flags,2025-05-08 00:00:00+00:00,ADJ,Adventure Junction,535,471,1000,9,2,7
Six Flags,2025-05-08 00:00:00+00:00,TWE,Twilight Express,829,793,2000,8,1,7
Six Flags,2025-05-08 00:00:00+00:00,IRT,Iron Rattler,1264,1203,2400,8,5,3
Six Flags,2025-05-08 00:00:00+00:00,SRT,Sirocco Tower,1223,1171,2300,6,2,4
Six Flags,2025-05-08 00:00:00+00:00,FCF,Falcons Flight,1407,1357,2500,8,1,7
Six Flags,2025-05-08 00:00:00+00:00,SKW,Skywatch,1053,1003,2100,9,4,5
Aquarabia,2025-05-08 00:00:00+00:00,RFR,Raft Republic,724,649,1700,9,2,7
Aquarabia,2025-05-08 00:00:00+00:00,AMB,Amwaj Bay,693,601,1600,9,2,7
Aquarabia,2025-05-08 00:00:00+00:00,SPG,Splash Grotto,795,750,1900,11,1,10
Aquarabia,2025-05-08 00:00:00+00:00,ZZZ,ZipZapZoom,674,650,1400,10,1,9
Aquarabia,2025-05-08 00:00:00+00:00,TLC,The Lazy Camel,434,340,800,8,2,6
Aquarabia,2025-05-08 00:00:00+00:00,SFT,Surftopia,548,526,1300,9,2,7
Aquarabia,2025-05-08 00:00:00+00:00,HVP,Hyper Viper,1082,1008,2000,8,2,6
Aquarabia,2025-05-08 00:00:00+00:00,JND,Junoon Drop,542,451,1100,10,1,9
Aquarabia,2025-05-08 00:00:00+00:00,JPJ,Jump Jolt,546,492,1000,10,2,8
Aquarabia,2025-05-09 00:00:00+00:00,SST,Sea Stallion,990,936,2200,12,2,10
Six Flags,2025-05-09 00:00:00+00:00,AQT,Aquatopia,736,637,1800,8,2,6
Six Flags,2025-05-09 00:00:00+00:00,SPF,Spitfire,649,557,1500,9,2,7
Six Flags,2025-05-09 00:00:00+00:00,ARC,Arabian Carousel,538,495,900,8,1,7
Six Flags,2025-05-09 00:00:00+00:00,CYC,Canyon Charters,518,453,1200,10,5,5
Six Flags,2025-05-09 00:00:00+00:00,ADJ,Adventure Junction,541,463,1000,9,2,7
Six Flags,2025-05-09 00:00:00+00:00,TWE,Twilight Express,1016,925,2000,8,2,6
Six Flags,2025-05-09 00:00:00+00:00,IRT,Iron Rattler,1327,1228,2400,8,5,3
Six Flags,2025-05-09 00:00:00+00:00,SRT,Sirocco Tower,1317,1236,2300,6,2,4
Six Flags,2025-05-09 00:00:00+00:00,FCF,Falcons Flight,1466,1387,2500,8,1,7
Six Flags,2025-05-09 00:00:00+00:00,SKW,Skywatch,1035,985,2100,9,4,5
Aquarabia,2025-05-09 00:00:00+00:00,RFR,Raft Republic,837,772,1700,9,2,7
Aquarabia,2025-05-09 00:00:00+00:00,AMB,Amwaj Bay,811,782,1600,9,1,8
Aquarabia,2025-05-09 00:00:00+00:00,SPG,Splash Grotto,897,876,1900,11,1,10
Aquarabia,2025-05-09 00:00:00+00:00,ZZZ,ZipZapZoom,697,648,1400,10,2,8
Aquarabia,2025-05-09 00:00:00+00:00,TLC,The Lazy Camel,418,363,800,8,2,6
Aquarabia,2025-05-09 00:00:00+00:00,SFT,Surftopia,716,650,1300,9,1,8
Aquarabia,2025-05-09 00:00:00+00:00,HVP,Hyper Viper,978,902,2000,8,2,6
Aquarabia,2025-05-09 00:00:00+00:00,JND,Junoon Drop,596,497,1100,10,2,8
Aquarabia,2025-05-09 00:00:00+00:00,JPJ,Jump Jolt,468,374,1000,10,1,9
Aquarabia,2025-05-10 00:00:00+00:00,SST,Sea Stallion,1164,1089,2200,12,2,10
Six Flags,2025-05-10 00:00:00+00:00,AQT,Aquatopia,916,841,1800,8,2,6
Six Flags,2025-05-10 00:00:00+00:00,SPF,Spitfire,892,799,1500,9,1,8
Six Flags,2025-05-10 00:00:00+00:00,ARC,Arabian Carousel,495,399,900,8,1,7
Six Flags,2025-05-10 00:00:00+00:00,CYC,Canyon Charters,701,627,1200,10,5,5
Six Flags,2025-05-10 00:00:00+00:00,ADJ,Adventure Junction,463,395,1000,9,1,8
Six Flags,2025-05-10 00:00:00+00:00,TWE,Twilight Express,1098,1011,2000,8,1,7
Six Flags,2025-05-10 00:00:00+00:00,IRT,Iron Rattler,1017,975,2400,8,5,3
Six Flags,2025-05-10 00:00:00+00:00,SRT,Sirocco Tower,1079,1024,2300,6,1,5
Six Flags,2025-05-10 00:00:00+00:00,FCF,Falcons Flight,1232,1164,2500,8,1,7
Six Flags,2025-05-10 00:00:00+00:00,SKW,Skywatch,936,906,2100,9,5,4
Aquarabia,2025-05-10 00:00:00+00:00,RFR,Raft Republic,761,678,1700,9,2,7
Aquarabia,2025-05-10 00:00:00+00:00,AMB,Amwaj Bay,841,818,1600,9,1,8
Aquarabia,2025-05-10 00:00:00+00:00,SPG,Splash Grotto,917,828,1900,11,1,10
Aquarabia,2025-05-10 00:00:00+00:00,ZZZ,ZipZapZoom,612,520,1400,10,2,8
Aquarabia,2025-05-10 00:00:00+00:00,TLC,The Lazy Camel,345,298,800,8,2,6
Aquarabia,2025-05-10 00:00:00+00:00,SFT,Surftopia,585,542,1300,9,2,7
Aquarabia,2025-05-10 00:00:00+00:00,HVP,Hyper Viper,783,733,2000,8,2,6
Aquarabia,2025-05-10 00:00:00+00:00,JND,Junoon Drop,479,425,1100,10,1,9
Aquarabia,2025-05-10 00:00:00+00:00,JPJ,Jump Jolt,422,399,1000,10,2,8
Aquarabia,2025-05-11 00:00:00+00:00,SST,Sea Stallion,1188,1161,2200,12,1,11
Six Flags,2025-05-11 00:00:00+00:00,AQT,Aquatopia,912,834,1800,8,2,6
Six Flags,2025-05-11 00:00:00+00:00,SPF,Spitfire,834,748,1500,9,2,7
Six Flags,2025-05-11 00:00:00+00:00,ARC,Arabian Carousel,478,438,900,8,1,7
Six Flags,2025-05-11 00:00:00+00:00,CYC,Canyon Charters,544,447,1200,10,3,7
Six Flags,2025-05-11 00:00:00+00:00,ADJ,Adventure Junction,507,469,1000,9,2,7
Six Flags,2025-05-11 00:00:00+00:00,TWE,Twilight Express,800,709,2000,8,2,6
Six Flags,2025-05-11 00:00:00+00:00,IRT,Iron Rattler,1293,1227,2400,8,5,3
Six Flags,2025-05-11 00:00:00+00:00,SRT,Sirocco Tower,884,858,2300,6,1,5
Six Flags,2025-05-11 00:00:00+00:00,FCF,Falcons Flight,1434,1366,2500,8,2,6
Six Flags,2025-05-11 00:00:00+00:00,SKW,Skywatch,895,841,2100,9,5,4
Aquarabia,2025-05-11 00:00:00+00:00,RFR,Raft Republic,753,729,1700,9,1,8
Aquarabia,2025-05-11 00:00:00+00:00,AMB,Amwaj Bay,639,604,1600,9,2,7
Aquarabia,2025-05-11 00:00:00+00:00,SPG,Splash Grotto,836,800,1900,11,2,9
Aquarabia,2025-05-11 00:00:00+00:00,ZZZ,ZipZapZoom,630,608,1400,10,2,8
Aquarabia,2025-05-11 00:00:00+00:00,TLC,The Lazy Camel,394,368,800,8,2,6
Aquarabia,2025-05-11 00:00:00+00:00,SFT,Surftopia,571,551,1300,9,1,8
Aquarabia,2025-05-11 00:00:00+00:00,HVP,Hyper Viper,959,916,2000,8,1,7
Aquarabia,2025-05-11 00:00:00+00:00,JND,Junoon Drop,577,527,1100,10,1,9
Aquarabia,2025-05-11 00:00:00+00:00,JPJ,Jump Jolt,437,398,1000,10,1,9
Aquarabia,2025-05-12 00:00:00+00:00,SST,Sea Stallion,1024,953,2200,12,2,10
Six Flags,2025-05-12 00:00:00+00:00,AQT,Aquatopia,890,856,1800,8,2,6
Six Flags,2025-05-12 00:00:00+00:00,SPF,Spitfire,748,670,1500,9,1,8
Six Flags,2025-05-12 00:00:00+00:00,ARC,Arabian Carousel,499,430,900,8,2,6
Six Flags,2025-05-12 00:00:00+00:00,CYC,Canyon Charters,649,572,1200,10,4,6
Six Flags,2025-05-12 00:00:00+00:00,ADJ,Adventure Junction,516,493,1000,9,2,7
Six Flags,2025-05-12 00:00:00+00:00,TWE,Twilight Express,1167,1127,2000,8,1,7
Six Flags,2025-05-12 00:00:00+00:00,IRT,Iron Rattler,1201,1108,2400,8,4,4
Six Flags,2025-05-12 00:00:00+00:00,SRT,Sirocco Tower,1122,1087,2300,6,2,4
Six Flags,2025-05-12 00:00:00+00:00,FCF,Falcons Flight,1341,1262,2500,8,2,6
Six Flags,2025-05-12 00:00:00+00:00,SKW,Skywatch,1143,1049,2100,9,3,6
Aquarabia,2025-05-12 00:00:00+00:00,RFR,Raft Republic,699,632,1700,9,1,8
Aquarabia,2025-05-12 00:00:00+00:00,AMB,Amwaj Bay,737,715,1600,9,2,7
Aquarabia,2025-05-12 00:00:00+00:00,SPG,Splash Grotto,846,781,1900,11,2,9
Aquarabia,2025-05-12 00:00:00+00:00,ZZZ,ZipZapZoom,690,657,1400,10,2,8
Aquarabia,2025-05-12 00:00:00+00:00,TLC,The Lazy Camel,442,381,800,8,1,7
Aquarabia,2025-05-12 00:00:00+00:00,SFT,Surftopia,617,534,1300,9,1,8
Aquarabia,2025-05-12 00:00:00+00:00,HVP,Hyper Viper,815,748,2000,8,1,7
Aquarabia,2025-05-12 00:00:00+00:00,JND,Junoon Drop,620,523,1100,10,2,8
Aquarabia,2025-05-12 00:00:00+00:00,JPJ,Jump Jolt,518,422,1000,10,2,8
Aquarabia,2025-05-13 00:00:00+00:00,SST,Sea Stallion,1334,1265,2200,12,2,10
Six Flags,2025-05-13 00:00:00+00:00,AQT,Aquatopia,884,827,1800,8,2,6
Six Flags,2025-05-13 00:00:00+00:00,SPF,Spitfire,662,573,1500,9,1,8
Six Flags,2025-05-13 00:00:00+00:00,ARC,Arabian Carousel,464,407,900,8,1,7
Six Flags,2025-05-13 00:00:00+00:00,CYC,Canyon Charters,613,556,1200,10,4,6
Six Flags,2025-05-13 00:00:00+00:00,ADJ,Adventure Junction,578,483,1000,9,2,7
Six Flags,2025-05-13 00:00:00+00:00,TWE,Twilight Express,1015,981,2000,8,1,7
Six Flags,2025-05-13 00:00:00+00:00,IRT,Iron Rattler,1283,1190,2400,8,4,4
Six Flags,2025-05-13 00:00:00+00:00,SRT,Sirocco Tower,1140,1086,2300,6,1,5
Six Flags,2025-05-13 00:00:00+00:00,FCF,Falcons Flight,1223,1192,2500,8,2,6
Six Flags,2025-05-13 00:00:00+00:00,SKW,Skywatch,1066,1007,2100,9,3,6
Aquarabia,2025-05-13 00:00:00+00:00,RFR,Raft Republic,787,764,1700,9,1,8
Aquarabia,2025-05-13 00:00:00+00:00,AMB,Amwaj Bay,630,583,1600,9,1,8
Aquarabia,2025-05-13 00:00:00+00:00,SPG,Splash Grotto,988,910,1900,11,1,10
Aquarabia,2025-05-13 00:00:00+00:00,ZZZ,ZipZapZoom,598,525,1400,10,2,8
Aquarabia,2025-05-13 00:00:00+00:00,TLC,The Lazy Camel,362,302,800,8,2,6
Aquarabia,2025-05-13 00:00:00+00:00,SFT,Surftopia,699,659,1300,9,2,7
Aquarabia,2025-05-13 00:00:00+00:00,HVP,Hyper Viper,949,906,2000,8,2,6
Aquarabia,2025-05-13 00:00:00+00:00,JND,Junoon Drop,600,526,1100,10,1,9
Aquarabia,2025-05-13 00:00:00+00:00,JPJ,Jump Jolt,412,369,1000,10,2,8
Aquarabia,2025-05-14 00:00:00+00:00,SST,Sea Stallion,1360,1272,2200,12,1,11
Six Flags,2025-05-14 00:00:00+00:00,AQT,Aquatopia,925,874,1800,8,2,6
Six Flags,2025-05-14 00:00:00+00:00,SPF,Spitfire,770,742,1500,9,1,8
Six Flags,2025-05-14 00:00:00+00:00,ARC,Arabian Carousel,500,465,900,8,2,6
Six Flags,2025-05-14 00:00:00+00:00,CYC,Canyon Charters,631,552,1200,10,4,6
Six Flags,2025-05-14 00:00:00+00:00,ADJ,Adventure Junction,575,483,1000,9,2,7
Six Flags,2025-05-14 00:00:00+00:00,TWE,Twilight Express,1099,1026,2000,8,2,6
Six Flags,2025-05-14 00:00:00+00:00,IRT,Iron Rattler,1291,1232,2400,8,3,5
Six Flags,2025-05-14 00:00:00+00:00,SRT,Sirocco Tower,1324,1242,2300,6,1,5
Six Flags,2025-05-14 00:00:00+00:00,FCF,Falcons Flight,1587,1523,2500,8,1,7
Six Flags,2025-05-14 00:00:00+00:00,SKW,Skywatch,954,886,2100,9,3,6
Aquarabia,2025-05-14 00:00:00+00:00,RFR,Raft Republic,951,858,1700,9,1,8
Aquarabia,2025-05-14 00:00:00+00:00,AMB,Amwaj Bay,859,778,1600,9,1,8
Aquarabia,2025-05-14 00:00:00+00:00,SPG,Splash Grotto,808,770,1900,11,2,9
Aquarabia,2025-05-14 00:00:00+00:00,ZZZ,ZipZapZoom,667,636,1400,10,2,8
Aquarabia,2025-05-14 00:00:00+00:00,TLC,The Lazy Camel,474,380,800,8,1,7
Aquarabia,2025-05-14 00:00:00+00:00,SFT,Surftopia,609,510,1300,9,2,7
Aquarabia,2025-05-14 00:00:00+00:00,HVP,Hyper Viper,970,881,2000,8,1,7
Aquarabia,2025-05-14 00:00:00+00:00,JND,Junoon Drop,528,452,1100,10,2,8
Aquarabia,2025-05-14 00:00:00+00:00,JPJ,Jump Jolt,509,487,1000,10,1,9
Aquarabia,2025-05-15 00:00:00+00:00,SST,Sea Stallion,1339,1303,2200,12,1,11
Six Flags,2025-05-15 00:00:00+00:00,AQT,Aquatopia,956,861,1800,8,1,7
Six Flags,2025-05-15 00:00:00+00:00,SPF,Spitfire,688,610,1500,9,1,8
Six Flags,2025-05-15 00:00:00+00:00,ARC,Arabian Carousel,541,443,900,8,2,6
Six Flags,2025-05-15 00:00:00+00:00,CYC,Canyon Charters,587,565,1200,10,5,5
Six Flags,2025-05-15 00:00:00+00:00,ADJ,Adventure Junction,615,518,1000,9,1,8
Six Flags,2025-05-15 00:00:00+00:00,TWE,Twilight Express,936,890,2000,8,2,6
Six Flags,2025-05-15 00:00:00+00:00,IRT,Iron Rattler,1147,1065,2400,8,3,5
Six Flags,2025-05-15 00:00:00+00:00,SRT,Sirocco Tower,1072,1042,2300,6,1,5
Six Flags,2025-05-15 00:00:00+00:00,FCF,Falcons Flight,1650,1623,2500,8,2,6
Six Flags,2025-05-15 00:00:00+00:00,SKW,Skywatch,1095,1056,2100,9,3,6
Aquarabia,2025-05-15 00:00:00+00:00,RFR,Raft Republic,826,797,1700,9,1,8
Aquarabia,2025-05-15 00:00:00+00:00,AMB,Amwaj Bay,840,750,1600,9,2,7
Aquarabia,2025-05-15 00:00:00+00:00,SPG,Splash Grotto,919,858,1900,11,1,10
Aquarabia,2025-05-15 00:00:00+00:00,ZZZ,ZipZapZoom,563,512,1400,10,1,9
Aquarabia,2025-05-15 00:00:00+00:00,TLC,The Lazy Camel,398,302,800,8,2,6
Aquarabia,2025-05-15 00:00:00+00:00,SFT,Surftopia,577,514,1300,9,1,8
Aquarabia,2025-05-15 00:00:00+00:00,HVP,Hyper Viper,960,917,2000,8,1,7
Aquarabia,2025-05-15 00:00:00+00:00,JND,Junoon Drop,516,453,1100,10,1,9
Aquarabia,2025-05-15 00:00:00+00:00,JPJ,Jump Jolt,513,415,1000,10,2,8
Aquarabia,2025-05-16 00:00:00+00:00,SST,Sea Stallion,1253,1194,2200,12,2,10
Six Flags,2025-05-16 00:00:00+00:00,AQT,Aquatopia,765,717,1800,8,1,7
Six Flags,2025-05-16 00:00:00+00:00,SPF,Spitfire,757,678,1500,9,1,8
Six Flags,2025-05-16 00:00:00+00:00,ARC,Arabian Carousel,501,423,900,8,1,7
Six Flags,2025-05-16 00:00:00+00:00,CYC,Canyon Charters,680,590,1200,10,3,7
Six Flags,2025-05-16 00:00:00+00:00,ADJ,Adventure Junction,562,538,1000,9,2,7
Six Flags,2025-05-16 00:00:00+00:00,TWE,Twilight Express,1036,960,2000,8,2,6
Six Flags,2025-05-16 00:00:00+00:00,IRT,Iron Rattler,1145,1057,2400,8,4,4
Six Flags,2025-05-16 00:00:00+00:00,SRT,Sirocco Tower,1055,978,2300,6,1,5
Six Flags,2025-05-16 00:00:00+00:00,FCF,Falcons Flight,1528,1477,2500,8,2,6
Six Flags,2025-05-16 00:00:00+00:00,SKW,Skywatch,1158,1063,2100,9,4,5
Aquarabia,2025-05-16 00:00:00+00:00,RFR,Raft Republic,685,647,1700,9,2,7
Aquarabia,2025-05-16 00:00:00+00:00,AMB,Amwaj Bay,827,748,1600,9,1,8
Aquarabia,2025-05-16 00:00:00+00:00,SPG,Splash Grotto,944,882,1900,11,2,9
Aquarabia,2025-05-16 00:00:00+00:00,ZZZ,ZipZapZoom,604,508,1400,10,2,8
Aquarabia,2025-05-16 00:00:00+00:00,TLC,The Lazy Camel,409,356,800,8,2,6
Aquarabia,2025-05-16 00:00:00+00:00,SFT,Surftopia,671,638,1300,9,2,7
Aquarabia,2025-05-16 00:00:00+00:00,HVP,Hyper Viper,886,830,2000,8,1,7
Aquarabia,2025-05-16 00:00:00+00:00,JND,Junoon Drop,620,536,1100,10,1,9
Aquarabia,2025-05-16 00:00:00+00:00,JPJ,Jump Jolt,592,512,1000,10,2,8
Aquarabia,2025-05-17 00:00:00+00:00,SST,Sea Stallion,1352,1300,2200,12,2,10
Six Flags,2025-05-17 00:00:00+00:00,AQT,Aquatopia,936,882,1800,8,1,7
Six Flags,2025-05-17 00:00:00+00:00,SPF,Spitfire,734,682,1500,9,1,8
Six Flags,2025-05-17 00:00:00+00:00,ARC,Arabian Carousel,517,459,900,8,1,7
Six Flags,2025-05-17 00:00:00+00:00,CYC,Canyon Charters,536,493,1200,10,4,6
Six Flags,2025-05-17 00:00:00+00:00,ADJ,Adventure Junction,493,456,1000,9,2,7
Six Flags,2025-05-17 00:00:00+00:00,TWE,Twilight Express,1073,1048,2000,8,1,7
Six Flags,2025-05-17 00:00:00+00:00,IRT,Iron Rattler,1149,1096,2400,8,5,3
Six Flags,2025-05-17 00:00:00+00:00,SRT,Sirocco Tower,1009,985,2300,6,2,4
Six Flags,2025-05-17 00:00:00+00:00,FCF,Falcons Flight,1374,1291,2500,8,2,6
Six Flags,2025-05-17 00:00:00+00:00,SKW,Skywatch,1147,1072,2100,9,3,6
Aquarabia,2025-05-17 00:00:00+00:00,RFR,Raft Republic,837,767,1700,9,1,8
Aquarabia,2025-05-17 00:00:00+00:00,AMB,Amwaj Bay,828,783,1600,9,2,7
Aquarabia,2025-05-17 00:00:00+00:00,SPG,Splash Grotto,1052,1000,1900,11,1,10
Aquarabia,2025-05-17 00:00:00+00:00,ZZZ,ZipZapZoom,681,652,1400,10,1,9
Aquarabia,2025-05-17 00:00:00+00:00,TLC,The Lazy Camel,310,287,800,8,2,6
Aquarabia,2025-05-17 00:00:00+00:00,SFT,Surftopia,618,534,1300,9,1,8
Aquarabia,2025-05-17 00:00:00+00:00,HVP,Hyper Viper,909,833,2000,8,2,6
Aquarabia,2025-05-17 00:00:00+00:00,JND,Junoon Drop,467,386,1100,10,2,8
Aquarabia,2025-05-17 00:00:00+00:00,JPJ,Jump Jolt,499,464,1000,10,1,9
Aquarabia,2025-05-18 00:00:00+00:00,SST,Sea Stallion,1357,1258,2200,12,2,10
Six Flags,2025-05-18 00:00:00+00:00,AQT,Aquatopia,899,805,1800,8,2,6
Six Flags,2025-05-18 00:00:00+00:00,SPF,Spitfire,773,750,1500,9,1,8
Six Flags,2025-05-18 00:00:00+00:00,ARC,Arabian Carousel,423,339,900,8,1,7
Six Flags,2025-05-18 00:00:00+00:00,CYC,Canyon Charters,562,480,1200,10,4,6
Six Flags,2025-05-18 00:00:00+00:00,ADJ,Adventure Junction,630,543,1000,9,2,7
Six Flags,2025-05-18 00:00:00+00:00,TWE,Twilight Express,1142,1050,2000,8,2,6
Six Flags,2025-05-18 00:00:00+00:00,IRT,Iron Rattler,1138,1056,2400,8,4,4
Six Flags,2025-05-18 00:00:00+00:00,SRT,Sirocco Tower,1146,1056,2300,6,2,4
Six Flags,2025-05-18 00:00:00+00:00,FCF,Falcons Flight,1490,1463,2500,8,2,6
Six Flags,2025-05-18 00:00:00+00:00,SKW,Skywatch,877,822,2100,9,3,6
Aquarabia,2025-05-18 00:00:00+00:00,RFR,Raft Republic,797,705,1700,9,1,8
Aquarabia,2025-05-18 00:00:00+00:00,AMB,Amwaj Bay,855,762,1600,9,2,7
Aquarabia,2025-05-18 00:00:00+00:00,SPG,Splash Grotto,987,937,1900,11,2,9
Aquarabia,2025-05-18 00:00:00+00:00,ZZZ,ZipZapZoom,736,649,1400,10,1,9
Aquarabia,2025-05-18 00:00:00+00:00,TLC,The Lazy Camel,448,360,800,8,2,6
Aquarabia,2025-05-18 00:00:00+00:00,SFT,Surftopia,624,602,1300,9,2,7
Aquarabia,2025-05-18 00:00:00+00:00,HVP,Hyper Viper,1017,928,2000,8,2,6
Aquarabia,2025-05-18 00:00:00+00:00,JND,Junoon Drop,463,431,1100,10,1,9
Aquarabia,2025-05-18 00:00:00+00:00,JPJ,Jump Jolt,492,428,1000,10,2,8
Aquarabia,2025-05-19 00:00:00+00:00,SST,Sea Stallion,1265,1231,2200,12,2,10
Six Flags,2025-05-19 00:00:00+00:00,AQT,Aquatopia,910,884,1800,8,1,7
Six Flags,2025-05-19 00:00:00+00:00,SPF,Spitfire,706,638,1500,9,2,7
Six Flags,2025-05-19 00:00:00+00:00,ARC,Arabian Carousel,428,392,900,8,1,7
Six Flags,2025-05-19 00:00:00+00:00,CYC,Canyon Charters,598,502,1200,10,3,7
Six Flags,2025-05-19 00:00:00+00:00,ADJ,Adventure Junction,480,407,1000,9,2,7
Six Flags,2025-05-19 00:00:00+00:00,TWE,Twilight Express,1073,1029,2000,8,2,6
Six Flags,2025-05-19 00:00:00+00:00,IRT,Iron Rattler,1242,1157,2400,8,3,5
Six Flags,2025-05-19 00:00:00+00:00,SRT,Sirocco Tower,971,916,2300,6,2,4
Six Flags,2025-05-19 00:00:00+00:00,FCF,Falcons Flight,1288,1240,2500,8,1,7
Six Flags,2025-05-19 00:00:00+00:00,SKW,Skywatch,1163,1103,2100,9,5,4
Aquarabia,2025-05-19 00:00:00+00:00,RFR,Raft Republic,689,625,1700,9,1,8
Aquarabia,2025-05-19 00:00:00+00:00,AMB,Amwaj Bay,838,770,1600,9,1,8
Aquarabia,2025-05-19 00:00:00+00:00,SPG,Splash Grotto,810,747,1900,11,2,9
Aquarabia,2025-05-19 00:00:00+00:00,ZZZ,ZipZapZoom,564,518,1400,10,2,8
Aquarabia,2025-05-19 00:00:00+00:00,TLC,The Lazy Camel,335,313,800,8,1,7
Aquarabia,2025-05-19 00:00:00+00:00,SFT,Surftopia,573,524,1300,9,1,8
Aquarabia,2025-05-19 00:00:00+00:00,HVP,Hyper Viper,835,742,2000,8,1,7
Aquarabia,2025-05-19 00:00:00+00:00,JND,Junoon Drop,607,569,1100,10,1,9
Aquarabia,2025-05-19 00:00:00+00:00,JPJ,Jump Jolt,480,393,1000,10,1,9
Aquarabia,2025-05-20 00:00:00+00:00,SST,Sea Stallion,1080,981,2200,12,1,11
Six Flags,2025-05-20 00:00:00+00:00,AQT,Aquatopia,765,698,1800,8,1,7
Six Flags,2025-05-20 00:00:00+00:00,SPF,Spitfire,709,674,1500,9,1,8
Six Flags,2025-05-20 00:00:00+00:00,ARC,Arabian Carousel,496,431,900,8,2,6
Six Flags,2025-05-20 00:00:00+00:00,CYC,Canyon Charters,649,568,1200,10,5,5
Six Flags,2025-05-20 00:00:00+00:00,ADJ,Adventure Junction,500,459,1000,9,1,8
Six Flags,2025-05-20 00:00:00+00:00,TWE,Twilight Express,874,789,2000,8,2,6
Six Flags,2025-05-20 00:00:00+00:00,IRT,Iron Rattler,1229,1208,2400,8,3,5
Six Flags,2025-05-20 00:00:00+00:00,SRT,Sirocco Tower,1241,1148,2300,6,1,5
Six Flags,2025-05-20 00:00:00+00:00,FCF,Falcons Flight,1452,1373,2500,8,1,7
Six Flags,2025-05-20 00:00:00+00:00,SKW,Skywatch,873,774,2100,9,4,5
Aquarabia,2025-05-20 00:00:00+00:00,RFR,Raft Republic,830,798,1700,9,1,8
Aquarabia,2025-05-20 00:00:00+00:00,AMB,Amwaj Bay,805,774,1600,9,2,7
Aquarabia,2025-05-20 00:00:00+00:00,SPG,Splash Grotto,1004,956,1900,11,1,10
Aquarabia,2025-05-20 00:00:00+00:00,ZZZ,ZipZapZoom,756,715,1400,10,2,8
Aquarabia,2025-05-20 00:00:00+00:00,TLC,The Lazy Camel,436,373,800,8,2,6
Aquarabia,2025-05-20 00:00:00+00:00,SFT,Surftopia,670,638,1300,9,2,7
Aquarabia,2025-05-20 00:00:00+00:00,HVP,Hyper Viper,1136,1049,2000,8,2,6
Aquarabia,2025-05-20 00:00:00+00:00,JND,Junoon Drop,535,494,1100,10,2,8
Aquarabia,2025-05-20 00:00:00+00:00,JPJ,Jump Jolt,560,484,1000,10,2,8
Aquarabia,2025-05-21 00:00:00+00:00,SST,Sea Stallion,1062,1029,2200,12,2,10
Six Flags,2025-05-21 00:00:00+00:00,AQT,Aquatopia,1015,930,1800,8,1,7
Six Flags,2025-05-21 00:00:00+00:00,SPF,Spitfire,733,666,1500,9,2,7
Six Flags,2025-05-21 00:00:00+00:00,ARC,Arabian Carousel,407,358,900,8,2,6
Six Flags,2025-05-21 00:00:00+00:00,CYC,Canyon Charters,673,595,1200,10,5,5
Six Flags,2025-05-21 00:00:00+00:00,ADJ,Adventure Junction,472,432,1000,9,2,7
Six Flags,2025-05-21 00:00:00+00:00,TWE,Twilight Express,964,936,2000,8,1,7
Six Flags,2025-05-21 00:00:00+00:00,IRT,Iron Rattler,1360,1274,2400,8,3,5
Six Flags,2025-05-21 00:00:00+00:00,SRT,Sirocco Tower,962,930,2300,6,1,5
Six Flags,2025-05-21 00:00:00+00:00,FCF,Falcons Flight,1444,1419,2500,8,2,6
Six Flags,2025-05-21 00:00:00+00:00,SKW,Skywatch,913,883,2100,9,5,4
Aquarabia,2025-05-21 00:00:00+00:00,RFR,Raft Republic,720,672,1700,9,1,8
Aquarabia,2025-05-21 00:00:00+00:00,AMB,Amwaj Bay,802,756,1600,9,2,7
Aquarabia,2025-05-21 00:00:00+00:00,SPG,Splash Grotto,958,923,1900,11,1,10
Aquarabia,2025-05-21 00:00:00+00:00,ZZZ,ZipZapZoom,770,692,1400,10,2,8
Aquarabia,2025-05-21 00:00:00+00:00,TLC,The Lazy Camel,440,407,800,8,2,6
Aquarabia,2025-05-21 00:00:00+00:00,SFT,Surftopia,601,562,1300,9,2,7
Aquarabia,2025-05-21 00:00:00+00:00,HVP,Hyper Viper,1030,1008,2000,8,1,7
Aquarabia,2025-05-21 00:00:00+00:00,JND,Junoon Drop,564,472,1100,10,2,8
Aquarabia,2025-05-21 00:00:00+00:00,JPJ,Jump Jolt,477,412,1000,10,1,9
Aquarabia,2025-05-22 00:00:00+00:00,SST,Sea Stallion,1256,1234,2200,12,1,11
Six Flags,2025-05-22 00:00:00+00:00,AQT,Aquatopia,854,776,1800,8,1,7
Six Flags,2025-05-22 00:00:00+00:00,SPF,Spitfire,814,787,1500,9,2,7
Six Flags,2025-05-22 00:00:00+00:00,ARC,Arabian Carousel,456,381,900,8,1,7
Six Flags,2025-05-22 00:00:00+00:00,CYC,Canyon Charters,626,597,1200,10,5,5
Six Flags,2025-05-22 00:00:00+00:00,ADJ,Adventure Junction,485,391,1000,9,2,7
Six Flags,2025-05-22 00:00:00+00:00,TWE,Twilight Express,1193,1116,2000,8,1,7
Six Flags,2025-05-22 00:00:00+00:00,IRT,Iron Rattler,1210,1127,2400,8,5,3
Six Flags,2025-05-22 00:00:00+00:00,SRT,Sirocco Tower,953,868,2300,6,1,5
Six Flags,2025-05-22 00:00:00+00:00,FCF,Falcons Flight,1338,1254,2500,8,2,6
Six Flags,2025-05-22 00:00:00+00:00,SKW,Skywatch,1111,1089,2100,9,4,5
Aquarabia,2025-05-22 00:00:00+00:00,RFR,Raft Republic,783,704,1700,9,1,8
Aquarabia,2025-05-22 00:00:00+00:00,AMB,Amwaj Bay,696,670,1600,9,2,7
Aquarabia,2025-05-22 00:00:00+00:00,SPG,Splash Grotto,953,884,1900,11,1,10
Aquarabia,2025-05-22 00:00:00+00:00,ZZZ,ZipZapZoom,719,673,1400,10,2,8
Aquarabia,2025-05-22 00:00:00+00:00,TLC,The Lazy Camel,403,340,800,8,1,7
Aquarabia,2025-05-22 00:00:00+00:00,SFT,Surftopia,566,481,1300,9,1,8
Aquarabia,2025-05-22 00:00:00+00:00,HVP,Hyper Viper,913,838,2000,8,1,7
Aquarabia,2025-05-22 00:00:00+00:00,JND,Junoon Drop,497,412,1100,10,1,9
Aquarabia,2025-05-22 00:00:00+00:00,JPJ,Jump Jolt,375,349,1000,10,2,8
Aquarabia,2025-05-23 00:00:00+00:00,SST,Sea Stallion,1239,1181,2200,12,1,11
Six Flags,2025-05-23 00:00:00+00:00,AQT,Aquatopia,848,824,1800,8,1,7
Six Flags,2025-05-23 00:00:00+00:00,SPF,Spitfire,816,755,1500,9,1,8
Six Flags,2025-05-23 00:00:00+00:00,ARC,Arabian Carousel,461,391,900,8,2,6
Six Flags,2025-05-23 00:00:00+00:00,CYC,Canyon Charters,630,543,1200,10,3,7
Six Flags,2025-05-23 00:00:00+00:00,ADJ,Adventure Junction,548,463,1000,9,1,8
Six Flags,2025-05-23 00:00:00+00:00,TWE,Twilight Express,1006,914,2000,8,2,6
Six Flags,2025-05-23 00:00:00+00:00,IRT,Iron Rattler,954,894,2400,8,4,4
Six Flags,2025-05-23 00:00:00+00:00,SRT,Sirocco Tower,1108,1077,2300,6,1,5
Six Flags,2025-05-23 00:00:00+00:00,FCF,Falcons Flight,1700,1620,2500,8,1,7
Six Flags,2025-05-23 00:00:00+00:00,SKW,Skywatch,910,880,2100,9,4,5
Aquarabia,2025-05-23 00:00:00+00:00,RFR,Raft Republic,872,781,1700,9,1,8
Aquarabia,2025-05-23 00:00:00+00:00,AMB,Amwaj Bay,788,694,1600,9,2,7
Aquarabia,2025-05-23 00:00:00+00:00,SPG,Splash Grotto,812,744,1900,11,1,10
Aquarabia,2025-05-23 00:00:00+00:00,ZZZ,ZipZapZoom,741,698,1400,10,1,9
Aquarabia,2025-05-23 00:00:00+00:00,TLC,The Lazy Camel,425,369,800,8,2,6
Aquarabia,2025-05-23 00:00:00+00:00,SFT,Surftopia,735,665,1300,9,2,7
Aquarabia,2025-05-23 00:00:00+00:00,HVP,Hyper Viper,852,779,2000,8,1,7
Aquarabia,2025-05-23 00:00:00+00:00,JND,Junoon Drop,587,509,1100,10,2,8
Aquarabia,2025-05-23 00:00:00+00:00,JPJ,Jump Jolt,467,398,1000,10,1,9
Aquarabia,2025-05-24 00:00:00+00:00,SST,Sea Stallion,1314,1241,2200,12,2,10
Six Flags,2025-05-24 00:00:00+00:00,AQT,Aquatopia,840,743,1800,8,1,7
Six Flags,2025-05-24 00:00:00+00:00,SPF,Spitfire,850,757,1500,9,2,7
Six Flags,2025-05-24 00:00:00+00:00,ARC,Arabian Carousel,563,465,900,8,2,6
Six Flags,2025-05-24 00:00:00+00:00,CYC,Canyon Charters,749,650,1200,10,4,6
Six Flags,2025-05-24 00:00:00+00:00,ADJ,Adventure Junction,510,488,1000,9,1,8
Six Flags,2025-05-24 00:00:00+00:00,TWE,Twilight Express,902,827,2000,8,1,7
Six Flags,2025-05-24 00:00:00+00:00,IRT,Iron Rattler,1095,1036,2400,8,3,5
Six Flags,2025-05-24 00:00:00+00:00,SRT,Sirocco Tower,1016,945,2300,6,2,4
Six Flags,2025-05-24 00:00:00+00:00,FCF,Falcons Flight,1414,1382,2500,8,1,7
Six Flags,2025-05-24 00:00:00+00:00,SKW,Skywatch,949,903,2100,9,3,6
Aquarabia,2025-05-24 00:00:00+00:00,RFR,Raft Republic,691,608,1700,9,1,8
Aquarabia,2025-05-24 00:00:00+00:00,AMB,Amwaj Bay,739,653,1600,9,1,8
Aquarabia,2025-05-24 00:00:00+00:00,SPG,Splash Grotto,780,731,1900,11,1,10
Aquarabia,2025-05-24 00:00:00+00:00,ZZZ,ZipZapZoom,608,588,1400,10,1,9
Aquarabia,2025-05-24 00:00:00+00:00,TLC,The Lazy Camel,448,377,800,8,2,6
Aquarabia,2025-05-24 00:00:00+00:00,SFT,Surftopia,664,636,1300,9,2,7
Aquarabia,2025-05-24 00:00:00+00:00,HVP,Hyper Viper,885,857,2000,8,2,6
Aquarabia,2025-05-24 00:00:00+00:00,JND,Junoon Drop,535,452,1100,10,2,8
Aquarabia,2025-05-24 00:00:00+00:00,JPJ,Jump Jolt,534,483,1000,10,2,8
Aquarabia,2025-05-25 00:00:00+00:00,SST,Sea Stallion,1158,1097,2200,12,2,10
Six Flags,2025-05-25 00:00:00+00:00,AQT,Aquatopia,791,746,1800,8,1,7
Six Flags,2025-05-25 00:00:00+00:00,SPF,Spitfire,858,795,1500,9,1,8
Six Flags,2025-05-25 00:00:00+00:00,ARC,Arabian Carousel,447,393,900,8,1,7
Six Flags,2025-05-25 00:00:00+00:00,CYC,Canyon Charters,559,477,1200,10,3,7
Six Flags,2025-05-25 00:00:00+00:00,ADJ,Adventure Junction,523,488,1000,9,2,7
Six Flags,2025-05-25 00:00:00+00:00,TWE,Twilight Express,969,873,2000,8,1,7
Six Flags,2025-05-25 00:00:00+00:00,IRT,Iron Rattler,1030,947,2400,8,5,3
Six Flags,2025-05-25 00:00:00+00:00,SRT,Sirocco Tower,1206,1136,2300,6,2,4
Six Flags,2025-05-25 00:00:00+00:00,FCF,Falcons Flight,1481,1454,2500,8,2,6
Six Flags,2025-05-25 00:00:00+00:00,SKW,Skywatch,1056,977,2100,9,3,6
Aquarabia,2025-05-25 00:00:00+00:00,RFR,Raft Republic,795,753,1700,9,1,8
Aquarabia,2025-05-25 00:00:00+00:00,AMB,Amwaj Bay,686,613,1600,9,1,8
Aquarabia,2025-05-25 00:00:00+00:00,SPG,Splash Grotto,1096,997,1900,11,1,10
Aquarabia,2025-05-25 00:00:00+00:00,ZZZ,ZipZapZoom,710,670,1400,10,2,8
Aquarabia,2025-05-25 00:00:00+00:00,TLC,The Lazy Camel,333,267,800,8,2,6
Aquarabia,2025-05-25 00:00:00+00:00,SFT,Surftopia,607,581,1300,9,1,8
Aquarabia,2025-05-25 00:00:00+00:00,HVP,Hyper Viper,1060,966,2000,8,1,7
Aquarabia,2025-05-25 00:00:00+00:00,JND,Junoon Drop,514,493,1100,10,2,8
Aquarabia,2025-05-25 00:00:00+00:00,JPJ,Jump Jolt,447,386,1000,10,1,9
Aquarabia,2025-05-26 00:00:00+00:00,SST,Sea Stallion,1194,1125,2200,12,1,11
Six Flags,2025-05-26 00:00:00+00:00,AQT,Aquatopia,946,861,1800,8,1,7
Six Flags,2025-05-26 00:00:00+00:00,SPF,Spitfire,724,674,1500,9,1,8
Six Flags,2025-05-26 00:00:00+00:00,ARC,Arabian Carousel,494,456,900,8,1,7
Six Flags,2025-05-26 00:00:00+00:00,CYC,Canyon Charters,522,500,1200,10,3,7
Six Flags,2025-05-26 00:00:00+00:00,ADJ,Adventure Junction,568,478,1000,9,2,7
Six Flags,2025-05-26 00:00:00+00:00,TWE,Twilight Express,901,851,2000,8,1,7
Six Flags,2025-05-26 00:00:00+00:00,IRT,Iron Rattler,1166,1128,2400,8,5,3
Six Flags,2025-05-26 00:00:00+00:00,SRT,Sirocco Tower,1014,986,2300,6,1,5
Six Flags,2025-05-26 00:00:00+00:00,FCF,Falcons Flight,1538,1441,2500,8,2,6
Six Flags,2025-05-26 00:00:00+00:00,SKW,Skywatch,1187,1104,2100,9,5,4
Aquarabia,2025-05-26 00:00:00+00:00,RFR,Raft Republic,747,685,1700,9,2,7
Aquarabia,2025-05-26 00:00:00+00:00,AMB,Amwaj Bay,851,810,1600,9,2,7
Aquarabia,2025-05-26 00:00:00+00:00,SPG,Splash Grotto,931,903,1900,11,1,10
Aquarabia,2025-05-26 00:00:00+00:00,ZZZ,ZipZapZoom,656,589,1400,10,2,8
Aquarabia,2025-05-26 00:00:00+00:00,TLC,The Lazy Camel,340,294,800,8,1,7
Aquarabia,2025-05-26 00:00:00+00:00,SFT,Surftopia,651,619,1300,9,1,8
Aquarabia,2025-05-26 00:00:00+00:00,HVP,Hyper Viper,854,760,2000,8,1,7
Aquarabia,2025-05-26 00:00:00+00:00,JND,Junoon Drop,577,485,1100,10,2,8
Aquarabia,2025-05-26 00:00:00+00:00,JPJ,Jump Jolt,564,513,1000,10,2,8
Aquarabia,2025-05-27 00:00:00+00:00,SST,Sea Stallion,1191,1164,2200,12,2,10
Six Flags,2025-05-27 00:00:00+00:00,AQT,Aquatopia,832,788,1800,8,1,7
Six Flags,2025-05-27 00:00:00+00:00,SPF,Spitfire,706,611,1500,9,2,7
Six Flags,2025-05-27 00:00:00+00:00,ARC,Arabian Carousel,439,411,900,8,1,7
Six Flags,2025-05-27 00:00:00+00:00,CYC,Canyon Charters,589,556,1200,10,3,7
Six Flags,2025-05-27 00:00:00+00:00,ADJ,Adventure Junction,512,456,1000,9,1,8
Six Flags,2025-05-27 00:00:00+00:00,TWE,Twilight Express,1038,1009,2000,8,1,7
Six Flags,2025-05-27 00:00:00+00:00,IRT,Iron Rattler,1060,976,2400,8,5,3
Six Flags,2025-05-27 00:00:00+00:00,SRT,Sirocco Tower,1016,917,2300,6,2,4
Six Flags,2025-05-27 00:00:00+00:00,FCF,Falcons Flight,1335,1303,2500,8,2,6
Six Flags,2025-05-27 00:00:00+00:00,SKW,Skywatch,993,928,2100,9,4,5
Aquarabia,2025-05-27 00:00:00+00:00,RFR,Raft Republic,800,761,1700,9,2,7
Aquarabia,2025-05-27 00:00:00+00:00,AMB,Amwaj Bay,805,731,1600,9,1,8
Aquarabia,2025-05-27 00:00:00+00:00,SPG,Splash Grotto,830,793,1900,11,2,9
Aquarabia,2025-05-27 00:00:00+00:00,ZZZ,ZipZapZoom,680,646,1400,10,1,9
Aquarabia,2025-05-27 00:00:00+00:00,TLC,The Lazy Camel,410,350,800,8,2,6
Aquarabia,2025-05-27 00:00:00+00:00,SFT,Surftopia,598,511,1300,9,2,7
Aquarabia,2025-05-27 00:00:00+00:00,HVP,Hyper Viper,1093,1024,2000,8,2,6
Aquarabia,2025-05-27 00:00:00+00:00,JND,Junoon Drop,595,533,1100,10,2,8
Aquarabia,2025-05-27 00:00:00+00:00,JPJ,Jump Jolt,549,463,1000,10,2,8
Aquarabia,2025-05-28 00:00:00+00:00,SST,Sea Stallion,1269,1199,2200,12,2,10
Six Flags,2025-05-28 00:00:00+00:00,AQT,Aquatopia,991,923,1800,8,1,7
Six Flags,2025-05-28 00:00:00+00:00,SPF,Spitfire,705,661,1500,9,1,8
Six Flags,2025-05-28 00:00:00+00:00,ARC,Arabian Carousel,462,363,900,8,1,7
Six Flags,2025-05-28 00:00:00+00:00,CYC,Canyon Charters,675,623,1200,10,5,5
Six Flags,2025-05-28 00:00:00+00:00,ADJ,Adventure Junction,518,490,1000,9,1,8
Six Flags,2025-05-28 00:00:00+00:00,TWE,Twilight Express,1090,1021,2000,8,2,6
Six Flags,2025-05-28 00:00:00+00:00,IRT,Iron Rattler,1139,1058,2400,8,4,4
Six Flags,2025-05-28 00:00:00+00:00,SRT,Sirocco Tower,1023,955,2300,6,2,4
Six Flags,2025-05-28 00:00:00+00:00,FCF,Falcons Flight,1364,1302,2500,8,1,7
Six Flags,2025-05-28 00:00:00+00:00,SKW,Skywatch,852,818,2100,9,4,5
Aquarabia,2025-05-28 00:00:00+00:00,RFR,Raft Republic,880,832,1700,9,2,7
Aquarabia,2025-05-28 00:00:00+00:00,AMB,Amwaj Bay,645,550,1600,9,1,8
Aquarabia,2025-05-28 00:00:00+00:00,SPG,Splash Grotto,851,757,1900,11,2,9
Aquarabia,2025-05-28 00:00:00+00:00,ZZZ,ZipZapZoom,688,665,1400,10,1,9
Aquarabia,2025-05-28 00:00:00+00:00,TLC,The Lazy Camel,437,369,800,8,2,6
Aquarabia,2025-05-28 00:00:00+00:00,SFT,Surftopia,625,586,1300,9,1,8
Aquarabia,2025-05-28 00:00:00+00:00,HVP,Hyper Viper,870,835,2000,8,2,6
Aquarabia,2025-05-28 00:00:00+00:00,JND,Junoon Drop,523,425,1100,10,1,9
Aquarabia,2025-05-28 00:00:00+00:00,JPJ,Jump Jolt,566,494,1000,10,2,8
Aquarabia,2025-05-29 00:00:00+00:00,SST,Sea Stallion,1412,1370,2200,12,2,10
Six Flags,2025-05-29 00:00:00+00:00,AQT,Aquatopia,884,858,1800,8,2,6
Six Flags,2025-05-29 00:00:00+00:00,SPF,Spitfire,700,638,1500,9,2,7
Six Flags,2025-05-29 00:00:00+00:00,ARC,Arabian Carousel,459,410,900,8,1,7
Six Flags,2025-05-29 00:00:00+00:00,CYC,Canyon Charters,675,626,1200,10,5,5
Six Flags,2025-05-29 00:00:00+00:00,ADJ,Adventure Junction,474,444,1000,9,1,8
Six Flags,2025-05-29 00:00:00+00:00,TWE,Twilight Express,1008,920,2000,8,1,7
Six Flags,2025-05-29 00:00:00+00:00,IRT,Iron Rattler,1322,1271,2400,8,4,4
Six Flags,2025-05-29 00:00:00+00:00,SRT,Sirocco Tower,1225,1201,2300,6,2,4
Six Flags,2025-05-29 00:00:00+00:00,FCF,Falcons Flight,1572,1487,2500,8,1,7
Six Flags,2025-05-29 00:00:00+00:00,SKW,Skywatch,934,881,2100,9,3,6
Aquarabia,2025-05-29 00:00:00+00:00,RFR,Raft Republic,645,576,1700,9,1,8
Aquarabia,2025-05-29 00:00:00+00:00,AMB,Amwaj Bay,735,696,1600,9,2,7
Aquarabia,2025-05-29 00:00:00+00:00,SPG,Splash Grotto,736,644,1900,11,1,10
Aquarabia,2025-05-29 00:00:00+00:00,ZZZ,ZipZapZoom,775,691,1400,10,1,9
Aquarabia,2025-05-29 00:00:00+00:00,TLC,The Lazy Camel,375,355,800,8,1,7
Aquarabia,2025-05-29 00:00:00+00:00,SFT,Surftopia,654,572,1300,9,2,7
Aquarabia,2025-05-29 00:00:00+00:00,HVP,Hyper Viper,1000,936,2000,8,1,7
Aquarabia,2025-05-29 00:00:00+00:00,JND,Junoon Drop,628,563,1100,10,2,8
Aquarabia,2025-05-29 00:00:00+00:00,JPJ,Jump Jolt,461,435,1000,10,1,9
Aquarabia,2025-05-30 00:00:00+00:00,SST,Sea Stallion,1354,1290,2200,12,2,10
Six Flags,2025-05-30 00:00:00+00:00,AQT,Aquatopia,804,708,1800,8,1,7
Six Flags,2025-05-30 00:00:00+00:00,SPF,Spitfire,830,781,1500,9,2,7
Six Flags,2025-05-30 00:00:00+00:00,ARC,Arabian Carousel,463,396,900,8,1,7
Six Flags,2025-05-30 00:00:00+00:00,CYC,Canyon Charters,593,507,1200,10,5,5
Six Flags,2025-05-30 00:00:00+00:00,ADJ,Adventure Junction,411,389,1000,9,2,7
Six Flags,2025-05-30 00:00:00+00:00,TWE,Twilight Express,926,865,2000,8,1,7
Six Flags,2025-05-30 00:00:00+00:00,IRT,Iron Rattler,1174,1098,2400,8,3,5
Six Flags,2025-05-30 00:00:00+00:00,SRT,Sirocco Tower,989,899,2300,6,1,5
Six Flags,2025-05-30 00:00:00+00:00,FCF,Falcons Flight,1231,1203,2500,8,1,7
Six Flags,2025-05-30 00:00:00+00:00,SKW,Skywatch,971,911,2100,9,4,5
Aquarabia,2025-05-30 00:00:00+00:00,RFR,Raft Republic,760,698,1700,9,2,7
Aquarabia,2025-05-30 00:00:00+00:00,AMB,Amwaj Bay,901,826,1600,9,2,7
Aquarabia,2025-05-30 00:00:00+00:00,SPG,Splash Grotto,840,764,1900,11,2,9
Aquarabia,2025-05-30 00:00:00+00:00,ZZZ,ZipZapZoom,535,494,1400,10,2,8
Aquarabia,2025-05-30 00:00:00+00:00,TLC,The Lazy Camel,425,345,800,8,1,7
Aquarabia,2025-05-30 00:00:00+00:00,SFT,Surftopia,545,462,1300,9,2,7
Aquarabia,2025-05-30 00:00:00+00:00,HVP,Hyper Viper,1031,969,2000,8,1,7
Aquarabia,2025-05-30 00:00:00+00:00,JND,Junoon Drop,589,497,1100,10,1,9
Aquarabia,2025-05-30 00:00:00+00:00,JPJ,Jump Jolt,556,466,1000,10,2,8
Aquarabia,2025-05-31 00:00:00+00:00,SST,Sea Stallion,1252,1226,2200,12,1,11
Six Flags,2025-05-31 00:00:00+00:00,AQT,Aquatopia,730,698,1800,8,1,7
Six Flags,2025-05-31 00:00:00+00:00,SPF,Spitfire,913,826,1500,9,2,7
Six Flags,2025-05-31 00:00:00+00:00,ARC,Arabian Carousel,448,357,900,8,1,7
Six Flags,2025-05-31 00:00:00+00:00,CYC,Canyon Charters,632,535,1200,10,3,7
Six Flags,2025-05-31 00:00:00+00:00,ADJ,Adventure Junction,624,545,1000,9,1,8
Six Flags,2025-05-31 00:00:00+00:00,TWE,Twilight Express,1102,1011,2000,8,1,7
Six Flags,2025-05-31 00:00:00+00:00,IRT,Iron Rattler,1044,997,2400,8,4,4
Six Flags,2025-05-31 00:00:00+00:00,SRT,Sirocco Tower,1166,1099,2300,6,2,4
Six Flags,2025-05-31 00:00:00+00:00,FCF,Falcons Flight,1356,1306,2500,8,1,7
Six Flags,2025-05-31 00:00:00+00:00,SKW,Skywatch,1080,1032,2100,9,3,6
Aquarabia,2025-05-31 00:00:00+00:00,RFR,Raft Republic,695,647,1700,9,1,8
Aquarabia,2025-05-31 00:00:00+00:00,AMB,Amwaj Bay,834,758,1600,9,1,8
Aquarabia,2025-05-31 00:00:00+00:00,SPG,Splash Grotto,1047,970,1900,11,2,9
Aquarabia,2025-05-31 00:00:00+00:00,ZZZ,ZipZapZoom,581,521,1400,10,2,8
Aquarabia,2025-05-31 00:00:00+00:00,TLC,The Lazy Camel,387,336,800,8,1,7
Aquarabia,2025-05-31 00:00:00+00:00,SFT,Surftopia,503,479,1300,9,1,8
Aquarabia,2025-05-31 00:00:00+00:00,HVP,Hyper Viper,778,717,2000,8,2,6
Aquarabia,2025-05-31 00:00:00+00:00,JND,Junoon Drop,465,419,1100,10,2,8
Aquarabia,2025-05-31 00:00:00+00:00,JPJ,Jump Jolt,499,455,1000,10,2,8
Aquarabia,2025-06-01 00:00:00+00:00,SST,Sea Stallion,2190,2150,2200,12,1,11
Six Flags,2025-06-01 00:00:00+00:00,AQT,Aquatopia,1790,1750,1800,8,2,6
Six Flags,2025-06-01 00:00:00+00:00,SPF,Spitfire,1412,1372,1500,9,2,7
Six Flags,2025-06-01 00:00:00+00:00,ARC,Arabian Carousel,890,850,900,8,1,7
Six Flags,2025-06-01 00:00:00+00:00,CYC,Canyon Charters,1190,1150,1200,10,3,7
Six Flags,2025-06-01 00:00:00+00:00,ADJ,Adventure Junction,982,950,1000,9,2,7
Six Flags,2025-06-01 00:00:00+00:00,TWE,Twilight Express,1990,1950,2000,8,1,7
Six Flags,2025-06-01 00:00:00+00:00,IRT,Iron Rattler,2390,2350,2400,8,5,3
Six Flags,2025-06-01 00:00:00+00:00,SRT,Sirocco Tower,2212,2124,2300,6,1,5
Six Flags,2025-06-01 00:00:00+00:00,FCF,Falcons Flight,2490,2450,2500,8,2,6
Six Flags,2025-06-01 00:00:00+00:00,SKW,Skywatch,2090,2050,2100,9,4,5
Aquarabia,2025-06-01 00:00:00+00:00,RFR,Raft Republic,1684,1650,1700,9,1,8
Aquarabia,2025-06-01 00:00:00+00:00,AMB,Amwaj Bay,1590,1550,1600,9,1,8
Aquarabia,2025-06-01 00:00:00+00:00,SPG,Splash Grotto,1804,1734,1900,11,2,9
Aquarabia,2025-06-01 00:00:00+00:00,ZZZ,ZipZapZoom,1306,1268,1400,10,1,9
Aquarabia,2025-06-01 00:00:00+00:00,TLC,The Lazy Camel,790,750,800,8,2,6
Aquarabia,2025-06-01 00:00:00+00:00,SFT,Surftopia,1290,1250,1300,9,1,8
Aquarabia,2025-06-01 00:00:00+00:00,HVP,Hyper Viper,1990,1950,2000,8,1,7
Aquarabia,2025-06-01 00:00:00+00:00,JND,Junoon Drop,1090,1050,1100,10,2,8
Aquarabia,2025-06-01 00:00:00+00:00,JPJ,Jump Jolt,990,950,1000,10,1,9
Aquarabia,2025-06-02 00:00:00+00:00,SST,Sea Stallion,2190,2150,2200,12,1,11
Six Flags,2025-06-02 00:00:00+00:00,AQT,Aquatopia,1780,1715,1800,8,2,6
Six Flags,2025-06-02 00:00:00+00:00,SPF,Spitfire,1490,1450,1500,9,1,8
Six Flags,2025-06-02 00:00:00+00:00,ARC,Arabian Carousel,890,850,900,8,2,6
Six Flags,2025-06-02 00:00:00+00:00,CYC,Canyon Charters,1190,1150,1200,10,5,5
Six Flags,2025-06-02 00:00:00+00:00,ADJ,Adventure Junction,990,950,1000,9,1,8
Six Flags,2025-06-02 00:00:00+00:00,TWE,Twilight Express,1972,1950,2000,8,2,6
Six Flags,2025-06-02 00:00:00+00:00,IRT,Iron Rattler,2390,2350,2400,8,3,5
Six Flags,2025-06-02 00:00:00+00:00,SRT,Sirocco Tower,2285,2250,2300,6,1,5
Six Flags,2025-06-02 00:00:00+00:00,FCF,Falcons Flight,2490,2450,2500,8,1,7
Six Flags,2025-06-02 00:00:00+00:00,SKW,Skywatch,2090,2050,2100,9,4,5
Aquarabia,2025-06-02 00:00:00+00:00,RFR,Raft Republic,1690,1650,1700,9,1,8
Aquarabia,2025-06-02 00:00:00+00:00,AMB,Amwaj Bay,1590,1550,1600,9,1,8
Aquarabia,2025-06-02 00:00:00+00:00,SPG,Splash Grotto,1890,1850,1900,11,2,9
Aquarabia,2025-06-02 00:00:00+00:00,ZZZ,ZipZapZoom,1277,1195,1400,10,2,8
Aquarabia,2025-06-02 00:00:00+00:00,TLC,The Lazy Camel,758,713,800,8,2,6
Aquarabia,2025-06-02 00:00:00+00:00,SFT,Surftopia,1290,1250,1300,9,2,7
Aquarabia,2025-06-02 00:00:00+00:00,HVP,Hyper Viper,1803,1722,2000,8,1,7
Aquarabia,2025-06-02 00:00:00+00:00,JND,Junoon Drop,1090,1050,1100,10,2,8
Aquarabia,2025-06-02 00:00:00+00:00,JPJ,Jump Jolt,907,834,1000,10,2,8
Aquarabia,2025-06-03 00:00:00+00:00,SST,Sea Stallion,2190,2150,2200,12,2,10
Six Flags,2025-06-03 00:00:00+00:00,AQT,Aquatopia,1717,1621,1800,8,2,6
Six Flags,2025-06-03 00:00:00+00:00,SPF,Spitfire,1490,1450,1500,9,2,7
Six Flags,2025-06-03 00:00:00+00:00,ARC,Arabian Carousel,890,850,900,8,2,6
Six Flags,2025-06-03 00:00:00+00:00,CYC,Canyon Charters,1179,1150,1200,10,3,7
Six Flags,2025-06-03 00:00:00+00:00,ADJ,Adventure Junction,990,950,1000,9,2,7
Six Flags,2025-06-03 00:00:00+00:00,TWE,Twilight Express,1854,1810,2000,8,1,7
Six Flags,2025-06-03 00:00:00+00:00,IRT,Iron Rattler,2126,2075,2400,8,4,4
Six Flags,2025-06-03 00:00:00+00:00,SRT,Sirocco Tower,2201,2170,2300,6,2,4
Six Flags,2025-06-03 00:00:00+00:00,FCF,Falcons Flight,2487,2450,2500,8,1,7
Six Flags,2025-06-03 00:00:00+00:00,SKW,Skywatch,2071,2050,2100,9,4,5
Aquarabia,2025-06-03 00:00:00+00:00,RFR,Raft Republic,1541,1514,1700,9,1,8
Aquarabia,2025-06-03 00:00:00+00:00,AMB,Amwaj Bay,1486,1421,1600,9,2,7
Aquarabia,2025-06-03 00:00:00+00:00,SPG,Splash Grotto,1890,1806,1900,11,2,9
Aquarabia,2025-06-03 00:00:00+00:00,ZZZ,ZipZapZoom,1171,1145,1400,10,1,9
Aquarabia,2025-06-03 00:00:00+00:00,TLC,The Lazy Camel,787,719,800,8,1,7
Aquarabia,2025-06-03 00:00:00+00:00,SFT,Surftopia,1290,1250,1300,9,1,8
Aquarabia,2025-06-03 00:00:00+00:00,HVP,Hyper Viper,1990,1950,2000,8,2,6
Aquarabia,2025-06-03 00:00:00+00:00,JND,Junoon Drop,1090,1050,1100,10,1,9
Aquarabia,2025-06-03 00:00:00+00:00,JPJ,Jump Jolt,961,911,1000,10,2,8
Aquarabia,2025-06-04 00:00:00+00:00,SST,Sea Stallion,2190,2150,2200,12,1,11
Six Flags,2025-06-04 00:00:00+00:00,AQT,Aquatopia,1785,1750,1800,8,2,6
Six Flags,2025-06-04 00:00:00+00:00,SPF,Spitfire,1490,1450,1500,9,2,7
Six Flags,2025-06-04 00:00:00+00:00,ARC,Arabian Carousel,890,850,900,8,2,6
Six Flags,2025-06-04 00:00:00+00:00,CYC,Canyon Charters,1190,1150,1200,10,5,5
Six Flags,2025-06-04 00:00:00+00:00,ADJ,Adventure Junction,990,950,1000,9,2,7
Six Flags,2025-06-04 00:00:00+00:00,TWE,Twilight Express,1980,1950,2000,8,1,7
Six Flags,2025-06-04 00:00:00+00:00,IRT,Iron Rattler,2235,2162,2400,8,3,5
Six Flags,2025-06-04 00:00:00+00:00,SRT,Sirocco Tower,2173,2114,2300,6,2,4
Six Flags,2025-06-04 00:00:00+00:00,FCF,Falcons Flight,2487,2450,2500,8,1,7
Six Flags,2025-06-04 00:00:00+00:00,SKW,Skywatch,1765,1733,2100,9,5,4
Aquarabia,2025-06-04 00:00:00+00:00,RFR,Raft Republic,1497,1475,1700,9,1,8
Aquarabia,2025-06-04 00:00:00+00:00,AMB,Amwaj Bay,1590,1550,1600,9,1,8
Aquarabia,2025-06-04 00:00:00+00:00,SPG,Splash Grotto,1890,1850,1900,11,2,9
Aquarabia,2025-06-04 00:00:00+00:00,ZZZ,ZipZapZoom,1226,1187,1400,10,2,8
Aquarabia,2025-06-04 00:00:00+00:00,TLC,The Lazy Camel,720,661,800,8,2,6
Aquarabia,2025-06-04 00:00:00+00:00,SFT,Surftopia,1192,1099,1300,9,2,7
Aquarabia,2025-06-04 00:00:00+00:00,HVP,Hyper Viper,1751,1717,2000,8,2,6
Aquarabia,2025-06-04 00:00:00+00:00,JND,Junoon Drop,1090,1050,1100,10,1,9
Aquarabia,2025-06-04 00:00:00+00:00,JPJ,Jump Jolt,899,872,1000,10,1,9
Aquarabia,2025-06-05 00:00:00+00:00,SST,Sea Stallion,2182,2150,2200,12,2,10
Six Flags,2025-06-05 00:00:00+00:00,AQT,Aquatopia,1790,1750,1800,8,2,6
Six Flags,2025-06-05 00:00:00+00:00,SPF,Spitfire,1474,1450,1500,9,2,7
Six Flags,2025-06-05 00:00:00+00:00,ARC,Arabian Carousel,890,850,900,8,1,7
Six Flags,2025-06-05 00:00:00+00:00,CYC,Canyon Charters,1190,1150,1200,10,3,7
Six Flags,2025-06-05 00:00:00+00:00,ADJ,Adventure Junction,990,950,1000,9,2,7
Six Flags,2025-06-05 00:00:00+00:00,TWE,Twilight Express,1990,1950,2000,8,2,6
Six Flags,2025-06-05 00:00:00+00:00,IRT,Iron Rattler,2387,2350,2400,8,3,5
Six Flags,2025-06-05 00:00:00+00:00,SRT,Sirocco Tower,2290,2250,2300,6,1,5
Six Flags,2025-06-05 00:00:00+00:00,FCF,Falcons Flight,2490,2450,2500,8,1,7
Six Flags,2025-06-05 00:00:00+00:00,SKW,Skywatch,2076,2050,2100,9,5,4
Aquarabia,2025-06-05 00:00:00+00:00,RFR,Raft Republic,1466,1393,1700,9,1,8
Aquarabia,2025-06-05 00:00:00+00:00,AMB,Amwaj Bay,1566,1541,1600,9,1,8
Aquarabia,2025-06-05 00:00:00+00:00,SPG,Splash Grotto,1790,1692,1900,11,2,9
Aquarabia,2025-06-05 00:00:00+00:00,ZZZ,ZipZapZoom,1340,1276,1400,10,2,8
Aquarabia,2025-06-05 00:00:00+00:00,TLC,The Lazy Camel,790,750,800,8,1,7
Aquarabia,2025-06-05 00:00:00+00:00,SFT,Surftopia,1290,1250,1300,9,2,7
Aquarabia,2025-06-05 00:00:00+00:00,HVP,Hyper Viper,1882,1835,2000,8,2,6
Aquarabia,2025-06-05 00:00:00+00:00,JND,Junoon Drop,1090,1015,1100,10,1,9
Aquarabia,2025-06-05 00:00:00+00:00,JPJ,Jump Jolt,982,950,1000,10,2,8
Aquarabia,2025-06-06 00:00:00+00:00,SST,Sea Stallion,2190,2150,2200,12,1,11
Six Flags,2025-06-06 00:00:00+00:00,AQT,Aquatopia,1790,1750,1800,8,2,6
Six Flags,2025-06-06 00:00:00+00:00,SPF,Spitfire,1393,1356,1500,9,1,8
Six Flags,2025-06-06 00:00:00+00:00,ARC,Arabian Carousel,890,850,900,8,1,7
Six Flags,2025-06-06 00:00:00+00:00,CYC,Canyon Charters,1190,1150,1200,10,5,5
Six Flags,2025-06-06 00:00:00+00:00,ADJ,Adventure Junction,940,852,1000,9,2,7
Six Flags,2025-06-06 00:00:00+00:00,TWE,Twilight Express,1984,1950,2000,8,2,6
Six Flags,2025-06-06 00:00:00+00:00,IRT,Iron Rattler,2390,2350,2400,8,3,5
Six Flags,2025-06-06 00:00:00+00:00,SRT,Sirocco Tower,2290,2250,2300,6,1,5
Six Flags,2025-06-06 00:00:00+00:00,FCF,Falcons Flight,2490,2450,2500,8,1,7
Six Flags,2025-06-06 00:00:00+00:00,SKW,Skywatch,2087,2050,2100,9,4,5
Aquarabia,2025-06-06 00:00:00+00:00,RFR,Raft Republic,1690,1650,1700,9,1,8
Aquarabia,2025-06-06 00:00:00+00:00,AMB,Amwaj Bay,1590,1550,1600,9,1,8
Aquarabia,2025-06-06 00:00:00+00:00,SPG,Splash Grotto,1890,1850,1900,11,1,10
Aquarabia,2025-06-06 00:00:00+00:00,ZZZ,ZipZapZoom,1390,1350,1400,10,2,8
Aquarabia,2025-06-06 00:00:00+00:00,TLC,The Lazy Camel,774,750,800,8,1,7
Aquarabia,2025-06-06 00:00:00+00:00,SFT,Surftopia,1290,1250,1300,9,2,7
Aquarabia,2025-06-06 00:00:00+00:00,HVP,Hyper Viper,1972,1916,2000,8,1,7
Aquarabia,2025-06-06 00:00:00+00:00,JND,Junoon Drop,1090,1050,1100,10,2,8
Aquarabia,2025-06-06 00:00:00+00:00,JPJ,Jump Jolt,990,950,1000,10,2,8
Aquarabia,2025-06-07 00:00:00+00:00,SST,Sea Stallion,2172,2150,2200,12,2,10
Six Flags,2025-06-07 00:00:00+00:00,AQT,Aquatopia,1790,1750,1800,8,1,7
Six Flags,2025-06-07 00:00:00+00:00,SPF,Spitfire,1490,1450,1500,9,1,8
Six Flags,2025-06-07 00:00:00+00:00,ARC,Arabian Carousel,890,850,900,8,1,7
Six Flags,2025-06-07 00:00:00+00:00,CYC,Canyon Charters,1190,1150,1200,10,3,7
Six Flags,2025-06-07 00:00:00+00:00,ADJ,Adventure Junction,974,950,1000,9,2,7
Six Flags,2025-06-07 00:00:00+00:00,TWE,Twilight Express,1982,1950,2000,8,1,7
Six Flags,2025-06-07 00:00:00+00:00,IRT,Iron Rattler,2390,2350,2400,8,4,4
Six Flags,2025-06-07 00:00:00+00:00,SRT,Sirocco Tower,2281,2250,2300,6,1,5
Six Flags,2025-06-07 00:00:00+00:00,FCF,Falcons Flight,2490,2450,2500,8,1,7
Six Flags,2025-06-07 00:00:00+00:00,SKW,Skywatch,2075,2050,2100,9,3,6
Aquarabia,2025-06-07 00:00:00+00:00,RFR,Raft Republic,1690,1650,1700,9,1,8
Aquarabia,2025-06-07 00:00:00+00:00,AMB,Amwaj Bay,1590,1550,1600,9,1,8
Aquarabia,2025-06-07 00:00:00+00:00,SPG,Splash Grotto,1682,1638,1900,11,1,10
Aquarabia,2025-06-07 00:00:00+00:00,ZZZ,ZipZapZoom,1390,1350,1400,10,1,9
Aquarabia,2025-06-07 00:00:00+00:00,TLC,The Lazy Camel,769,723,800,8,2,6
Aquarabia,2025-06-07 00:00:00+00:00,SFT,Surftopia,1277,1250,1300,9,1,8
Aquarabia,2025-06-07 00:00:00+00:00,HVP,Hyper Viper,1988,1902,2000,8,1,7
Aquarabia,2025-06-07 00:00:00+00:00,JND,Junoon Drop,940,854,1100,10,2,8
Aquarabia,2025-06-07 00:00:00+00:00,JPJ,Jump Jolt,990,950,1000,10,2,8
Aquarabia,2025-06-08 00:00:00+00:00,SST,Sea Stallion,2190,2150,2200,12,2,10
Six Flags,2025-06-08 00:00:00+00:00,AQT,Aquatopia,1621,1553,1800,8,1,7
Six Flags,2025-06-08 00:00:00+00:00,SPF,Spitfire,1490,1450,1500,9,1,8
Six Flags,2025-06-08 00:00:00+00:00,ARC,Arabian Carousel,890,850,900,8,2,6
Six Flags,2025-06-08 00:00:00+00:00,CYC,Canyon Charters,1129,1059,1200,10,5,5
Six Flags,2025-06-08 00:00:00+00:00,ADJ,Adventure Junction,990,950,1000,9,2,7
Six Flags,2025-06-08 00:00:00+00:00,TWE,Twilight Express,1990,1950,2000,8,1,7
Six Flags,2025-06-08 00:00:00+00:00,IRT,Iron Rattler,2376,2350,2400,8,3,5
Six Flags,2025-06-08 00:00:00+00:00,SRT,Sirocco Tower,2290,2250,2300,6,1,5
Six Flags,2025-06-08 00:00:00+00:00,FCF,Falcons Flight,2490,2450,2500,8,2,6
Six Flags,2025-06-08 00:00:00+00:00,SKW,Skywatch,1974,1911,2100,9,4,5
Aquarabia,2025-06-08 00:00:00+00:00,RFR,Raft Republic,1435,1341,1700,9,2,7
Aquarabia,2025-06-08 00:00:00+00:00,AMB,Amwaj Bay,1590,1548,1600,9,1,8
Aquarabia,2025-06-08 00:00:00+00:00,SPG,Splash Grotto,1769,1683,1900,11,2,9
Aquarabia,2025-06-08 00:00:00+00:00,ZZZ,ZipZapZoom,1338,1308,1400,10,1,9
Aquarabia,2025-06-08 00:00:00+00:00,TLC,The Lazy Camel,790,750,800,8,2,6
Aquarabia,2025-06-08 00:00:00+00:00,SFT,Surftopia,1290,1250,1300,9,2,7
Aquarabia,2025-06-08 00:00:00+00:00,HVP,Hyper Viper,1937,1890,2000,8,1,7
Aquarabia,2025-06-08 00:00:00+00:00,JND,Junoon Drop,1060,983,1100,10,2,8
Aquarabia,2025-06-08 00:00:00+00:00,JPJ,Jump Jolt,981,950,1000,10,2,8
Aquarabia,2025-06-09 00:00:00+00:00,SST,Sea Stallion,2188,2150,2200,12,1,11
Six Flags,2025-06-09 00:00:00+00:00,AQT,Aquatopia,1787,1750,1800,8,2,6
Six Flags,2025-06-09 00:00:00+00:00,SPF,Spitfire,1401,1331,1500,9,1,8
Six Flags,2025-06-09 00:00:00+00:00,ARC,Arabian Carousel,860,798,900,8,1,7
Six Flags,2025-06-09 00:00:00+00:00,CYC,Canyon Charters,1190,1150,1200,10,3,7
Six Flags,2025-06-09 00:00:00+00:00,ADJ,Adventure Junction,988,950,1000,9,2,7
Six Flags,2025-06-09 00:00:00+00:00,TWE,Twilight Express,1982,1950,2000,8,1,7
Six Flags,2025-06-09 00:00:00+00:00,IRT,Iron Rattler,2377,2350,2400,8,5,3
Six Flags,2025-06-09 00:00:00+00:00,SRT,Sirocco Tower,2290,2250,2300,6,2,4
Six Flags,2025-06-09 00:00:00+00:00,FCF,Falcons Flight,2490,2450,2500,8,1,7
Six Flags,2025-06-09 00:00:00+00:00,SKW,Skywatch,1775,1717,2100,9,4,5
Aquarabia,2025-06-09 00:00:00+00:00,RFR,Raft Republic,1690,1650,1700,9,1,8
Aquarabia,2025-06-09 00:00:00+00:00,AMB,Amwaj Bay,1590,1550,1600,9,2,7
Aquarabia,2025-06-09 00:00:00+00:00,SPG,Splash Grotto,1890,1850,1900,11,2,9
Aquarabia,2025-06-09 00:00:00+00:00,ZZZ,ZipZapZoom,1375,1350,1400,10,1,9
Aquarabia,2025-06-09 00:00:00+00:00,TLC,The Lazy Camel,772,750,800,8,2,6
Aquarabia,2025-06-09 00:00:00+00:00,SFT,Surftopia,1290,1250,1300,9,1,8
Aquarabia,2025-06-09 00:00:00+00:00,HVP,Hyper Viper,1990,1950,2000,8,1,7
Aquarabia,2025-06-09 00:00:00+00:00,JND,Junoon Drop,1090,1050,1100,10,1,9
Aquarabia,2025-06-09 00:00:00+00:00,JPJ,Jump Jolt,954,917,1000,10,2,8
Aquarabia,2025-06-10 00:00:00+00:00,SST,Sea Stallion,2190,2150,2200,12,1,11
Six Flags,2025-06-10 00:00:00+00:00,AQT,Aquatopia,1790,1750,1800,8,1,7
Six Flags,2025-06-10 00:00:00+00:00,SPF,Spitfire,1490,1425,1500,9,2,7
Six Flags,2025-06-10 00:00:00+00:00,ARC,Arabian Carousel,890,850,900,8,2,6
Six Flags,2025-06-10 00:00:00+00:00,CYC,Canyon Charters,1152,1119,1200,10,3,7
Six Flags,2025-06-10 00:00:00+00:00,ADJ,Adventure Junction,990,950,1000,9,2,7
Six Flags,2025-06-10 00:00:00+00:00,TWE,Twilight Express,1981,1950,2000,8,2,6
Six Flags,2025-06-10 00:00:00+00:00,IRT,Iron Rattler,2390,2350,2400,8,3,5
Six Flags,2025-06-10 00:00:00+00:00,SRT,Sirocco Tower,2289,2250,2300,6,1,5
Six Flags,2025-06-10 00:00:00+00:00,FCF,Falcons Flight,2490,2450,2500,8,2,6
Six Flags,2025-06-10 00:00:00+00:00,SKW,Skywatch,2090,2050,2100,9,5,4
Aquarabia,2025-06-10 00:00:00+00:00,RFR,Raft Republic,1581,1525,1700,9,1,8
Aquarabia,2025-06-10 00:00:00+00:00,AMB,Amwaj Bay,1590,1550,1600,9,1,8
Aquarabia,2025-06-10 00:00:00+00:00,SPG,Splash Grotto,1890,1850,1900,11,2,9
Aquarabia,2025-06-10 00:00:00+00:00,ZZZ,ZipZapZoom,1381,1336,1400,10,2,8
Aquarabia,2025-06-10 00:00:00+00:00,TLC,The Lazy Camel,790,750,800,8,2,6
Aquarabia,2025-06-10 00:00:00+00:00,SFT,Surftopia,1238,1160,1300,9,1,8
Aquarabia,2025-06-10 00:00:00+00:00,HVP,Hyper Viper,1932,1905,2000,8,1,7
Aquarabia,2025-06-10 00:00:00+00:00,JND,Junoon Drop,1071,1050,1100,10,2,8
Aquarabia,2025-06-10 00:00:00+00:00,JPJ,Jump Jolt,978,950,1000,10,2,8
Aquarabia,2025-06-11 00:00:00+00:00,SST,Sea Stallion,2190,2150,2200,12,1,11
Six Flags,2025-06-11 00:00:00+00:00,AQT,Aquatopia,1790,1750,1800,8,2,6
Six Flags,2025-06-11 00:00:00+00:00,SPF,Spitfire,1490,1450,1500,9,2,7
Six Flags,2025-06-11 00:00:00+00:00,ARC,Arabian Carousel,890,850,900,8,2,6
Six Flags,2025-06-11 00:00:00+00:00,CYC,Canyon Charters,1190,1150,1200,10,4,6
Six Flags,2025-06-11 00:00:00+00:00,ADJ,Adventure Junction,990,950,1000,9,1,8
Six Flags,2025-06-11 00:00:00+00:00,TWE,Twilight Express,1901,1827,2000,8,2,6
Six Flags,2025-06-11 00:00:00+00:00,IRT,Iron Rattler,2390,2350,2400,8,5,3
Six Flags,2025-06-11 00:00:00+00:00,SRT,Sirocco Tower,2281,2250,2300,6,1,5
Six Flags,2025-06-11 00:00:00+00:00,FCF,Falcons Flight,2483,2450,2500,8,1,7
Six Flags,2025-06-11 00:00:00+00:00,SKW,Skywatch,2090,2050,2100,9,4,5
Aquarabia,2025-06-11 00:00:00+00:00,RFR,Raft Republic,1681,1633,1700,9,1,8
Aquarabia,2025-06-11 00:00:00+00:00,AMB,Amwaj Bay,1590,1550,1600,9,1,8
Aquarabia,2025-06-11 00:00:00+00:00,SPG,Splash Grotto,1890,1850,1900,11,2,9
Aquarabia,2025-06-11 00:00:00+00:00,ZZZ,ZipZapZoom,1390,1350,1400,10,1,9
Aquarabia,2025-06-11 00:00:00+00:00,TLC,The Lazy Camel,781,716,800,8,1,7
Aquarabia,2025-06-11 00:00:00+00:00,SFT,Surftopia,1290,1250,1300,9,2,7
Aquarabia,2025-06-11 00:00:00+00:00,HVP,Hyper Viper,1986,1950,2000,8,1,7
Aquarabia,2025-06-11 00:00:00+00:00,JND,Junoon Drop,1090,1050,1100,10,2,8
Aquarabia,2025-06-11 00:00:00+00:00,JPJ,Jump Jolt,990,950,1000,10,2,8
Aquarabia,2025-06-12 00:00:00+00:00,SST,Sea Stallion,2174,2150,2200,12,2,10
Six Flags,2025-06-12 00:00:00+00:00,AQT,Aquatopia,1790,1750,1800,8,2,6
Six Flags,2025-06-12 00:00:00+00:00,SPF,Spitfire,1430,1398,1500,9,1,8
Six Flags,2025-06-12 00:00:00+00:00,ARC,Arabian Carousel,870,850,900,8,2,6
Six Flags,2025-06-12 00:00:00+00:00,CYC,Canyon Charters,1190,1150,1200,10,3,7
Six Flags,2025-06-12 00:00:00+00:00,ADJ,Adventure Junction,975,950,1000,9,1,8
Six Flags,2025-06-12 00:00:00+00:00,TWE,Twilight Express,1990,1950,2000,8,1,7
Six Flags,2025-06-12 00:00:00+00:00,IRT,Iron Rattler,2390,2350,2400,8,5,3
Six Flags,2025-06-12 00:00:00+00:00,SRT,Sirocco Tower,2287,2250,2300,6,2,4
Six Flags,2025-06-12 00:00:00+00:00,FCF,Falcons Flight,2490,2450,2500,8,1,7
Six Flags,2025-06-12 00:00:00+00:00,SKW,Skywatch,2090,2050,2100,9,3,6
Aquarabia,2025-06-12 00:00:00+00:00,RFR,Raft Republic,1690,1650,1700,9,2,7
Aquarabia,2025-06-12 00:00:00+00:00,AMB,Amwaj Bay,1590,1550,1600,9,1,8
Aquarabia,2025-06-12 00:00:00+00:00,SPG,Splash Grotto,1628,1598,1900,11,2,9
Aquarabia,2025-06-12 00:00:00+00:00,ZZZ,ZipZapZoom,1390,1350,1400,10,1,9
Aquarabia,2025-06-12 00:00:00+00:00,TLC,The Lazy Camel,790,750,800,8,1,7
Aquarabia,2025-06-12 00:00:00+00:00,SFT,Surftopia,1158,1082,1300,9,1,8
Aquarabia,2025-06-12 00:00:00+00:00,HVP,Hyper Viper,1990,1950,2000,8,2,6
Aquarabia,2025-06-12 00:00:00+00:00,JND,Junoon Drop,1090,1050,1100,10,1,9
Aquarabia,2025-06-12 00:00:00+00:00,JPJ,Jump Jolt,990,950,1000,10,2,8
Aquarabia,2025-06-13 00:00:00+00:00,SST,Sea Stallion,2190,2150,2200,12,1,11
Six Flags,2025-06-13 00:00:00+00:00,AQT,Aquatopia,1779,1750,1800,8,1,7
Six Flags,2025-06-13 00:00:00+00:00,SPF,Spitfire,1490,1431,1500,9,2,7
Six Flags,2025-06-13 00:00:00+00:00,ARC,Arabian Carousel,890,850,900,8,2,6
Six Flags,2025-06-13 00:00:00+00:00,CYC,Canyon Charters,1019,984,1200,10,4,6
Six Flags,2025-06-13 00:00:00+00:00,ADJ,Adventure Junction,990,950,1000,9,2,7
Six Flags,2025-06-13 00:00:00+00:00,TWE,Twilight Express,1972,1950,2000,8,1,7
Six Flags,2025-06-13 00:00:00+00:00,IRT,Iron Rattler,2372,2350,2400,8,4,4
Six Flags,2025-06-13 00:00:00+00:00,SRT,Sirocco Tower,2146,2124,2300,6,2,4
Six Flags,2025-06-13 00:00:00+00:00,FCF,Falcons Flight,2490,2450,2500,8,1,7
Six Flags,2025-06-13 00:00:00+00:00,SKW,Skywatch,2027,2007,2100,9,3,6
Aquarabia,2025-06-13 00:00:00+00:00,RFR,Raft Republic,1683,1650,1700,9,1,8
Aquarabia,2025-06-13 00:00:00+00:00,AMB,Amwaj Bay,1442,1415,1600,9,1,8
Aquarabia,2025-06-13 00:00:00+00:00,SPG,Splash Grotto,1801,1779,1900,11,2,9
Aquarabia,2025-06-13 00:00:00+00:00,ZZZ,ZipZapZoom,1329,1269,1400,10,2,8
Aquarabia,2025-06-13 00:00:00+00:00,TLC,The Lazy Camel,790,750,800,8,2,6
Aquarabia,2025-06-13 00:00:00+00:00,SFT,Surftopia,1290,1250,1300,9,1,8
Aquarabia,2025-06-13 00:00:00+00:00,HVP,Hyper Viper,1762,1730,2000,8,2,6
Aquarabia,2025-06-13 00:00:00+00:00,JND,Junoon Drop,1090,1050,1100,10,2,8
Aquarabia,2025-06-13 00:00:00+00:00,JPJ,Jump Jolt,888,846,1000,10,1,9
Aquarabia,2025-06-14 00:00:00+00:00,SST,Sea Stallion,2190,2150,2200,12,1,11
Six Flags,2025-06-14 00:00:00+00:00,AQT,Aquatopia,1730,1698,1800,8,1,7
Six Flags,2025-06-14 00:00:00+00:00,SPF,Spitfire,1490,1420,1500,9,1,8
Six Flags,2025-06-14 00:00:00+00:00,ARC,Arabian Carousel,890,850,900,8,2,6
Six Flags,2025-06-14 00:00:00+00:00,CYC,Canyon Charters,1190,1150,1200,10,5,5
Six Flags,2025-06-14 00:00:00+00:00,ADJ,Adventure Junction,986,899,1000,9,2,7
Six Flags,2025-06-14 00:00:00+00:00,TWE,Twilight Express,1990,1950,2000,8,2,6
Six Flags,2025-06-14 00:00:00+00:00,IRT,Iron Rattler,2390,2350,2400,8,5,3
Six Flags,2025-06-14 00:00:00+00:00,SRT,Sirocco Tower,2284,2250,2300,6,1,5
Six Flags,2025-06-14 00:00:00+00:00,FCF,Falcons Flight,2470,2450,2500,8,2,6
Six Flags,2025-06-14 00:00:00+00:00,SKW,Skywatch,2068,2035,2100,9,5,4
Aquarabia,2025-06-14 00:00:00+00:00,RFR,Raft Republic,1690,1650,1700,9,2,7
Aquarabia,2025-06-14 00:00:00+00:00,AMB,Amwaj Bay,1590,1550,1600,9,2,7
Aquarabia,2025-06-14 00:00:00+00:00,SPG,Splash Grotto,1890,1850,1900,11,2,9
Aquarabia,2025-06-14 00:00:00+00:00,ZZZ,ZipZapZoom,1390,1350,1400,10,1,9
Aquarabia,2025-06-14 00:00:00+00:00,TLC,The Lazy Camel,708,685,800,8,1,7
Aquarabia,2025-06-14 00:00:00+00:00,SFT,Surftopia,1290,1250,1300,9,2,7
Aquarabia,2025-06-14 00:00:00+00:00,HVP,Hyper Viper,1990,1950,2000,8,1,7
Aquarabia,2025-06-14 00:00:00+00:00,JND,Junoon Drop,1026,1000,1100,10,2,8
Aquarabia,2025-06-14 00:00:00+00:00,JPJ,Jump Jolt,990,950,1000,10,2,8
Aquarabia,2025-06-15 00:00:00+00:00,SST,Sea Stallion,2190,2150,2200,12,1,11
Six Flags,2025-06-15 00:00:00+00:00,AQT,Aquatopia,1790,1746,1800,8,2,6
Six Flags,2025-06-15 00:00:00+00:00,SPF,Spitfire,1486,1407,1500,9,1,8
Six Flags,2025-06-15 00:00:00+00:00,ARC,Arabian Carousel,834,802,900,8,1,7
Six Flags,2025-06-15 00:00:00+00:00,CYC,Canyon Charters,1190,1138,1200,10,4,6
Six Flags,2025-06-15 00:00:00+00:00,ADJ,Adventure Junction,955,906,1000,9,2,7
Six Flags,2025-06-15 00:00:00+00:00,TWE,Twilight Express,1990,1950,2000,8,2,6
Six Flags,2025-06-15 00:00:00+00:00,IRT,Iron Rattler,2390,2350,2400,8,5,3
Six Flags,2025-06-15 00:00:00+00:00,SRT,Sirocco Tower,2290,2250,2300,6,2,4
Six Flags,2025-06-15 00:00:00+00:00,FCF,Falcons Flight,2490,2450,2500,8,1,7
Six Flags,2025-06-15 00:00:00+00:00,SKW,Skywatch,2083,2050,2100,9,5,4
Aquarabia,2025-06-15 00:00:00+00:00,RFR,Raft Republic,1690,1650,1700,9,1,8
Aquarabia,2025-06-15 00:00:00+00:00,AMB,Amwaj Bay,1590,1550,1600,9,2,7
Aquarabia,2025-06-15 00:00:00+00:00,SPG,Splash Grotto,1846,1753,1900,11,1,10
Aquarabia,2025-06-15 00:00:00+00:00,ZZZ,ZipZapZoom,1374,1350,1400,10,2,8
Aquarabia,2025-06-15 00:00:00+00:00,TLC,The Lazy Camel,790,750,800,8,2,6
Aquarabia,2025-06-15 00:00:00+00:00,SFT,Surftopia,1150,1054,1300,9,2,7
Aquarabia,2025-06-15 00:00:00+00:00,HVP,Hyper Viper,1888,1856,2000,8,1,7
Aquarabia,2025-06-15 00:00:00+00:00,JND,Junoon Drop,1090,1050,1100,10,2,8
Aquarabia,2025-06-15 00:00:00+00:00,JPJ,Jump Jolt,990,940,1000,10,2,8
Aquarabia,2025-06-16 00:00:00+00:00,SST,Sea Stallion,2190,2150,2200,12,2,10
Six Flags,2025-06-16 00:00:00+00:00,AQT,Aquatopia,1790,1750,1800,8,2,6
Six Flags,2025-06-16 00:00:00+00:00,SPF,Spitfire,1480,1411,1500,9,2,7
Six Flags,2025-06-16 00:00:00+00:00,ARC,Arabian Carousel,872,850,900,8,2,6
Six Flags,2025-06-16 00:00:00+00:00,CYC,Canyon Charters,1190,1150,1200,10,4,6
Six Flags,2025-06-16 00:00:00+00:00,ADJ,Adventure Junction,879,854,1000,9,1,8
Six Flags,2025-06-16 00:00:00+00:00,TWE,Twilight Express,1990,1950,2000,8,1,7
Six Flags,2025-06-16 00:00:00+00:00,IRT,Iron Rattler,2334,2248,2400,8,5,3
Six Flags,2025-06-16 00:00:00+00:00,SRT,Sirocco Tower,2287,2250,2300,6,2,4
Six Flags,2025-06-16 00:00:00+00:00,FCF,Falcons Flight,2490,2450,2500,8,2,6
Six Flags,2025-06-16 00:00:00+00:00,SKW,Skywatch,2090,2050,2100,9,4,5
Aquarabia,2025-06-16 00:00:00+00:00,RFR,Raft Republic,1615,1553,1700,9,1,8
Aquarabia,2025-06-16 00:00:00+00:00,AMB,Amwaj Bay,1506,1413,1600,9,2,7
Aquarabia,2025-06-16 00:00:00+00:00,SPG,Splash Grotto,1890,1828,1900,11,2,9
Aquarabia,2025-06-16 00:00:00+00:00,ZZZ,ZipZapZoom,1390,1350,1400,10,2,8
Aquarabia,2025-06-16 00:00:00+00:00,TLC,The Lazy Camel,756,709,800,8,1,7
Aquarabia,2025-06-16 00:00:00+00:00,SFT,Surftopia,1270,1250,1300,9,2,7
Aquarabia,2025-06-16 00:00:00+00:00,HVP,Hyper Viper,1897,1836,2000,8,1,7
Aquarabia,2025-06-16 00:00:00+00:00,JND,Junoon Drop,1088,1050,1100,10,2,8
Aquarabia,2025-06-16 00:00:00+00:00,JPJ,Jump Jolt,929,837,1000,10,1,9
Aquarabia,2025-06-17 00:00:00+00:00,SST,Sea Stallion,2190,2150,2200,12,1,11
Six Flags,2025-06-17 00:00:00+00:00,AQT,Aquatopia,1789,1750,1800,8,2,6
Six Flags,2025-06-17 00:00:00+00:00,SPF,Spitfire,1479,1450,1500,9,2,7
Six Flags,2025-06-17 00:00:00+00:00,ARC,Arabian Carousel,890,850,900,8,1,7
Six Flags,2025-06-17 00:00:00+00:00,CYC,Canyon Charters,1190,1150,1200,10,3,7
Six Flags,2025-06-17 00:00:00+00:00,ADJ,Adventure Junction,990,950,1000,9,1,8
Six Flags,2025-06-17 00:00:00+00:00,TWE,Twilight Express,1990,1941,2000,8,1,7
Six Flags,2025-06-17 00:00:00+00:00,IRT,Iron Rattler,2157,2100,2400,8,5,3
Six Flags,2025-06-17 00:00:00+00:00,SRT,Sirocco Tower,2165,2126,2300,6,2,4
Six Flags,2025-06-17 00:00:00+00:00,FCF,Falcons Flight,2490,2450,2500,8,2,6
Six Flags,2025-06-17 00:00:00+00:00,SKW,Skywatch,1985,1896,2100,9,5,4
Aquarabia,2025-06-17 00:00:00+00:00,RFR,Raft Republic,1690,1599,1700,9,1,8
Aquarabia,2025-06-17 00:00:00+00:00,AMB,Amwaj Bay,1590,1550,1600,9,2,7
Aquarabia,2025-06-17 00:00:00+00:00,SPG,Splash Grotto,1890,1850,1900,11,1,10
Aquarabia,2025-06-17 00:00:00+00:00,ZZZ,ZipZapZoom,1390,1322,1400,10,2,8
Aquarabia,2025-06-17 00:00:00+00:00,TLC,The Lazy Camel,773,750,800,8,2,6
Aquarabia,2025-06-17 00:00:00+00:00,SFT,Surftopia,1224,1181,1300,9,1,8
Aquarabia,2025-06-17 00:00:00+00:00,HVP,Hyper Viper,1990,1950,2000,8,2,6
Aquarabia,2025-06-17 00:00:00+00:00,JND,Junoon Drop,988,967,1100,10,1,9
Aquarabia,2025-06-17 00:00:00+00:00,JPJ,Jump Jolt,949,861,1000,10,2,8
Aquarabia,2025-06-18 00:00:00+00:00,SST,Sea Stallion,2190,2150,2200,12,2,10
Six Flags,2025-06-18 00:00:00+00:00,AQT,Aquatopia,1790,1750,1800,8,1,7
Six Flags,2025-06-18 00:00:00+00:00,SPF,Spitfire,1490,1450,1500,9,2,7
Six Flags,2025-06-18 00:00:00+00:00,ARC,Arabian Carousel,890,850,900,8,2,6
Six Flags,2025-06-18 00:00:00+00:00,CYC,Canyon Charters,1190,1150,1200,10,4,6
Six Flags,2025-06-18 00:00:00+00:00,ADJ,Adventure Junction,990,933,1000,9,1,8
Six Flags,2025-06-18 00:00:00+00:00,TWE,Twilight Express,1990,1950,2000,8,1,7
Six Flags,2025-06-18 00:00:00+00:00,IRT,Iron Rattler,2390,2350,2400,8,4,4
Six Flags,2025-06-18 00:00:00+00:00,SRT,Sirocco Tower,2290,2250,2300,6,2,4
Six Flags,2025-06-18 00:00:00+00:00,FCF,Falcons Flight,2483,2450,2500,8,2,6
Six Flags,2025-06-18 00:00:00+00:00,SKW,Skywatch,2090,2050,2100,9,5,4
Aquarabia,2025-06-18 00:00:00+00:00,RFR,Raft Republic,1690,1650,1700,9,2,7
Aquarabia,2025-06-18 00:00:00+00:00,AMB,Amwaj Bay,1582,1550,1600,9,1,8
Aquarabia,2025-06-18 00:00:00+00:00,SPG,Splash Grotto,1890,1850,1900,11,2,9
Aquarabia,2025-06-18 00:00:00+00:00,ZZZ,ZipZapZoom,1390,1350,1400,10,1,9
Aquarabia,2025-06-18 00:00:00+00:00,TLC,The Lazy Camel,790,745,800,8,2,6
Aquarabia,2025-06-18 00:00:00+00:00,SFT,Surftopia,1290,1250,1300,9,1,8
Aquarabia,2025-06-18 00:00:00+00:00,HVP,Hyper Viper,1795,1721,2000,8,2,6
Aquarabia,2025-06-18 00:00:00+00:00,JND,Junoon Drop,1077,1050,1100,10,1,9
Aquarabia,2025-06-18 00:00:00+00:00,JPJ,Jump Jolt,971,950,1000,10,1,9
Aquarabia,2025-06-19 00:00:00+00:00,SST,Sea Stallion,2190,2150,2200,12,1,11
Six Flags,2025-06-19 00:00:00+00:00,AQT,Aquatopia,1784,1750,1800,8,1,7
Six Flags,2025-06-19 00:00:00+00:00,SPF,Spitfire,1471,1433,1500,9,2,7
Six Flags,2025-06-19 00:00:00+00:00,ARC,Arabian Carousel,890,850,900,8,1,7
Six Flags,2025-06-19 00:00:00+00:00,CYC,Canyon Charters,1190,1150,1200,10,4,6
Six Flags,2025-06-19 00:00:00+00:00,ADJ,Adventure Junction,990,949,1000,9,2,7
Six Flags,2025-06-19 00:00:00+00:00,TWE,Twilight Express,1990,1950,2000,8,1,7
Six Flags,2025-06-19 00:00:00+00:00,IRT,Iron Rattler,2390,2350,2400,8,5,3
Six Flags,2025-06-19 00:00:00+00:00,SRT,Sirocco Tower,2290,2250,2300,6,1,5
Six Flags,2025-06-19 00:00:00+00:00,FCF,Falcons Flight,2490,2450,2500,8,2,6
Six Flags,2025-06-19 00:00:00+00:00,SKW,Skywatch,2090,2050,2100,9,5,4
Aquarabia,2025-06-19 00:00:00+00:00,RFR,Raft Republic,1688,1650,1700,9,1,8
Aquarabia,2025-06-19 00:00:00+00:00,AMB,Amwaj Bay,1577,1550,1600,9,1,8
Aquarabia,2025-06-19 00:00:00+00:00,SPG,Splash Grotto,1558,1538,1900,11,2,9
Aquarabia,2025-06-19 00:00:00+00:00,ZZZ,ZipZapZoom,1160,1113,1400,10,1,9
Aquarabia,2025-06-19 00:00:00+00:00,TLC,The Lazy Camel,790,750,800,8,2,6
Aquarabia,2025-06-19 00:00:00+00:00,SFT,Surftopia,1272,1250,1300,9,1,8
Aquarabia,2025-06-19 00:00:00+00:00,HVP,Hyper Viper,1893,1822,2000,8,1,7
Aquarabia,2025-06-19 00:00:00+00:00,JND,Junoon Drop,1006,981,1100,10,1,9
Aquarabia,2025-06-19 00:00:00+00:00,JPJ,Jump Jolt,912,889,1000,10,1,9
Aquarabia,2025-06-20 00:00:00+00:00,SST,Sea Stallion,2181,2150,2200,12,2,10
Six Flags,2025-06-20 00:00:00+00:00,AQT,Aquatopia,1790,1750,1800,8,2,6
Six Flags,2025-06-20 00:00:00+00:00,SPF,Spitfire,1490,1450,1500,9,1,8
Six Flags,2025-06-20 00:00:00+00:00,ARC,Arabian Carousel,890,850,900,8,2,6
Six Flags,2025-06-20 00:00:00+00:00,CYC,Canyon Charters,1185,1150,1200,10,5,5
Six Flags,2025-06-20 00:00:00+00:00,ADJ,Adventure Junction,990,950,1000,9,1,8
Six Flags,2025-06-20 00:00:00+00:00,TWE,Twilight Express,1990,1916,2000,8,1,7
Six Flags,2025-06-20 00:00:00+00:00,IRT,Iron Rattler,2390,2350,2400,8,5,3
Six Flags,2025-06-20 00:00:00+00:00,SRT,Sirocco Tower,2058,1997,2300,6,1,5
Six Flags,2025-06-20 00:00:00+00:00,FCF,Falcons Flight,2490,2450,2500,8,1,7
Six Flags,2025-06-20 00:00:00+00:00,SKW,Skywatch,2038,1978,2100,9,4,5
Aquarabia,2025-06-20 00:00:00+00:00,RFR,Raft Republic,1690,1650,1700,9,1,8
Aquarabia,2025-06-20 00:00:00+00:00,AMB,Amwaj Bay,1440,1401,1600,9,2,7
Aquarabia,2025-06-20 00:00:00+00:00,SPG,Splash Grotto,1890,1844,1900,11,2,9
Aquarabia,2025-06-20 00:00:00+00:00,ZZZ,ZipZapZoom,1372,1350,1400,10,2,8
Aquarabia,2025-06-20 00:00:00+00:00,TLC,The Lazy Camel,790,750,800,8,1,7
Aquarabia,2025-06-20 00:00:00+00:00,SFT,Surftopia,1290,1250,1300,9,1,8
Aquarabia,2025-06-20 00:00:00+00:00,HVP,Hyper Viper,1831,1791,2000,8,2,6
Aquarabia,2025-06-20 00:00:00+00:00,JND,Junoon Drop,1085,1050,1100,10,1,9
Aquarabia,2025-06-20 00:00:00+00:00,JPJ,Jump Jolt,990,926,1000,10,1,9
Aquarabia,2025-06-21 00:00:00+00:00,SST,Sea Stallion,2190,2150,2200,12,2,10
Six Flags,2025-06-21 00:00:00+00:00,AQT,Aquatopia,1790,1750,1800,8,2,6
Six Flags,2025-06-21 00:00:00+00:00,SPF,Spitfire,1490,1450,1500,9,2,7
Six Flags,2025-06-21 00:00:00+00:00,ARC,Arabian Carousel,890,850,900,8,2,6
Six Flags,2025-06-21 00:00:00+00:00,CYC,Canyon Charters,1190,1150,1200,10,4,6
Six Flags,2025-06-21 00:00:00+00:00,ADJ,Adventure Junction,990,950,1000,9,1,8
Six Flags,2025-06-21 00:00:00+00:00,TWE,Twilight Express,1871,1850,2000,8,1,7
Six Flags,2025-06-21 00:00:00+00:00,IRT,Iron Rattler,2390,2350,2400,8,5,3
Six Flags,2025-06-21 00:00:00+00:00,SRT,Sirocco Tower,2290,2250,2300,6,2,4
Six Flags,2025-06-21 00:00:00+00:00,FCF,Falcons Flight,2490,2450,2500,8,2,6
Six Flags,2025-06-21 00:00:00+00:00,SKW,Skywatch,2090,2050,2100,9,3,6
Aquarabia,2025-06-21 00:00:00+00:00,RFR,Raft Republic,1376,1332,1700,9,2,7
Aquarabia,2025-06-21 00:00:00+00:00,AMB,Amwaj Bay,1462,1421,1600,9,2,7
Aquarabia,2025-06-21 00:00:00+00:00,SPG,Splash Grotto,1890,1843,1900,11,2,9
Aquarabia,2025-06-21 00:00:00+00:00,ZZZ,ZipZapZoom,1390,1350,1400,10,2,8
Aquarabia,2025-06-21 00:00:00+00:00,TLC,The Lazy Camel,790,750,800,8,1,7
Aquarabia,2025-06-21 00:00:00+00:00,SFT,Surftopia,1290,1250,1300,9,1,8
Aquarabia,2025-06-21 00:00:00+00:00,HVP,Hyper Viper,1990,1950,2000,8,1,7
Aquarabia,2025-06-21 00:00:00+00:00,JND,Junoon Drop,1020,977,1100,10,1,9
Aquarabia,2025-06-21 00:00:00+00:00,JPJ,Jump Jolt,990,950,1000,10,1,9
Aquarabia,2025-06-22 00:00:00+00:00,SST,Sea Stallion,2185,2150,2200,12,1,11
Six Flags,2025-06-22 00:00:00+00:00,AQT,Aquatopia,1781,1750,1800,8,1,7
Six Flags,2025-06-22 00:00:00+00:00,SPF,Spitfire,1490,1450,1500,9,2,7
Six Flags,2025-06-22 00:00:00+00:00,ARC,Arabian Carousel,890,850,900,8,1,7
Six Flags,2025-06-22 00:00:00+00:00,CYC,Canyon Charters,1089,1024,1200,10,3,7
Six Flags,2025-06-22 00:00:00+00:00,ADJ,Adventure Junction,990,950,1000,9,2,7
Six Flags,2025-06-22 00:00:00+00:00,TWE,Twilight Express,1738,1716,2000,8,1,7
Six Flags,2025-06-22 00:00:00+00:00,IRT,Iron Rattler,2390,2350,2400,8,4,4
Six Flags,2025-06-22 00:00:00+00:00,SRT,Sirocco Tower,2290,2250,2300,6,2,4
Six Flags,2025-06-22 00:00:00+00:00,FCF,Falcons Flight,2481,2450,2500,8,2,6
Six Flags,2025-06-22 00:00:00+00:00,SKW,Skywatch,2072,2037,2100,9,4,5
Aquarabia,2025-06-22 00:00:00+00:00,RFR,Raft Republic,1679,1650,1700,9,1,8
Aquarabia,2025-06-22 00:00:00+00:00,AMB,Amwaj Bay,1409,1370,1600,9,1,8
Aquarabia,2025-06-22 00:00:00+00:00,SPG,Splash Grotto,1731,1636,1900,11,1,10
Aquarabia,2025-06-22 00:00:00+00:00,ZZZ,ZipZapZoom,1383,1288,1400,10,2,8
Aquarabia,2025-06-22 00:00:00+00:00,TLC,The Lazy Camel,790,746,800,8,2,6
Aquarabia,2025-06-22 00:00:00+00:00,SFT,Surftopia,1290,1222,1300,9,1,8
Aquarabia,2025-06-22 00:00:00+00:00,HVP,Hyper Viper,1870,1802,2000,8,1,7
Aquarabia,2025-06-22 00:00:00+00:00,JND,Junoon Drop,1075,1050,1100,10,1,9
Aquarabia,2025-06-22 00:00:00+00:00,JPJ,Jump Jolt,989,950,1000,10,2,8
Aquarabia,2025-06-23 00:00:00+00:00,SST,Sea Stallion,2190,2150,2200,12,1,11
Six Flags,2025-06-23 00:00:00+00:00,AQT,Aquatopia,1779,1713,1800,8,2,6
Six Flags,2025-06-23 00:00:00+00:00,SPF,Spitfire,1490,1450,1500,9,1,8
Six Flags,2025-06-23 00:00:00+00:00,ARC,Arabian Carousel,890,850,900,8,1,7
Six Flags,2025-06-23 00:00:00+00:00,CYC,Canyon Charters,1190,1150,1200,10,5,5
Six Flags,2025-06-23 00:00:00+00:00,ADJ,Adventure Junction,988,950,1000,9,1,8
Six Flags,2025-06-23 00:00:00+00:00,TWE,Twilight Express,1973,1950,2000,8,1,7
Six Flags,2025-06-23 00:00:00+00:00,IRT,Iron Rattler,2374,2350,2400,8,3,5
Six Flags,2025-06-23 00:00:00+00:00,SRT,Sirocco Tower,2290,2250,2300,6,1,5
Six Flags,2025-06-23 00:00:00+00:00,FCF,Falcons Flight,2490,2450,2500,8,2,6
Six Flags,2025-06-23 00:00:00+00:00,SKW,Skywatch,2081,2050,2100,9,5,4
Aquarabia,2025-06-23 00:00:00+00:00,RFR,Raft Republic,1685,1650,1700,9,2,7
Aquarabia,2025-06-23 00:00:00+00:00,AMB,Amwaj Bay,1590,1550,1600,9,1,8
Aquarabia,2025-06-23 00:00:00+00:00,SPG,Splash Grotto,1820,1760,1900,11,2,9
Aquarabia,2025-06-23 00:00:00+00:00,ZZZ,ZipZapZoom,1390,1350,1400,10,2,8
Aquarabia,2025-06-23 00:00:00+00:00,TLC,The Lazy Camel,783,750,800,8,1,7
Aquarabia,2025-06-23 00:00:00+00:00,SFT,Surftopia,1241,1201,1300,9,1,8
Aquarabia,2025-06-23 00:00:00+00:00,HVP,Hyper Viper,1758,1697,2000,8,1,7
Aquarabia,2025-06-23 00:00:00+00:00,JND,Junoon Drop,1090,1050,1100,10,2,8
Aquarabia,2025-06-23 00:00:00+00:00,JPJ,Jump Jolt,919,851,1000,10,1,9
Aquarabia,2025-06-24 00:00:00+00:00,SST,Sea Stallion,2190,2150,2200,12,2,10
Six Flags,2025-06-24 00:00:00+00:00,AQT,Aquatopia,1643,1581,1800,8,1,7
Six Flags,2025-06-24 00:00:00+00:00,SPF,Spitfire,1490,1450,1500,9,1,8
Six Flags,2025-06-24 00:00:00+00:00,ARC,Arabian Carousel,890,850,900,8,1,7
Six Flags,2025-06-24 00:00:00+00:00,CYC,Canyon Charters,1190,1150,1200,10,3,7
Six Flags,2025-06-24 00:00:00+00:00,ADJ,Adventure Junction,979,950,1000,9,2,7
Six Flags,2025-06-24 00:00:00+00:00,TWE,Twilight Express,1990,1950,2000,8,1,7
Six Flags,2025-06-24 00:00:00+00:00,IRT,Iron Rattler,2390,2350,2400,8,3,5
Six Flags,2025-06-24 00:00:00+00:00,SRT,Sirocco Tower,2282,2250,2300,6,2,4
Six Flags,2025-06-24 00:00:00+00:00,FCF,Falcons Flight,2490,2450,2500,8,2,6
Six Flags,2025-06-24 00:00:00+00:00,SKW,Skywatch,1790,1735,2100,9,4,5
Aquarabia,2025-06-24 00:00:00+00:00,RFR,Raft Republic,1690,1650,1700,9,2,7
Aquarabia,2025-06-24 00:00:00+00:00,AMB,Amwaj Bay,1590,1550,1600,9,2,7
Aquarabia,2025-06-24 00:00:00+00:00,SPG,Splash Grotto,1799,1728,1900,11,2,9
Aquarabia,2025-06-24 00:00:00+00:00,ZZZ,ZipZapZoom,1358,1337,1400,10,1,9
Aquarabia,2025-06-24 00:00:00+00:00,TLC,The Lazy Camel,750,679,800,8,2,6
Aquarabia,2025-06-24 00:00:00+00:00,SFT,Surftopia,1290,1250,1300,9,1,8
Aquarabia,2025-06-24 00:00:00+00:00,HVP,Hyper Viper,1970,1920,2000,8,2,6
Aquarabia,2025-06-24 00:00:00+00:00,JND,Junoon Drop,1090,1050,1100,10,2,8
Aquarabia,2025-06-24 00:00:00+00:00,JPJ,Jump Jolt,990,950,1000,10,2,8
Aquarabia,2025-06-25 00:00:00+00:00,SST,Sea Stallion,2190,2150,2200,12,2,10
Six Flags,2025-06-25 00:00:00+00:00,AQT,Aquatopia,1790,1750,1800,8,1,7
Six Flags,2025-06-25 00:00:00+00:00,SPF,Spitfire,1475,1450,1500,9,1,8
Six Flags,2025-06-25 00:00:00+00:00,ARC,Arabian Carousel,890,850,900,8,1,7
Six Flags,2025-06-25 00:00:00+00:00,CYC,Canyon Charters,1190,1150,1200,10,5,5
Six Flags,2025-06-25 00:00:00+00:00,ADJ,Adventure Junction,990,950,1000,9,2,7
Six Flags,2025-06-25 00:00:00+00:00,TWE,Twilight Express,1873,1778,2000,8,1,7
Six Flags,2025-06-25 00:00:00+00:00,IRT,Iron Rattler,2390,2350,2400,8,4,4
Six Flags,2025-06-25 00:00:00+00:00,SRT,Sirocco Tower,2256,2203,2300,6,2,4
Six Flags,2025-06-25 00:00:00+00:00,FCF,Falcons Flight,2490,2450,2500,8,2,6
Six Flags,2025-06-25 00:00:00+00:00,SKW,Skywatch,2090,2050,2100,9,3,6
Aquarabia,2025-06-25 00:00:00+00:00,RFR,Raft Republic,1690,1640,1700,9,1,8
Aquarabia,2025-06-25 00:00:00+00:00,AMB,Amwaj Bay,1590,1550,1600,9,2,7
Aquarabia,2025-06-25 00:00:00+00:00,SPG,Splash Grotto,1716,1665,1900,11,2,9
Aquarabia,2025-06-25 00:00:00+00:00,ZZZ,ZipZapZoom,1197,1175,1400,10,2,8
Aquarabia,2025-06-25 00:00:00+00:00,TLC,The Lazy Camel,777,750,800,8,1,7
Aquarabia,2025-06-25 00:00:00+00:00,SFT,Surftopia,1290,1213,1300,9,2,7
Aquarabia,2025-06-25 00:00:00+00:00,HVP,Hyper Viper,1786,1699,2000,8,2,6
Aquarabia,2025-06-25 00:00:00+00:00,JND,Junoon Drop,1049,969,1100,10,1,9
Aquarabia,2025-06-25 00:00:00+00:00,JPJ,Jump Jolt,909,851,1000,10,2,8
Aquarabia,2025-06-26 00:00:00+00:00,SST,Sea Stallion,2190,2150,2200,12,1,11
Six Flags,2025-06-26 00:00:00+00:00,AQT,Aquatopia,1790,1750,1800,8,2,6
Six Flags,2025-06-26 00:00:00+00:00,SPF,Spitfire,1490,1450,1500,9,1,8
Six Flags,2025-06-26 00:00:00+00:00,ARC,Arabian Carousel,890,850,900,8,2,6
Six Flags,2025-06-26 00:00:00+00:00,CYC,Canyon Charters,1170,1072,1200,10,4,6
Six Flags,2025-06-26 00:00:00+00:00,ADJ,Adventure Junction,990,950,1000,9,2,7
Six Flags,2025-06-26 00:00:00+00:00,TWE,Twilight Express,1990,1950,2000,8,2,6
Six Flags,2025-06-26 00:00:00+00:00,IRT,Iron Rattler,2390,2350,2400,8,4,4
Six Flags,2025-06-26 00:00:00+00:00,SRT,Sirocco Tower,2290,2250,2300,6,1,5
Six Flags,2025-06-26 00:00:00+00:00,FCF,Falcons Flight,2490,2450,2500,8,2,6
Six Flags,2025-06-26 00:00:00+00:00,SKW,Skywatch,2068,1998,2100,9,5,4
Aquarabia,2025-06-26 00:00:00+00:00,RFR,Raft Republic,1690,1650,1700,9,2,7
Aquarabia,2025-06-26 00:00:00+00:00,AMB,Amwaj Bay,1590,1550,1600,9,1,8
Aquarabia,2025-06-26 00:00:00+00:00,SPG,Splash Grotto,1882,1850,1900,11,2,9
Aquarabia,2025-06-26 00:00:00+00:00,ZZZ,ZipZapZoom,1332,1290,1400,10,2,8
Aquarabia,2025-06-26 00:00:00+00:00,TLC,The Lazy Camel,790,750,800,8,1,7
Aquarabia,2025-06-26 00:00:00+00:00,SFT,Surftopia,1269,1192,1300,9,2,7
Aquarabia,2025-06-26 00:00:00+00:00,HVP,Hyper Viper,1977,1950,2000,8,1,7
Aquarabia,2025-06-26 00:00:00+00:00,JND,Junoon Drop,999,932,1100,10,1,9
Aquarabia,2025-06-26 00:00:00+00:00,JPJ,Jump Jolt,959,871,1000,10,1,9
Aquarabia,2025-06-27 00:00:00+00:00,SST,Sea Stallion,2177,2150,2200,12,1,11
Six Flags,2025-06-27 00:00:00+00:00,AQT,Aquatopia,1790,1750,1800,8,2,6
Six Flags,2025-06-27 00:00:00+00:00,SPF,Spitfire,1324,1272,1500,9,2,7
Six Flags,2025-06-27 00:00:00+00:00,ARC,Arabian Carousel,890,850,900,8,2,6
Six Flags,2025-06-27 00:00:00+00:00,CYC,Canyon Charters,1190,1150,1200,10,4,6
Six Flags,2025-06-27 00:00:00+00:00,ADJ,Adventure Junction,990,950,1000,9,1,8
Six Flags,2025-06-27 00:00:00+00:00,TWE,Twilight Express,1990,1950,2000,8,2,6
Six Flags,2025-06-27 00:00:00+00:00,IRT,Iron Rattler,2365,2311,2400,8,5,3
Six Flags,2025-06-27 00:00:00+00:00,SRT,Sirocco Tower,2290,2250,2300,6,1,5
Six Flags,2025-06-27 00:00:00+00:00,FCF,Falcons Flight,2490,2450,2500,8,2,6
Six Flags,2025-06-27 00:00:00+00:00,SKW,Skywatch,2090,2050,2100,9,4,5
Aquarabia,2025-06-27 00:00:00+00:00,RFR,Raft Republic,1690,1650,1700,9,1,8
Aquarabia,2025-06-27 00:00:00+00:00,AMB,Amwaj Bay,1416,1391,1600,9,1,8
Aquarabia,2025-06-27 00:00:00+00:00,SPG,Splash Grotto,1726,1678,1900,11,2,9
Aquarabia,2025-06-27 00:00:00+00:00,ZZZ,ZipZapZoom,1389,1350,1400,10,2,8
Aquarabia,2025-06-27 00:00:00+00:00,TLC,The Lazy Camel,790,740,800,8,1,7
Aquarabia,2025-06-27 00:00:00+00:00,SFT,Surftopia,1175,1106,1300,9,1,8
Aquarabia,2025-06-27 00:00:00+00:00,HVP,Hyper Viper,1968,1939,2000,8,2,6
Aquarabia,2025-06-27 00:00:00+00:00,JND,Junoon Drop,1060,1009,1100,10,2,8
Aquarabia,2025-06-27 00:00:00+00:00,JPJ,Jump Jolt,990,926,1000,10,1,9
Aquarabia,2025-06-28 00:00:00+00:00,SST,Sea Stallion,2190,2150,2200,12,1,11
Six Flags,2025-06-28 00:00:00+00:00,AQT,Aquatopia,1790,1750,1800,8,1,7
Six Flags,2025-06-28 00:00:00+00:00,SPF,Spitfire,1336,1303,1500,9,1,8
Six Flags,2025-06-28 00:00:00+00:00,ARC,Arabian Carousel,857,777,900,8,1,7
Six Flags,2025-06-28 00:00:00+00:00,CYC,Canyon Charters,1138,1046,1200,10,3,7
Six Flags,2025-06-28 00:00:00+00:00,ADJ,Adventure Junction,990,950,1000,9,2,7
Six Flags,2025-06-28 00:00:00+00:00,TWE,Twilight Express,1984,1950,2000,8,2,6
Six Flags,2025-06-28 00:00:00+00:00,IRT,Iron Rattler,2390,2350,2400,8,4,4
Six Flags,2025-06-28 00:00:00+00:00,SRT,Sirocco Tower,2187,2106,2300,6,1,5
Six Flags,2025-06-28 00:00:00+00:00,FCF,Falcons Flight,2490,2450,2500,8,2,6
Six Flags,2025-06-28 00:00:00+00:00,SKW,Skywatch,1848,1804,2100,9,4,5
Aquarabia,2025-06-28 00:00:00+00:00,RFR,Raft Republic,1690,1650,1700,9,2,7
Aquarabia,2025-06-28 00:00:00+00:00,AMB,Amwaj Bay,1590,1550,1600,9,1,8
Aquarabia,2025-06-28 00:00:00+00:00,SPG,Splash Grotto,1890,1850,1900,11,2,9
Aquarabia,2025-06-28 00:00:00+00:00,ZZZ,ZipZapZoom,1344,1292,1400,10,1,9
Aquarabia,2025-06-28 00:00:00+00:00,TLC,The Lazy Camel,790,720,800,8,2,6
Aquarabia,2025-06-28 00:00:00+00:00,SFT,Surftopia,1290,1250,1300,9,1,8
Aquarabia,2025-06-28 00:00:00+00:00,HVP,Hyper Viper,1962,1880,2000,8,2,6
Aquarabia,2025-06-28 00:00:00+00:00,JND,Junoon Drop,1087,1050,1100,10,2,8
Aquarabia,2025-06-28 00:00:00+00:00,JPJ,Jump Jolt,990,950,1000,10,2,8
Aquarabia,2025-06-29 00:00:00+00:00,SST,Sea Stallion,2190,2150,2200,12,2,10
Six Flags,2025-06-29 00:00:00+00:00,AQT,Aquatopia,1746,1689,1800,8,2,6
Six Flags,2025-06-29 00:00:00+00:00,SPF,Spitfire,1490,1450,1500,9,1,8
Six Flags,2025-06-29 00:00:00+00:00,ARC,Arabian Carousel,888,850,900,8,1,7
Six Flags,2025-06-29 00:00:00+00:00,CYC,Canyon Charters,1190,1150,1200,10,4,6
Six Flags,2025-06-29 00:00:00+00:00,ADJ,Adventure Junction,990,950,1000,9,2,7
Six Flags,2025-06-29 00:00:00+00:00,TWE,Twilight Express,1984,1950,2000,8,1,7
Six Flags,2025-06-29 00:00:00+00:00,IRT,Iron Rattler,2370,2296,2400,8,5,3
Six Flags,2025-06-29 00:00:00+00:00,SRT,Sirocco Tower,2290,2250,2300,6,2,4
Six Flags,2025-06-29 00:00:00+00:00,FCF,Falcons Flight,2487,2450,2500,8,2,6
Six Flags,2025-06-29 00:00:00+00:00,SKW,Skywatch,2090,2050,2100,9,5,4
Aquarabia,2025-06-29 00:00:00+00:00,RFR,Raft Republic,1690,1650,1700,9,1,8
Aquarabia,2025-06-29 00:00:00+00:00,AMB,Amwaj Bay,1590,1550,1600,9,2,7
Aquarabia,2025-06-29 00:00:00+00:00,SPG,Splash Grotto,1890,1850,1900,11,1,10
Aquarabia,2025-06-29 00:00:00+00:00,ZZZ,ZipZapZoom,1190,1166,1400,10,1,9
Aquarabia,2025-06-29 00:00:00+00:00,TLC,The Lazy Camel,790,750,800,8,1,7
Aquarabia,2025-06-29 00:00:00+00:00,SFT,Surftopia,1156,1092,1300,9,1,8
Aquarabia,2025-06-29 00:00:00+00:00,HVP,Hyper Viper,1890,1820,2000,8,2,6
Aquarabia,2025-06-29 00:00:00+00:00,JND,Junoon Drop,1090,1050,1100,10,1,9
Aquarabia,2025-06-29 00:00:00+00:00,JPJ,Jump Jolt,988,950,1000,10,2,8
Aquarabia,2025-06-30 00:00:00+00:00,SST,Sea Stallion,2190,2150,2200,12,2,10
Six Flags,2025-06-30 00:00:00+00:00,AQT,Aquatopia,1790,1750,1800,8,1,7
Six Flags,2025-06-30 00:00:00+00:00,SPF,Spitfire,1490,1450,1500,9,1,8
Six Flags,2025-06-30 00:00:00+00:00,ARC,Arabian Carousel,887,850,900,8,2,6
Six Flags,2025-06-30 00:00:00+00:00,CYC,Canyon Charters,1171,1150,1200,10,4,6
Six Flags,2025-06-30 00:00:00+00:00,ADJ,Adventure Junction,990,950,1000,9,2,7
Six Flags,2025-06-30 00:00:00+00:00,TWE,Twilight Express,1990,1950,2000,8,2,6
Six Flags,2025-06-30 00:00:00+00:00,IRT,Iron Rattler,2390,2350,2400,8,3,5
Six Flags,2025-06-30 00:00:00+00:00,SRT,Sirocco Tower,2007,1947,2300,6,2,4
Six Flags,2025-06-30 00:00:00+00:00,FCF,Falcons Flight,2490,2450,2500,8,2,6
Six Flags,2025-06-30 00:00:00+00:00,SKW,Skywatch,2090,2050,2100,9,3,6
Aquarabia,2025-06-30 00:00:00+00:00,RFR,Raft Republic,1690,1650,1700,9,1,8
Aquarabia,2025-06-30 00:00:00+00:00,AMB,Amwaj Bay,1422,1349,1600,9,2,7
Aquarabia,2025-06-30 00:00:00+00:00,SPG,Splash Grotto,1635,1578,1900,11,1,10
Aquarabia,2025-06-30 00:00:00+00:00,ZZZ,ZipZapZoom,1390,1350,1400,10,1,9
Aquarabia,2025-06-30 00:00:00+00:00,TLC,The Lazy Camel,790,750,800,8,1,7
Aquarabia,2025-06-30 00:00:00+00:00,SFT,Surftopia,1213,1191,1300,9,2,7
Aquarabia,2025-06-30 00:00:00+00:00,HVP,Hyper Viper,1990,1950,2000,8,1,7
Aquarabia,2025-06-30 00:00:00+00:00,JND,Junoon Drop,1090,1050,1100,10,1,9
Aquarabia,2025-06-30 00:00:00+00:00,JPJ,Jump Jolt,990,950,1000,10,1,9
Aquarabia,2025-07-01 00:00:00+00:00,SST,Sea Stallion,1687,1590,2200,12,1,11
Six Flags,2025-07-01 00:00:00+00:00,AQT,Aquatopia,1019,939,1800,8,2,6
Six Flags,2025-07-01 00:00:00+00:00,SPF,Spitfire,967,896,1500,9,2,7
Six Flags,2025-07-01 00:00:00+00:00,ARC,Arabian Carousel,764,681,900,8,1,7
Six Flags,2025-07-01 00:00:00+00:00,CYC,Canyon Charters,837,808,1200,10,3,7
Six Flags,2025-07-01 00:00:00+00:00,ADJ,Adventure Junction,585,519,1000,9,2,7
Six Flags,2025-07-01 00:00:00+00:00,TWE,Twilight Express,1284,1230,2000,8,2,6
Six Flags,2025-07-01 00:00:00+00:00,IRT,Iron Rattler,1455,1361,2400,8,3,5
Six Flags,2025-07-01 00:00:00+00:00,SRT,Sirocco Tower,1358,1261,2300,6,2,4
Six Flags,2025-07-01 00:00:00+00:00,FCF,Falcons Flight,1976,1898,2500,8,2,6
Six Flags,2025-07-01 00:00:00+00:00,SKW,Skywatch,1137,1051,2100,9,3,6
Aquarabia,2025-07-01 00:00:00+00:00,RFR,Raft Republic,853,786,1700,9,2,7
Aquarabia,2025-07-01 00:00:00+00:00,AMB,Amwaj Bay,862,840,1600,9,1,8
Aquarabia,2025-07-01 00:00:00+00:00,SPG,Splash Grotto,1296,1209,1900,11,2,9
Aquarabia,2025-07-01 00:00:00+00:00,ZZZ,ZipZapZoom,841,811,1400,10,2,8
Aquarabia,2025-07-01 00:00:00+00:00,TLC,The Lazy Camel,506,424,800,8,2,6
Aquarabia,2025-07-01 00:00:00+00:00,SFT,Surftopia,765,679,1300,9,2,7
Aquarabia,2025-07-01 00:00:00+00:00,HVP,Hyper Viper,1221,1152,2000,8,2,6
Aquarabia,2025-07-01 00:00:00+00:00,JND,Junoon Drop,754,668,1100,10,2,8
Aquarabia,2025-07-01 00:00:00+00:00,JPJ,Jump Jolt,592,570,1000,10,2,8
Aquarabia,2025-07-02 00:00:00+00:00,SST,Sea Stallion,1537,1505,2200,12,2,10
Six Flags,2025-07-02 00:00:00+00:00,AQT,Aquatopia,1284,1256,1800,8,2,6
Six Flags,2025-07-02 00:00:00+00:00,SPF,Spitfire,984,886,1500,9,2,7
Six Flags,2025-07-02 00:00:00+00:00,ARC,Arabian Carousel,676,614,900,8,1,7
Six Flags,2025-07-02 00:00:00+00:00,CYC,Canyon Charters,876,813,1200,10,5,5
Six Flags,2025-07-02 00:00:00+00:00,ADJ,Adventure Junction,659,616,1000,9,2,7
Six Flags,2025-07-02 00:00:00+00:00,TWE,Twilight Express,1382,1362,2000,8,2,6
Six Flags,2025-07-02 00:00:00+00:00,IRT,Iron Rattler,1692,1664,2400,8,4,4
Six Flags,2025-07-02 00:00:00+00:00,SRT,Sirocco Tower,1437,1400,2300,6,1,5
Six Flags,2025-07-02 00:00:00+00:00,FCF,Falcons Flight,1885,1832,2500,8,1,7
Six Flags,2025-07-02 00:00:00+00:00,SKW,Skywatch,1531,1464,2100,9,5,4
Aquarabia,2025-07-02 00:00:00+00:00,RFR,Raft Republic,975,937,1700,9,1,8
Aquarabia,2025-07-02 00:00:00+00:00,AMB,Amwaj Bay,954,864,1600,9,1,8
Aquarabia,2025-07-02 00:00:00+00:00,SPG,Splash Grotto,1163,1138,1900,11,2,9
Aquarabia,2025-07-02 00:00:00+00:00,ZZZ,ZipZapZoom,918,885,1400,10,1,9
Aquarabia,2025-07-02 00:00:00+00:00,TLC,The Lazy Camel,477,413,800,8,2,6
Aquarabia,2025-07-02 00:00:00+00:00,SFT,Surftopia,1011,916,1300,9,1,8
Aquarabia,2025-07-02 00:00:00+00:00,HVP,Hyper Viper,1442,1354,2000,8,1,7
Aquarabia,2025-07-02 00:00:00+00:00,JND,Junoon Drop,742,710,1100,10,2,8
Aquarabia,2025-07-02 00:00:00+00:00,JPJ,Jump Jolt,637,544,1000,10,1,9
Aquarabia,2025-07-03 00:00:00+00:00,SST,Sea Stallion,1593,1542,2200,12,2,10
Six Flags,2025-07-03 00:00:00+00:00,AQT,Aquatopia,1340,1304,1800,8,1,7
Six Flags,2025-07-03 00:00:00+00:00,SPF,Spitfire,944,858,1500,9,1,8
Six Flags,2025-07-03 00:00:00+00:00,ARC,Arabian Carousel,551,487,900,8,2,6
Six Flags,2025-07-03 00:00:00+00:00,CYC,Canyon Charters,677,629,1200,10,5,5
Six Flags,2025-07-03 00:00:00+00:00,ADJ,Adventure Junction,551,503,1000,9,1,8
Six Flags,2025-07-03 00:00:00+00:00,TWE,Twilight Express,1177,1134,2000,8,1,7
Six Flags,2025-07-03 00:00:00+00:00,IRT,Iron Rattler,1375,1338,2400,8,3,5
Six Flags,2025-07-03 00:00:00+00:00,SRT,Sirocco Tower,1310,1238,2300,6,2,4
Six Flags,2025-07-03 00:00:00+00:00,FCF,Falcons Flight,1806,1719,2500,8,1,7
Six Flags,2025-07-03 00:00:00+00:00,SKW,Skywatch,1479,1409,2100,9,4,5
Aquarabia,2025-07-03 00:00:00+00:00,RFR,Raft Republic,1174,1134,1700,9,2,7
Aquarabia,2025-07-03 00:00:00+00:00,AMB,Amwaj Bay,1035,948,1600,9,2,7
Aquarabia,2025-07-03 00:00:00+00:00,SPG,Splash Grotto,1040,961,1900,11,2,9
Aquarabia,2025-07-03 00:00:00+00:00,ZZZ,ZipZapZoom,939,884,1400,10,2,8
Aquarabia,2025-07-03 00:00:00+00:00,TLC,The Lazy Camel,523,440,800,8,2,6
Aquarabia,2025-07-03 00:00:00+00:00,SFT,Surftopia,940,916,1300,9,1,8
Aquarabia,2025-07-03 00:00:00+00:00,HVP,Hyper Viper,1400,1379,2000,8,1,7
Aquarabia,2025-07-03 00:00:00+00:00,JND,Junoon Drop,616,530,1100,10,2,8
Aquarabia,2025-07-03 00:00:00+00:00,JPJ,Jump Jolt,603,512,1000,10,1,9
Aquarabia,2025-07-04 00:00:00+00:00,SST,Sea Stallion,1387,1317,2200,12,1,11
Six Flags,2025-07-04 00:00:00+00:00,AQT,Aquatopia,1052,1016,1800,8,1,7
Six Flags,2025-07-04 00:00:00+00:00,SPF,Spitfire,869,802,1500,9,1,8
Six Flags,2025-07-04 00:00:00+00:00,ARC,Arabian Carousel,672,645,900,8,1,7
Six Flags,2025-07-04 00:00:00+00:00,CYC,Canyon Charters,739,659,1200,10,3,7
Six Flags,2025-07-04 00:00:00+00:00,ADJ,Adventure Junction,652,574,1000,9,2,7
Six Flags,2025-07-04 00:00:00+00:00,TWE,Twilight Express,1370,1288,2000,8,1,7
Six Flags,2025-07-04 00:00:00+00:00,IRT,Iron Rattler,1483,1429,2400,8,5,3
Six Flags,2025-07-04 00:00:00+00:00,SRT,Sirocco Tower,1649,1583,2300,6,1,5
Six Flags,2025-07-04 00:00:00+00:00,FCF,Falcons Flight,1581,1537,2500,8,1,7
Six Flags,2025-07-04 00:00:00+00:00,SKW,Skywatch,1250,1188,2100,9,3,6
Aquarabia,2025-07-04 00:00:00+00:00,RFR,Raft Republic,1226,1144,1700,9,2,7
Aquarabia,2025-07-04 00:00:00+00:00,AMB,Amwaj Bay,1145,1109,1600,9,1,8
Aquarabia,2025-07-04 00:00:00+00:00,SPG,Splash Grotto,1349,1300,1900,11,2,9
Aquarabia,2025-07-04 00:00:00+00:00,ZZZ,ZipZapZoom,884,817,1400,10,1,9
Aquarabia,2025-07-04 00:00:00+00:00,TLC,The Lazy Camel,433,408,800,8,1,7
Aquarabia,2025-07-04 00:00:00+00:00,SFT,Surftopia,899,847,1300,9,1,8
Aquarabia,2025-07-04 00:00:00+00:00,HVP,Hyper Viper,1223,1173,2000,8,1,7
Aquarabia,2025-07-04 00:00:00+00:00,JND,Junoon Drop,842,760,1100,10,1,9
Aquarabia,2025-07-04 00:00:00+00:00,JPJ,Jump Jolt,679,595,1000,10,1,9
Aquarabia,2025-07-05 00:00:00+00:00,SST,Sea Stallion,1728,1676,2200,12,2,10
Six Flags,2025-07-05 00:00:00+00:00,AQT,Aquatopia,1312,1243,1800,8,1,7
Six Flags,2025-07-05 00:00:00+00:00,SPF,Spitfire,873,802,1500,9,2,7
Six Flags,2025-07-05 00:00:00+00:00,ARC,Arabian Carousel,650,578,900,8,1,7
Six Flags,2025-07-05 00:00:00+00:00,CYC,Canyon Charters,678,658,1200,10,5,5
Six Flags,2025-07-05 00:00:00+00:00,ADJ,Adventure Junction,746,721,1000,9,1,8
Six Flags,2025-07-05 00:00:00+00:00,TWE,Twilight Express,1198,1116,2000,8,2,6
Six Flags,2025-07-05 00:00:00+00:00,IRT,Iron Rattler,1521,1422,2400,8,4,4
Six Flags,2025-07-05 00:00:00+00:00,SRT,Sirocco Tower,1478,1451,2300,6,2,4
Six Flags,2025-07-05 00:00:00+00:00,FCF,Falcons Flight,1823,1788,2500,8,2,6
Six Flags,2025-07-05 00:00:00+00:00,SKW,Skywatch,1467,1377,2100,9,5,4
Aquarabia,2025-07-05 00:00:00+00:00,RFR,Raft Republic,1291,1216,1700,9,1,8
Aquarabia,2025-07-05 00:00:00+00:00,AMB,Amwaj Bay,951,906,1600,9,2,7
Aquarabia,2025-07-05 00:00:00+00:00,SPG,Splash Grotto,1273,1184,1900,11,2,9
Aquarabia,2025-07-05 00:00:00+00:00,ZZZ,ZipZapZoom,867,785,1400,10,1,9
Aquarabia,2025-07-05 00:00:00+00:00,TLC,The Lazy Camel,579,525,800,8,1,7
Aquarabia,2025-07-05 00:00:00+00:00,SFT,Surftopia,945,874,1300,9,2,7
Aquarabia,2025-07-05 00:00:00+00:00,HVP,Hyper Viper,1272,1239,2000,8,1,7
Aquarabia,2025-07-05 00:00:00+00:00,JND,Junoon Drop,711,647,1100,10,2,8
Aquarabia,2025-07-05 00:00:00+00:00,JPJ,Jump Jolt,656,558,1000,10,1,9
Aquarabia,2025-07-06 00:00:00+00:00,SST,Sea Stallion,1288,1247,2200,12,2,10
Six Flags,2025-07-06 00:00:00+00:00,AQT,Aquatopia,1147,1127,1800,8,1,7
Six Flags,2025-07-06 00:00:00+00:00,SPF,Spitfire,911,840,1500,9,2,7
Six Flags,2025-07-06 00:00:00+00:00,ARC,Arabian Carousel,628,536,900,8,2,6
Six Flags,2025-07-06 00:00:00+00:00,CYC,Canyon Charters,783,732,1200,10,3,7
Six Flags,2025-07-06 00:00:00+00:00,ADJ,Adventure Junction,715,643,1000,9,2,7
Six Flags,2025-07-06 00:00:00+00:00,TWE,Twilight Express,1118,1094,2000,8,2,6
Six Flags,2025-07-06 00:00:00+00:00,IRT,Iron Rattler,1889,1846,2400,8,5,3
Six Flags,2025-07-06 00:00:00+00:00,SRT,Sirocco Tower,1458,1426,2300,6,1,5
Six Flags,2025-07-06 00:00:00+00:00,FCF,Falcons Flight,1637,1585,2500,8,2,6
Six Flags,2025-07-06 00:00:00+00:00,SKW,Skywatch,1274,1208,2100,9,4,5
Aquarabia,2025-07-06 00:00:00+00:00,RFR,Raft Republic,1156,1064,1700,9,2,7
Aquarabia,2025-07-06 00:00:00+00:00,AMB,Amwaj Bay,1143,1063,1600,9,2,7
Aquarabia,2025-07-06 00:00:00+00:00,SPG,Splash Grotto,1110,1061,1900,11,1,10
Aquarabia,2025-07-06 00:00:00+00:00,ZZZ,ZipZapZoom,1054,999,1400,10,2,8
Aquarabia,2025-07-06 00:00:00+00:00,TLC,The Lazy Camel,457,414,800,8,2,6
Aquarabia,2025-07-06 00:00:00+00:00,SFT,Surftopia,850,801,1300,9,1,8
Aquarabia,2025-07-06 00:00:00+00:00,HVP,Hyper Viper,1448,1393,2000,8,2,6
Aquarabia,2025-07-06 00:00:00+00:00,JND,Junoon Drop,683,657,1100,10,1,9
Aquarabia,2025-07-06 00:00:00+00:00,JPJ,Jump Jolt,577,511,1000,10,1,9
Aquarabia,2025-07-07 00:00:00+00:00,SST,Sea Stallion,1820,1776,2200,12,1,11
Six Flags,2025-07-07 00:00:00+00:00,AQT,Aquatopia,1347,1326,1800,8,2,6
Six Flags,2025-07-07 00:00:00+00:00,SPF,Spitfire,850,810,1500,9,1,8
Six Flags,2025-07-07 00:00:00+00:00,ARC,Arabian Carousel,734,661,900,8,2,6
Six Flags,2025-07-07 00:00:00+00:00,CYC,Canyon Charters,700,625,1200,10,5,5
Six Flags,2025-07-07 00:00:00+00:00,ADJ,Adventure Junction,659,590,1000,9,1,8
Six Flags,2025-07-07 00:00:00+00:00,TWE,Twilight Express,1389,1329,2000,8,1,7
Six Flags,2025-07-07 00:00:00+00:00,IRT,Iron Rattler,1407,1353,2400,8,4,4
Six Flags,2025-07-07 00:00:00+00:00,SRT,Sirocco Tower,1353,1291,2300,6,1,5
Six Flags,2025-07-07 00:00:00+00:00,FCF,Falcons Flight,1705,1633,2500,8,1,7
Six Flags,2025-07-07 00:00:00+00:00,SKW,Skywatch,1501,1456,2100,9,5,4
Aquarabia,2025-07-07 00:00:00+00:00,RFR,Raft Republic,870,801,1700,9,2,7
Aquarabia,2025-07-07 00:00:00+00:00,AMB,Amwaj Bay,836,740,1600,9,2,7
Aquarabia,2025-07-07 00:00:00+00:00,SPG,Splash Grotto,1254,1185,1900,11,2,9
Aquarabia,2025-07-07 00:00:00+00:00,ZZZ,ZipZapZoom,1040,959,1400,10,2,8
Aquarabia,2025-07-07 00:00:00+00:00,TLC,The Lazy Camel,597,518,800,8,1,7
Aquarabia,2025-07-07 00:00:00+00:00,SFT,Surftopia,893,830,1300,9,2,7
Aquarabia,2025-07-07 00:00:00+00:00,HVP,Hyper Viper,1280,1197,2000,8,1,7
Aquarabia,2025-07-07 00:00:00+00:00,JND,Junoon Drop,803,704,1100,10,1,9
Aquarabia,2025-07-07 00:00:00+00:00,JPJ,Jump Jolt,771,687,1000,10,2,8
Aquarabia,2025-07-08 00:00:00+00:00,SST,Sea Stallion,1405,1369,2200,12,2,10
Six Flags,2025-07-08 00:00:00+00:00,AQT,Aquatopia,1180,1116,1800,8,1,7
Six Flags,2025-07-08 00:00:00+00:00,SPF,Spitfire,1127,1031,1500,9,2,7
Six Flags,2025-07-08 00:00:00+00:00,ARC,Arabian Carousel,642,606,900,8,2,6
Six Flags,2025-07-08 00:00:00+00:00,CYC,Canyon Charters,720,636,1200,10,3,7
Six Flags,2025-07-08 00:00:00+00:00,ADJ,Adventure Junction,740,689,1000,9,2,7
Six Flags,2025-07-08 00:00:00+00:00,TWE,Twilight Express,1291,1271,2000,8,2,6
Six Flags,2025-07-08 00:00:00+00:00,IRT,Iron Rattler,1372,1343,2400,8,4,4
Six Flags,2025-07-08 00:00:00+00:00,SRT,Sirocco Tower,1777,1688,2300,6,1,5
Six Flags,2025-07-08 00:00:00+00:00,FCF,Falcons Flight,1685,1625,2500,8,1,7
Six Flags,2025-07-08 00:00:00+00:00,SKW,Skywatch,1360,1277,2100,9,4,5
Aquarabia,2025-07-08 00:00:00+00:00,RFR,Raft Republic,1032,987,1700,9,2,7
Aquarabia,2025-07-08 00:00:00+00:00,AMB,Amwaj Bay,1075,1040,1600,9,1,8
Aquarabia,2025-07-08 00:00:00+00:00,SPG,Splash Grotto,1000,932,1900,11,2,9
Aquarabia,2025-07-08 00:00:00+00:00,ZZZ,ZipZapZoom,875,820,1400,10,2,8
Aquarabia,2025-07-08 00:00:00+00:00,TLC,The Lazy Camel,624,578,800,8,1,7
Aquarabia,2025-07-08 00:00:00+00:00,SFT,Surftopia,799,725,1300,9,1,8
Aquarabia,2025-07-08 00:00:00+00:00,HVP,Hyper Viper,1124,1069,2000,8,1,7
Aquarabia,2025-07-08 00:00:00+00:00,JND,Junoon Drop,602,540,1100,10,2,8
Aquarabia,2025-07-08 00:00:00+00:00,JPJ,Jump Jolt,537,509,1000,10,1,9
Aquarabia,2025-07-09 00:00:00+00:00,SST,Sea Stallion,1656,1593,2200,12,1,11
Six Flags,2025-07-09 00:00:00+00:00,AQT,Aquatopia,988,952,1800,8,1,7
Six Flags,2025-07-09 00:00:00+00:00,SPF,Spitfire,952,922,1500,9,1,8
Six Flags,2025-07-09 00:00:00+00:00,ARC,Arabian Carousel,711,615,900,8,2,6
Six Flags,2025-07-09 00:00:00+00:00,CYC,Canyon Charters,758,725,1200,10,3,7
Six Flags,2025-07-09 00:00:00+00:00,ADJ,Adventure Junction,826,745,1000,9,2,7
Six Flags,2025-07-09 00:00:00+00:00,TWE,Twilight Express,1231,1168,2000,8,2,6
Six Flags,2025-07-09 00:00:00+00:00,IRT,Iron Rattler,1710,1621,2400,8,3,5
Six Flags,2025-07-09 00:00:00+00:00,SRT,Sirocco Tower,1744,1651,2300,6,1,5
Six Flags,2025-07-09 00:00:00+00:00,FCF,Falcons Flight,2123,2079,2500,8,1,7
Six Flags,2025-07-09 00:00:00+00:00,SKW,Skywatch,1484,1404,2100,9,5,4
Aquarabia,2025-07-09 00:00:00+00:00,RFR,Raft Republic,941,918,1700,9,2,7
Aquarabia,2025-07-09 00:00:00+00:00,AMB,Amwaj Bay,1036,984,1600,9,2,7
Aquarabia,2025-07-09 00:00:00+00:00,SPG,Splash Grotto,1320,1226,1900,11,1,10
Aquarabia,2025-07-09 00:00:00+00:00,ZZZ,ZipZapZoom,983,911,1400,10,2,8
Aquarabia,2025-07-09 00:00:00+00:00,TLC,The Lazy Camel,601,526,800,8,2,6
Aquarabia,2025-07-09 00:00:00+00:00,SFT,Surftopia,871,785,1300,9,1,8
Aquarabia,2025-07-09 00:00:00+00:00,HVP,Hyper Viper,1314,1289,2000,8,1,7
Aquarabia,2025-07-09 00:00:00+00:00,JND,Junoon Drop,618,552,1100,10,2,8
Aquarabia,2025-07-09 00:00:00+00:00,JPJ,Jump Jolt,723,691,1000,10,1,9
Aquarabia,2025-07-10 00:00:00+00:00,SST,Sea Stallion,1503,1428,2200,12,2,10
Six Flags,2025-07-10 00:00:00+00:00,AQT,Aquatopia,1255,1169,1800,8,2,6
Six Flags,2025-07-10 00:00:00+00:00,SPF,Spitfire,902,861,1500,9,2,7
Six Flags,2025-07-10 00:00:00+00:00,ARC,Arabian Carousel,540,479,900,8,2,6
Six Flags,2025-07-10 00:00:00+00:00,CYC,Canyon Charters,712,650,1200,10,5,5
Six Flags,2025-07-10 00:00:00+00:00,ADJ,Adventure Junction,761,723,1000,9,1,8
Six Flags,2025-07-10 00:00:00+00:00,TWE,Twilight Express,1468,1405,2000,8,2,6
Six Flags,2025-07-10 00:00:00+00:00,IRT,Iron Rattler,1919,1828,2400,8,3,5
Six Flags,2025-07-10 00:00:00+00:00,SRT,Sirocco Tower,1517,1445,2300,6,2,4
Six Flags,2025-07-10 00:00:00+00:00,FCF,Falcons Flight,2095,2018,2500,8,2,6
Six Flags,2025-07-10 00:00:00+00:00,SKW,Skywatch,1591,1543,2100,9,5,4
Aquarabia,2025-07-10 00:00:00+00:00,RFR,Raft Republic,1214,1176,1700,9,1,8
Aquarabia,2025-07-10 00:00:00+00:00,AMB,Amwaj Bay,938,907,1600,9,1,8
Aquarabia,2025-07-10 00:00:00+00:00,SPG,Splash Grotto,1260,1209,1900,11,2,9
Aquarabia,2025-07-10 00:00:00+00:00,ZZZ,ZipZapZoom,753,679,1400,10,1,9
Aquarabia,2025-07-10 00:00:00+00:00,TLC,The Lazy Camel,460,402,800,8,1,7
Aquarabia,2025-07-10 00:00:00+00:00,SFT,Surftopia,805,777,1300,9,2,7
Aquarabia,2025-07-10 00:00:00+00:00,HVP,Hyper Viper,1139,1082,2000,8,1,7
Aquarabia,2025-07-10 00:00:00+00:00,JND,Junoon Drop,690,645,1100,10,2,8
Aquarabia,2025-07-10 00:00:00+00:00,JPJ,Jump Jolt,589,564,1000,10,1,9
Aquarabia,2025-07-11 00:00:00+00:00,SST,Sea Stallion,1450,1389,2200,12,2,10
Six Flags,2025-07-11 00:00:00+00:00,AQT,Aquatopia,1214,1181,1800,8,1,7
Six Flags,2025-07-11 00:00:00+00:00,SPF,Spitfire,913,870,1500,9,2,7
Six Flags,2025-07-11 00:00:00+00:00,ARC,Arabian Carousel,554,457,900,8,2,6
Six Flags,2025-07-11 00:00:00+00:00,CYC,Canyon Charters,885,838,1200,10,4,6
Six Flags,2025-07-11 00:00:00+00:00,ADJ,Adventure Junction,662,573,1000,9,1,8
Six Flags,2025-07-11 00:00:00+00:00,TWE,Twilight Express,1324,1301,2000,8,2,6
Six Flags,2025-07-11 00:00:00+00:00,IRT,Iron Rattler,1598,1552,2400,8,5,3
Six Flags,2025-07-11 00:00:00+00:00,SRT,Sirocco Tower,1268,1218,2300,6,1,5
Six Flags,2025-07-11 00:00:00+00:00,FCF,Falcons Flight,1584,1485,2500,8,1,7
Six Flags,2025-07-11 00:00:00+00:00,SKW,Skywatch,1536,1479,2100,9,4,5
Aquarabia,2025-07-11 00:00:00+00:00,RFR,Raft Republic,1147,1087,1700,9,1,8
Aquarabia,2025-07-11 00:00:00+00:00,AMB,Amwaj Bay,1045,983,1600,9,1,8
Aquarabia,2025-07-11 00:00:00+00:00,SPG,Splash Grotto,1001,949,1900,11,2,9
Aquarabia,2025-07-11 00:00:00+00:00,ZZZ,ZipZapZoom,894,863,1400,10,2,8
Aquarabia,2025-07-11 00:00:00+00:00,TLC,The Lazy Camel,556,462,800,8,1,7
Aquarabia,2025-07-11 00:00:00+00:00,SFT,Surftopia,923,877,1300,9,1,8
Aquarabia,2025-07-11 00:00:00+00:00,HVP,Hyper Viper,1118,1094,2000,8,2,6
Aquarabia,2025-07-11 00:00:00+00:00,JND,Junoon Drop,728,634,1100,10,2,8
Aquarabia,2025-07-11 00:00:00+00:00,JPJ,Jump Jolt,572,551,1000,10,2,8
Aquarabia,2025-07-12 00:00:00+00:00,SST,Sea Stallion,1755,1714,2200,12,2,10
Six Flags,2025-07-12 00:00:00+00:00,AQT,Aquatopia,1396,1299,1800,8,2,6
Six Flags,2025-07-12 00:00:00+00:00,SPF,Spitfire,1128,1029,1500,9,1,8
Six Flags,2025-07-12 00:00:00+00:00,ARC,Arabian Carousel,586,545,900,8,2,6
Six Flags,2025-07-12 00:00:00+00:00,CYC,Canyon Charters,901,844,1200,10,5,5
Six Flags,2025-07-12 00:00:00+00:00,ADJ,Adventure Junction,585,522,1000,9,1,8
Six Flags,2025-07-12 00:00:00+00:00,TWE,Twilight Express,1248,1220,2000,8,2,6
Six Flags,2025-07-12 00:00:00+00:00,IRT,Iron Rattler,1749,1715,2400,8,5,3
Six Flags,2025-07-12 00:00:00+00:00,SRT,Sirocco Tower,1304,1272,2300,6,1,5
Six Flags,2025-07-12 00:00:00+00:00,FCF,Falcons Flight,1854,1767,2500,8,1,7
Six Flags,2025-07-12 00:00:00+00:00,SKW,Skywatch,1599,1503,2100,9,4,5
Aquarabia,2025-07-12 00:00:00+00:00,RFR,Raft Republic,1018,947,1700,9,2,7
Aquarabia,2025-07-12 00:00:00+00:00,AMB,Amwaj Bay,1146,1077,1600,9,1,8
Aquarabia,2025-07-12 00:00:00+00:00,SPG,Splash Grotto,1222,1178,1900,11,2,9
Aquarabia,2025-07-12 00:00:00+00:00,ZZZ,ZipZapZoom,973,876,1400,10,1,9
Aquarabia,2025-07-12 00:00:00+00:00,TLC,The Lazy Camel,479,444,800,8,2,6
Aquarabia,2025-07-12 00:00:00+00:00,SFT,Surftopia,803,742,1300,9,1,8
Aquarabia,2025-07-12 00:00:00+00:00,HVP,Hyper Viper,1174,1131,2000,8,2,6
Aquarabia,2025-07-12 00:00:00+00:00,JND,Junoon Drop,817,737,1100,10,2,8
Aquarabia,2025-07-12 00:00:00+00:00,JPJ,Jump Jolt,681,593,1000,10,2,8
Aquarabia,2025-07-13 00:00:00+00:00,SST,Sea Stallion,1529,1497,2200,12,2,10
Six Flags,2025-07-13 00:00:00+00:00,AQT,Aquatopia,1101,1057,1800,8,1,7
Six Flags,2025-07-13 00:00:00+00:00,SPF,Spitfire,1123,1062,1500,9,1,8
Six Flags,2025-07-13 00:00:00+00:00,ARC,Arabian Carousel,605,584,900,8,1,7
Six Flags,2025-07-13 00:00:00+00:00,CYC,Canyon Charters,860,764,1200,10,3,7
Six Flags,2025-07-13 00:00:00+00:00,ADJ,Adventure Junction,593,552,1000,9,1,8
Six Flags,2025-07-13 00:00:00+00:00,TWE,Twilight Express,1271,1228,2000,8,2,6
Six Flags,2025-07-13 00:00:00+00:00,IRT,Iron Rattler,1390,1361,2400,8,4,4
Six Flags,2025-07-13 00:00:00+00:00,SRT,Sirocco Tower,1665,1582,2300,6,2,4
Six Flags,2025-07-13 00:00:00+00:00,FCF,Falcons Flight,2129,2046,2500,8,1,7
Six Flags,2025-07-13 00:00:00+00:00,SKW,Skywatch,1374,1306,2100,9,5,4
Aquarabia,2025-07-13 00:00:00+00:00,RFR,Raft Republic,995,941,1700,9,1,8
Aquarabia,2025-07-13 00:00:00+00:00,AMB,Amwaj Bay,975,944,1600,9,2,7
Aquarabia,2025-07-13 00:00:00+00:00,SPG,Splash Grotto,1056,1004,1900,11,2,9
Aquarabia,2025-07-13 00:00:00+00:00,ZZZ,ZipZapZoom,893,817,1400,10,1,9
Aquarabia,2025-07-13 00:00:00+00:00,TLC,The Lazy Camel,588,523,800,8,1,7
Aquarabia,2025-07-13 00:00:00+00:00,SFT,Surftopia,760,668,1300,9,2,7
Aquarabia,2025-07-13 00:00:00+00:00,HVP,Hyper Viper,1071,1046,2000,8,2,6
Aquarabia,2025-07-13 00:00:00+00:00,JND,Junoon Drop,686,596,1100,10,2,8
Aquarabia,2025-07-13 00:00:00+00:00,JPJ,Jump Jolt,738,689,1000,10,1,9
Aquarabia,2025-07-14 00:00:00+00:00,SST,Sea Stallion,1371,1327,2200,12,1,11
Six Flags,2025-07-14 00:00:00+00:00,AQT,Aquatopia,1190,1122,1800,8,1,7
Six Flags,2025-07-14 00:00:00+00:00,SPF,Spitfire,993,899,1500,9,1,8
Six Flags,2025-07-14 00:00:00+00:00,ARC,Arabian Carousel,554,485,900,8,2,6
Six Flags,2025-07-14 00:00:00+00:00,CYC,Canyon Charters,752,679,1200,10,5,5
Six Flags,2025-07-14 00:00:00+00:00,ADJ,Adventure Junction,780,751,1000,9,2,7
Six Flags,2025-07-14 00:00:00+00:00,TWE,Twilight Express,1468,1400,2000,8,1,7
Six Flags,2025-07-14 00:00:00+00:00,IRT,Iron Rattler,1687,1601,2400,8,4,4
Six Flags,2025-07-14 00:00:00+00:00,SRT,Sirocco Tower,1668,1590,2300,6,1,5
Six Flags,2025-07-14 00:00:00+00:00,FCF,Falcons Flight,1745,1702,2500,8,2,6
Six Flags,2025-07-14 00:00:00+00:00,SKW,Skywatch,1531,1491,2100,9,3,6
Aquarabia,2025-07-14 00:00:00+00:00,RFR,Raft Republic,1084,1004,1700,9,1,8
Aquarabia,2025-07-14 00:00:00+00:00,AMB,Amwaj Bay,1027,1001,1600,9,1,8
Aquarabia,2025-07-14 00:00:00+00:00,SPG,Splash Grotto,1024,976,1900,11,2,9
Aquarabia,2025-07-14 00:00:00+00:00,ZZZ,ZipZapZoom,872,796,1400,10,1,9
Aquarabia,2025-07-14 00:00:00+00:00,TLC,The Lazy Camel,541,470,800,8,1,7
Aquarabia,2025-07-14 00:00:00+00:00,SFT,Surftopia,694,620,1300,9,2,7
Aquarabia,2025-07-14 00:00:00+00:00,HVP,Hyper Viper,1329,1305,2000,8,1,7
Aquarabia,2025-07-14 00:00:00+00:00,JND,Junoon Drop,740,645,1100,10,1,9
Aquarabia,2025-07-14 00:00:00+00:00,JPJ,Jump Jolt,680,652,1000,10,2,8
Aquarabia,2025-07-15 00:00:00+00:00,SST,Sea Stallion,1725,1684,2200,12,1,11
Six Flags,2025-07-15 00:00:00+00:00,AQT,Aquatopia,1318,1219,1800,8,1,7
Six Flags,2025-07-15 00:00:00+00:00,SPF,Spitfire,998,927,1500,9,1,8
Six Flags,2025-07-15 00:00:00+00:00,ARC,Arabian Carousel,599,514,900,8,2,6
Six Flags,2025-07-15 00:00:00+00:00,CYC,Canyon Charters,879,818,1200,10,3,7
Six Flags,2025-07-15 00:00:00+00:00,ADJ,Adventure Junction,674,630,1000,9,2,7
Six Flags,2025-07-15 00:00:00+00:00,TWE,Twilight Express,1484,1450,2000,8,2,6
Six Flags,2025-07-15 00:00:00+00:00,IRT,Iron Rattler,1458,1400,2400,8,3,5
Six Flags,2025-07-15 00:00:00+00:00,SRT,Sirocco Tower,1738,1667,2300,6,1,5
Six Flags,2025-07-15 00:00:00+00:00,FCF,Falcons Flight,1665,1603,2500,8,1,7
Six Flags,2025-07-15 00:00:00+00:00,SKW,Skywatch,1261,1213,2100,9,3,6
Aquarabia,2025-07-15 00:00:00+00:00,RFR,Raft Republic,1102,1007,1700,9,1,8
Aquarabia,2025-07-15 00:00:00+00:00,AMB,Amwaj Bay,1081,997,1600,9,2,7
Aquarabia,2025-07-15 00:00:00+00:00,SPG,Splash Grotto,1362,1319,1900,11,2,9
Aquarabia,2025-07-15 00:00:00+00:00,ZZZ,ZipZapZoom,676,649,1400,10,2,8
Aquarabia,2025-07-15 00:00:00+00:00,TLC,The Lazy Camel,546,489,800,8,2,6
Aquarabia,2025-07-15 00:00:00+00:00,SFT,Surftopia,787,692,1300,9,2,7
Aquarabia,2025-07-15 00:00:00+00:00,HVP,Hyper Viper,1017,941,2000,8,1,7
Aquarabia,2025-07-15 00:00:00+00:00,JND,Junoon Drop,654,624,1100,10,1,9
Aquarabia,2025-07-15 00:00:00+00:00,JPJ,Jump Jolt,632,556,1000,10,1,9
Aquarabia,2025-07-16 00:00:00+00:00,SST,Sea Stallion,1495,1405,2200,12,1,11
Six Flags,2025-07-16 00:00:00+00:00,AQT,Aquatopia,1097,1074,1800,8,1,7
Six Flags,2025-07-16 00:00:00+00:00,SPF,Spitfire,972,894,1500,9,2,7
Six Flags,2025-07-16 00:00:00+00:00,ARC,Arabian Carousel,607,552,900,8,2,6
Six Flags,2025-07-16 00:00:00+00:00,CYC,Canyon Charters,796,759,1200,10,5,5
Six Flags,2025-07-16 00:00:00+00:00,ADJ,Adventure Junction,591,541,1000,9,2,7
Six Flags,2025-07-16 00:00:00+00:00,TWE,Twilight Express,1318,1228,2000,8,1,7
Six Flags,2025-07-16 00:00:00+00:00,IRT,Iron Rattler,1308,1259,2400,8,4,4
Six Flags,2025-07-16 00:00:00+00:00,SRT,Sirocco Tower,1553,1518,2300,6,2,4
Six Flags,2025-07-16 00:00:00+00:00,FCF,Falcons Flight,1694,1615,2500,8,1,7
Six Flags,2025-07-16 00:00:00+00:00,SKW,Skywatch,1150,1076,2100,9,5,4
Aquarabia,2025-07-16 00:00:00+00:00,RFR,Raft Republic,1084,1033,1700,9,2,7
Aquarabia,2025-07-16 00:00:00+00:00,AMB,Amwaj Bay,1032,999,1600,9,2,7
Aquarabia,2025-07-16 00:00:00+00:00,SPG,Splash Grotto,1375,1279,1900,11,1,10
Aquarabia,2025-07-16 00:00:00+00:00,ZZZ,ZipZapZoom,759,706,1400,10,1,9
Aquarabia,2025-07-16 00:00:00+00:00,TLC,The Lazy Camel,563,467,800,8,2,6
Aquarabia,2025-07-16 00:00:00+00:00,SFT,Surftopia,778,737,1300,9,1,8
Aquarabia,2025-07-16 00:00:00+00:00,HVP,Hyper Viper,1482,1413,2000,8,1,7
Aquarabia,2025-07-16 00:00:00+00:00,JND,Junoon Drop,650,567,1100,10,1,9
Aquarabia,2025-07-16 00:00:00+00:00,JPJ,Jump Jolt,680,629,1000,10,2,8
Aquarabia,2025-07-17 00:00:00+00:00,SST,Sea Stallion,1667,1605,2200,12,2,10
Six Flags,2025-07-17 00:00:00+00:00,AQT,Aquatopia,1094,1068,1800,8,1,7
Six Flags,2025-07-17 00:00:00+00:00,SPF,Spitfire,901,845,1500,9,2,7
Six Flags,2025-07-17 00:00:00+00:00,ARC,Arabian Carousel,543,520,900,8,2,6
Six Flags,2025-07-17 00:00:00+00:00,CYC,Canyon Charters,962,876,1200,10,3,7
Six Flags,2025-07-17 00:00:00+00:00,ADJ,Adventure Junction,703,619,1000,9,2,7
Six Flags,2025-07-17 00:00:00+00:00,TWE,Twilight Express,1274,1182,2000,8,1,7
Six Flags,2025-07-17 00:00:00+00:00,IRT,Iron Rattler,1432,1412,2400,8,4,4
Six Flags,2025-07-17 00:00:00+00:00,SRT,Sirocco Tower,1649,1593,2300,6,1,5
Six Flags,2025-07-17 00:00:00+00:00,FCF,Falcons Flight,1770,1713,2500,8,2,6
Six Flags,2025-07-17 00:00:00+00:00,SKW,Skywatch,1580,1496,2100,9,4,5
Aquarabia,2025-07-17 00:00:00+00:00,RFR,Raft Republic,965,880,1700,9,1,8
Aquarabia,2025-07-17 00:00:00+00:00,AMB,Amwaj Bay,856,818,1600,9,2,7
Aquarabia,2025-07-17 00:00:00+00:00,SPG,Splash Grotto,1292,1217,1900,11,2,9
Aquarabia,2025-07-17 00:00:00+00:00,ZZZ,ZipZapZoom,951,864,1400,10,1,9
Aquarabia,2025-07-17 00:00:00+00:00,TLC,The Lazy Camel,534,482,800,8,1,7
Aquarabia,2025-07-17 00:00:00+00:00,SFT,Surftopia,680,650,1300,9,1,8
Aquarabia,2025-07-17 00:00:00+00:00,HVP,Hyper Viper,1077,1053,2000,8,2,6
Aquarabia,2025-07-17 00:00:00+00:00,JND,Junoon Drop,726,637,1100,10,1,9
Aquarabia,2025-07-17 00:00:00+00:00,JPJ,Jump Jolt,607,581,1000,10,1,9
Aquarabia,2025-07-18 00:00:00+00:00,SST,Sea Stallion,1345,1281,2200,12,2,10
Six Flags,2025-07-18 00:00:00+00:00,AQT,Aquatopia,986,891,1800,8,1,7
Six Flags,2025-07-18 00:00:00+00:00,SPF,Spitfire,1094,1022,1500,9,2,7
Six Flags,2025-07-18 00:00:00+00:00,ARC,Arabian Carousel,544,465,900,8,2,6
Six Flags,2025-07-18 00:00:00+00:00,CYC,Canyon Charters,827,771,1200,10,5,5
Six Flags,2025-07-18 00:00:00+00:00,ADJ,Adventure Junction,606,538,1000,9,2,7
Six Flags,2025-07-18 00:00:00+00:00,TWE,Twilight Express,1246,1201,2000,8,1,7
Six Flags,2025-07-18 00:00:00+00:00,IRT,Iron Rattler,1495,1470,2400,8,4,4
Six Flags,2025-07-18 00:00:00+00:00,SRT,Sirocco Tower,1375,1330,2300,6,1,5
Six Flags,2025-07-18 00:00:00+00:00,FCF,Falcons Flight,1822,1788,2500,8,1,7
Six Flags,2025-07-18 00:00:00+00:00,SKW,Skywatch,1204,1133,2100,9,3,6
Aquarabia,2025-07-18 00:00:00+00:00,RFR,Raft Republic,1078,1017,1700,9,2,7
Aquarabia,2025-07-18 00:00:00+00:00,AMB,Amwaj Bay,1089,1013,1600,9,2,7
Aquarabia,2025-07-18 00:00:00+00:00,SPG,Splash Grotto,995,958,1900,11,2,9
Aquarabia,2025-07-18 00:00:00+00:00,ZZZ,ZipZapZoom,939,886,1400,10,2,8
Aquarabia,2025-07-18 00:00:00+00:00,TLC,The Lazy Camel,539,462,800,8,2,6
Aquarabia,2025-07-18 00:00:00+00:00,SFT,Surftopia,781,745,1300,9,2,7
Aquarabia,2025-07-18 00:00:00+00:00,HVP,Hyper Viper,1549,1464,2000,8,1,7
Aquarabia,2025-07-18 00:00:00+00:00,JND,Junoon Drop,648,576,1100,10,1,9
Aquarabia,2025-07-18 00:00:00+00:00,JPJ,Jump Jolt,697,672,1000,10,2,8
Aquarabia,2025-07-19 00:00:00+00:00,SST,Sea Stallion,1364,1326,2200,12,1,11
Six Flags,2025-07-19 00:00:00+00:00,AQT,Aquatopia,1165,1096,1800,8,2,6
Six Flags,2025-07-19 00:00:00+00:00,SPF,Spitfire,1044,983,1500,9,2,7
Six Flags,2025-07-19 00:00:00+00:00,ARC,Arabian Carousel,646,556,900,8,2,6
Six Flags,2025-07-19 00:00:00+00:00,CYC,Canyon Charters,757,716,1200,10,4,6
Six Flags,2025-07-19 00:00:00+00:00,ADJ,Adventure Junction,604,541,1000,9,1,8
Six Flags,2025-07-19 00:00:00+00:00,TWE,Twilight Express,1250,1153,2000,8,2,6
Six Flags,2025-07-19 00:00:00+00:00,IRT,Iron Rattler,1464,1429,2400,8,4,4
Six Flags,2025-07-19 00:00:00+00:00,SRT,Sirocco Tower,1680,1588,2300,6,1,5
Six Flags,2025-07-19 00:00:00+00:00,FCF,Falcons Flight,1995,1907,2500,8,1,7
Six Flags,2025-07-19 00:00:00+00:00,SKW,Skywatch,1510,1418,2100,9,3,6
Aquarabia,2025-07-19 00:00:00+00:00,RFR,Raft Republic,871,832,1700,9,2,7
Aquarabia,2025-07-19 00:00:00+00:00,AMB,Amwaj Bay,1012,936,1600,9,2,7
Aquarabia,2025-07-19 00:00:00+00:00,SPG,Splash Grotto,1362,1309,1900,11,2,9
Aquarabia,2025-07-19 00:00:00+00:00,ZZZ,ZipZapZoom,768,744,1400,10,1,9
Aquarabia,2025-07-19 00:00:00+00:00,TLC,The Lazy Camel,507,416,800,8,2,6
Aquarabia,2025-07-19 00:00:00+00:00,SFT,Surftopia,913,874,1300,9,1,8
Aquarabia,2025-07-19 00:00:00+00:00,HVP,Hyper Viper,1405,1306,2000,8,2,6
Aquarabia,2025-07-19 00:00:00+00:00,JND,Junoon Drop,776,696,1100,10,1,9
Aquarabia,2025-07-19 00:00:00+00:00,JPJ,Jump Jolt,602,513,1000,10,2,8
Aquarabia,2025-07-20 00:00:00+00:00,SST,Sea Stallion,1860,1829,2200,12,2,10
Six Flags,2025-07-20 00:00:00+00:00,AQT,Aquatopia,1253,1217,1800,8,2,6
Six Flags,2025-07-20 00:00:00+00:00,SPF,Spitfire,965,943,1500,9,1,8
Six Flags,2025-07-20 00:00:00+00:00,ARC,Arabian Carousel,588,513,900,8,1,7
Six Flags,2025-07-20 00:00:00+00:00,CYC,Canyon Charters,795,735,1200,10,3,7
Six Flags,2025-07-20 00:00:00+00:00,ADJ,Adventure Junction,592,551,1000,9,2,7
Six Flags,2025-07-20 00:00:00+00:00,TWE,Twilight Express,1173,1082,2000,8,1,7
Six Flags,2025-07-20 00:00:00+00:00,IRT,Iron Rattler,1944,1869,2400,8,3,5
Six Flags,2025-07-20 00:00:00+00:00,SRT,Sirocco Tower,1799,1700,2300,6,1,5
Six Flags,2025-07-20 00:00:00+00:00,FCF,Falcons Flight,2048,1998,2500,8,2,6
Six Flags,2025-07-20 00:00:00+00:00,SKW,Skywatch,1504,1467,2100,9,3,6
Aquarabia,2025-07-20 00:00:00+00:00,RFR,Raft Republic,1187,1156,1700,9,2,7
Aquarabia,2025-07-20 00:00:00+00:00,AMB,Amwaj Bay,840,789,1600,9,1,8
Aquarabia,2025-07-20 00:00:00+00:00,SPG,Splash Grotto,1217,1194,1900,11,1,10
Aquarabia,2025-07-20 00:00:00+00:00,ZZZ,ZipZapZoom,900,861,1400,10,1,9
Aquarabia,2025-07-20 00:00:00+00:00,TLC,The Lazy Camel,638,554,800,8,1,7
Aquarabia,2025-07-20 00:00:00+00:00,SFT,Surftopia,916,889,1300,9,2,7
Aquarabia,2025-07-20 00:00:00+00:00,HVP,Hyper Viper,1120,1045,2000,8,1,7
Aquarabia,2025-07-20 00:00:00+00:00,JND,Junoon Drop,606,546,1100,10,1,9
Aquarabia,2025-07-20 00:00:00+00:00,JPJ,Jump Jolt,580,536,1000,10,1,9
Aquarabia,2025-07-21 00:00:00+00:00,SST,Sea Stallion,1322,1281,2200,12,2,10
Six Flags,2025-07-21 00:00:00+00:00,AQT,Aquatopia,1036,991,1800,8,1,7
Six Flags,2025-07-21 00:00:00+00:00,SPF,Spitfire,929,891,1500,9,1,8
Six Flags,2025-07-21 00:00:00+00:00,ARC,Arabian Carousel,568,531,900,8,1,7
Six Flags,2025-07-21 00:00:00+00:00,CYC,Canyon Charters,921,857,1200,10,4,6
Six Flags,2025-07-21 00:00:00+00:00,ADJ,Adventure Junction,783,700,1000,9,1,8
Six Flags,2025-07-21 00:00:00+00:00,TWE,Twilight Express,1204,1171,2000,8,2,6
Six Flags,2025-07-21 00:00:00+00:00,IRT,Iron Rattler,1700,1615,2400,8,4,4
Six Flags,2025-07-21 00:00:00+00:00,SRT,Sirocco Tower,1644,1567,2300,6,1,5
Six Flags,2025-07-21 00:00:00+00:00,FCF,Falcons Flight,1737,1680,2500,8,1,7
Six Flags,2025-07-21 00:00:00+00:00,SKW,Skywatch,1315,1262,2100,9,3,6
Aquarabia,2025-07-21 00:00:00+00:00,RFR,Raft Republic,907,887,1700,9,2,7
Aquarabia,2025-07-21 00:00:00+00:00,AMB,Amwaj Bay,856,823,1600,9,2,7
Aquarabia,2025-07-21 00:00:00+00:00,SPG,Splash Grotto,1100,1002,1900,11,2,9
Aquarabia,2025-07-21 00:00:00+00:00,ZZZ,ZipZapZoom,882,816,1400,10,2,8
Aquarabia,2025-07-21 00:00:00+00:00,TLC,The Lazy Camel,568,538,800,8,1,7
Aquarabia,2025-07-21 00:00:00+00:00,SFT,Surftopia,717,668,1300,9,1,8
Aquarabia,2025-07-21 00:00:00+00:00,HVP,Hyper Viper,1231,1176,2000,8,2,6
Aquarabia,2025-07-21 00:00:00+00:00,JND,Junoon Drop,663,588,1100,10,1,9
Aquarabia,2025-07-21 00:00:00+00:00,JPJ,Jump Jolt,610,585,1000,10,2,8
Aquarabia,2025-07-22 00:00:00+00:00,SST,Sea Stallion,1803,1756,2200,12,1,11
Six Flags,2025-07-22 00:00:00+00:00,AQT,Aquatopia,1343,1319,1800,8,1,7
Six Flags,2025-07-22 00:00:00+00:00,SPF,Spitfire,949,857,1500,9,2,7
Six Flags,2025-07-22 00:00:00+00:00,ARC,Arabian Carousel,605,552,900,8,1,7
Six Flags,2025-07-22 00:00:00+00:00,CYC,Canyon Charters,896,808,1200,10,3,7
Six Flags,2025-07-22 00:00:00+00:00,ADJ,Adventure Junction,665,633,1000,9,2,7
Six Flags,2025-07-22 00:00:00+00:00,TWE,Twilight Express,1122,1033,2000,8,1,7
Six Flags,2025-07-22 00:00:00+00:00,IRT,Iron Rattler,1431,1405,2400,8,4,4
Six Flags,2025-07-22 00:00:00+00:00,SRT,Sirocco Tower,1271,1209,2300,6,2,4
Six Flags,2025-07-22 00:00:00+00:00,FCF,Falcons Flight,2294,2227,2500,8,2,6
Six Flags,2025-07-22 00:00:00+00:00,SKW,Skywatch,1342,1316,2100,9,4,5
Aquarabia,2025-07-22 00:00:00+00:00,RFR,Raft Republic,1025,946,1700,9,1,8
Aquarabia,2025-07-22 00:00:00+00:00,AMB,Amwaj Bay,1051,1016,1600,9,1,8
Aquarabia,2025-07-22 00:00:00+00:00,SPG,Splash Grotto,1226,1147,1900,11,1,10
Aquarabia,2025-07-22 00:00:00+00:00,ZZZ,ZipZapZoom,885,857,1400,10,2,8
Aquarabia,2025-07-22 00:00:00+00:00,TLC,The Lazy Camel,547,457,800,8,1,7
Aquarabia,2025-07-22 00:00:00+00:00,SFT,Surftopia,855,770,1300,9,1,8
Aquarabia,2025-07-22 00:00:00+00:00,HVP,Hyper Viper,1191,1150,2000,8,1,7
Aquarabia,2025-07-22 00:00:00+00:00,JND,Junoon Drop,753,707,1100,10,1,9
Aquarabia,2025-07-22 00:00:00+00:00,JPJ,Jump Jolt,558,465,1000,10,1,9
Aquarabia,2025-07-23 00:00:00+00:00,SST,Sea Stallion,1746,1700,2200,12,2,10
Six Flags,2025-07-23 00:00:00+00:00,AQT,Aquatopia,1156,1116,1800,8,2,6
Six Flags,2025-07-23 00:00:00+00:00,SPF,Spitfire,973,951,1500,9,1,8
Six Flags,2025-07-23 00:00:00+00:00,ARC,Arabian Carousel,707,640,900,8,1,7
Six Flags,2025-07-23 00:00:00+00:00,CYC,Canyon Charters,813,733,1200,10,3,7
Six Flags,2025-07-23 00:00:00+00:00,ADJ,Adventure Junction,655,618,1000,9,1,8
Six Flags,2025-07-23 00:00:00+00:00,TWE,Twilight Express,1502,1422,2000,8,2,6
Six Flags,2025-07-23 00:00:00+00:00,IRT,Iron Rattler,1392,1329,2400,8,3,5
Six Flags,2025-07-23 00:00:00+00:00,SRT,Sirocco Tower,1678,1630,2300,6,1,5
Six Flags,2025-07-23 00:00:00+00:00,FCF,Falcons Flight,1731,1672,2500,8,2,6
Six Flags,2025-07-23 00:00:00+00:00,SKW,Skywatch,1223,1167,2100,9,3,6
Aquarabia,2025-07-23 00:00:00+00:00,RFR,Raft Republic,1066,969,1700,9,2,7
Aquarabia,2025-07-23 00:00:00+00:00,AMB,Amwaj Bay,1166,1136,1600,9,2,7
Aquarabia,2025-07-23 00:00:00+00:00,SPG,Splash Grotto,1059,1026,1900,11,1,10
Aquarabia,2025-07-23 00:00:00+00:00,ZZZ,ZipZapZoom,933,852,1400,10,1,9
Aquarabia,2025-07-23 00:00:00+00:00,TLC,The Lazy Camel,506,451,800,8,2,6
Aquarabia,2025-07-23 00:00:00+00:00,SFT,Surftopia,906,809,1300,9,1,8
Aquarabia,2025-07-23 00:00:00+00:00,HVP,Hyper Viper,1178,1085,2000,8,2,6
Aquarabia,2025-07-23 00:00:00+00:00,JND,Junoon Drop,717,688,1100,10,2,8
Aquarabia,2025-07-23 00:00:00+00:00,JPJ,Jump Jolt,642,591,1000,10,2,8
Aquarabia,2025-07-24 00:00:00+00:00,SST,Sea Stallion,1449,1380,2200,12,1,11
Six Flags,2025-07-24 00:00:00+00:00,AQT,Aquatopia,1055,1017,1800,8,1,7
Six Flags,2025-07-24 00:00:00+00:00,SPF,Spitfire,1122,1082,1500,9,2,7
Six Flags,2025-07-24 00:00:00+00:00,ARC,Arabian Carousel,603,504,900,8,2,6
Six Flags,2025-07-24 00:00:00+00:00,CYC,Canyon Charters,729,658,1200,10,4,6
Six Flags,2025-07-24 00:00:00+00:00,ADJ,Adventure Junction,618,560,1000,9,1,8
Six Flags,2025-07-24 00:00:00+00:00,TWE,Twilight Express,1368,1306,2000,8,1,7
Six Flags,2025-07-24 00:00:00+00:00,IRT,Iron Rattler,1514,1443,2400,8,3,5
Six Flags,2025-07-24 00:00:00+00:00,SRT,Sirocco Tower,1372,1338,2300,6,2,4
Six Flags,2025-07-24 00:00:00+00:00,FCF,Falcons Flight,1732,1659,2500,8,1,7
Six Flags,2025-07-24 00:00:00+00:00,SKW,Skywatch,1428,1342,2100,9,5,4
Aquarabia,2025-07-24 00:00:00+00:00,RFR,Raft Republic,1205,1172,1700,9,2,7
Aquarabia,2025-07-24 00:00:00+00:00,AMB,Amwaj Bay,1008,933,1600,9,1,8
Aquarabia,2025-07-24 00:00:00+00:00,SPG,Splash Grotto,1223,1200,1900,11,2,9
Aquarabia,2025-07-24 00:00:00+00:00,ZZZ,ZipZapZoom,967,938,1400,10,1,9
Aquarabia,2025-07-24 00:00:00+00:00,TLC,The Lazy Camel,570,511,800,8,1,7
Aquarabia,2025-07-24 00:00:00+00:00,SFT,Surftopia,705,685,1300,9,2,7
Aquarabia,2025-07-24 00:00:00+00:00,HVP,Hyper Viper,1183,1123,2000,8,1,7
Aquarabia,2025-07-24 00:00:00+00:00,JND,Junoon Drop,772,730,1100,10,1,9
Aquarabia,2025-07-24 00:00:00+00:00,JPJ,Jump Jolt,644,613,1000,10,2,8
Aquarabia,2025-07-25 00:00:00+00:00,SST,Sea Stallion,1494,1422,2200,12,1,11
Six Flags,2025-07-25 00:00:00+00:00,AQT,Aquatopia,1269,1244,1800,8,1,7
Six Flags,2025-07-25 00:00:00+00:00,SPF,Spitfire,874,845,1500,9,2,7
Six Flags,2025-07-25 00:00:00+00:00,ARC,Arabian Carousel,661,565,900,8,2,6
Six Flags,2025-07-25 00:00:00+00:00,CYC,Canyon Charters,862,815,1200,10,3,7
Six Flags,2025-07-25 00:00:00+00:00,ADJ,Adventure Junction,597,543,1000,9,1,8
Six Flags,2025-07-25 00:00:00+00:00,TWE,Twilight Express,1232,1179,2000,8,2,6
Six Flags,2025-07-25 00:00:00+00:00,IRT,Iron Rattler,1461,1364,2400,8,4,4
Six Flags,2025-07-25 00:00:00+00:00,SRT,Sirocco Tower,1446,1350,2300,6,1,5
Six Flags,2025-07-25 00:00:00+00:00,FCF,Falcons Flight,1776,1728,2500,8,2,6
Six Flags,2025-07-25 00:00:00+00:00,SKW,Skywatch,1580,1544,2100,9,3,6
Aquarabia,2025-07-25 00:00:00+00:00,RFR,Raft Republic,1068,1010,1700,9,1,8
Aquarabia,2025-07-25 00:00:00+00:00,AMB,Amwaj Bay,847,787,1600,9,1,8
Aquarabia,2025-07-25 00:00:00+00:00,SPG,Splash Grotto,1265,1184,1900,11,2,9
Aquarabia,2025-07-25 00:00:00+00:00,ZZZ,ZipZapZoom,776,725,1400,10,1,9
Aquarabia,2025-07-25 00:00:00+00:00,TLC,The Lazy Camel,507,463,800,8,1,7
Aquarabia,2025-07-25 00:00:00+00:00,SFT,Surftopia,857,789,1300,9,1,8
Aquarabia,2025-07-25 00:00:00+00:00,HVP,Hyper Viper,1290,1249,2000,8,2,6
Aquarabia,2025-07-25 00:00:00+00:00,JND,Junoon Drop,660,597,1100,10,2,8
Aquarabia,2025-07-25 00:00:00+00:00,JPJ,Jump Jolt,633,555,1000,10,2,8
Aquarabia,2025-07-26 00:00:00+00:00,SST,Sea Stallion,1520,1497,2200,12,2,10
Six Flags,2025-07-26 00:00:00+00:00,AQT,Aquatopia,1022,996,1800,8,2,6
Six Flags,2025-07-26 00:00:00+00:00,SPF,Spitfire,776,739,1500,9,1,8
Six Flags,2025-07-26 00:00:00+00:00,ARC,Arabian Carousel,588,541,900,8,2,6
Six Flags,2025-07-26 00:00:00+00:00,CYC,Canyon Charters,865,768,1200,10,4,6
Six Flags,2025-07-26 00:00:00+00:00,ADJ,Adventure Junction,768,697,1000,9,2,7
Six Flags,2025-07-26 00:00:00+00:00,TWE,Twilight Express,1165,1101,2000,8,1,7
Six Flags,2025-07-26 00:00:00+00:00,IRT,Iron Rattler,1496,1430,2400,8,5,3
Six Flags,2025-07-26 00:00:00+00:00,SRT,Sirocco Tower,1543,1503,2300,6,1,5
Six Flags,2025-07-26 00:00:00+00:00,FCF,Falcons Flight,1858,1767,2500,8,2,6
Six Flags,2025-07-26 00:00:00+00:00,SKW,Skywatch,1475,1433,2100,9,5,4
Aquarabia,2025-07-26 00:00:00+00:00,RFR,Raft Republic,1319,1242,1700,9,1,8
Aquarabia,2025-07-26 00:00:00+00:00,AMB,Amwaj Bay,872,804,1600,9,2,7
Aquarabia,2025-07-26 00:00:00+00:00,SPG,Splash Grotto,1090,1050,1900,11,1,10
Aquarabia,2025-07-26 00:00:00+00:00,ZZZ,ZipZapZoom,777,754,1400,10,1,9
Aquarabia,2025-07-26 00:00:00+00:00,TLC,The Lazy Camel,554,489,800,8,2,6
Aquarabia,2025-07-26 00:00:00+00:00,SFT,Surftopia,823,731,1300,9,2,7
Aquarabia,2025-07-26 00:00:00+00:00,HVP,Hyper Viper,1177,1138,2000,8,2,6
Aquarabia,2025-07-26 00:00:00+00:00,JND,Junoon Drop,644,598,1100,10,1,9
Aquarabia,2025-07-26 00:00:00+00:00,JPJ,Jump Jolt,554,476,1000,10,2,8
Aquarabia,2025-07-27 00:00:00+00:00,SST,Sea Stallion,1411,1321,2200,12,2,10
Six Flags,2025-07-27 00:00:00+00:00,AQT,Aquatopia,1362,1329,1800,8,2,6
Six Flags,2025-07-27 00:00:00+00:00,SPF,Spitfire,1097,1040,1500,9,2,7
Six Flags,2025-07-27 00:00:00+00:00,ARC,Arabian Carousel,636,611,900,8,2,6
Six Flags,2025-07-27 00:00:00+00:00,CYC,Canyon Charters,695,651,1200,10,4,6
Six Flags,2025-07-27 00:00:00+00:00,ADJ,Adventure Junction,730,667,1000,9,2,7
Six Flags,2025-07-27 00:00:00+00:00,TWE,Twilight Express,1201,1167,2000,8,1,7
Six Flags,2025-07-27 00:00:00+00:00,IRT,Iron Rattler,1355,1320,2400,8,5,3
Six Flags,2025-07-27 00:00:00+00:00,SRT,Sirocco Tower,1410,1346,2300,6,2,4
Six Flags,2025-07-27 00:00:00+00:00,FCF,Falcons Flight,1802,1763,2500,8,1,7
Six Flags,2025-07-27 00:00:00+00:00,SKW,Skywatch,1177,1155,2100,9,5,4
Aquarabia,2025-07-27 00:00:00+00:00,RFR,Raft Republic,1058,968,1700,9,1,8
Aquarabia,2025-07-27 00:00:00+00:00,AMB,Amwaj Bay,898,835,1600,9,2,7
Aquarabia,2025-07-27 00:00:00+00:00,SPG,Splash Grotto,1037,971,1900,11,2,9
Aquarabia,2025-07-27 00:00:00+00:00,ZZZ,ZipZapZoom,715,685,1400,10,2,8
Aquarabia,2025-07-27 00:00:00+00:00,TLC,The Lazy Camel,595,520,800,8,2,6
Aquarabia,2025-07-27 00:00:00+00:00,SFT,Surftopia,796,707,1300,9,1,8
Aquarabia,2025-07-27 00:00:00+00:00,HVP,Hyper Viper,1310,1234,2000,8,1,7
Aquarabia,2025-07-27 00:00:00+00:00,JND,Junoon Drop,692,637,1100,10,2,8
Aquarabia,2025-07-27 00:00:00+00:00,JPJ,Jump Jolt,680,617,1000,10,1,9
Aquarabia,2025-07-28 00:00:00+00:00,SST,Sea Stallion,1404,1347,2200,12,1,11
Six Flags,2025-07-28 00:00:00+00:00,AQT,Aquatopia,1155,1085,1800,8,2,6
Six Flags,2025-07-28 00:00:00+00:00,SPF,Spitfire,977,890,1500,9,1,8
Six Flags,2025-07-28 00:00:00+00:00,ARC,Arabian Carousel,625,575,900,8,1,7
Six Flags,2025-07-28 00:00:00+00:00,CYC,Canyon Charters,910,812,1200,10,3,7
Six Flags,2025-07-28 00:00:00+00:00,ADJ,Adventure Junction,658,627,1000,9,2,7
Six Flags,2025-07-28 00:00:00+00:00,TWE,Twilight Express,1358,1265,2000,8,2,6
Six Flags,2025-07-28 00:00:00+00:00,IRT,Iron Rattler,1883,1804,2400,8,3,5
Six Flags,2025-07-28 00:00:00+00:00,SRT,Sirocco Tower,1644,1579,2300,6,1,5
Six Flags,2025-07-28 00:00:00+00:00,FCF,Falcons Flight,1906,1846,2500,8,1,7
Six Flags,2025-07-28 00:00:00+00:00,SKW,Skywatch,1291,1201,2100,9,3,6
Aquarabia,2025-07-28 00:00:00+00:00,RFR,Raft Republic,1047,1027,1700,9,1,8
Aquarabia,2025-07-28 00:00:00+00:00,AMB,Amwaj Bay,1089,1053,1600,9,2,7
Aquarabia,2025-07-28 00:00:00+00:00,SPG,Splash Grotto,989,969,1900,11,2,9
Aquarabia,2025-07-28 00:00:00+00:00,ZZZ,ZipZapZoom,768,715,1400,10,1,9
Aquarabia,2025-07-28 00:00:00+00:00,TLC,The Lazy Camel,489,406,800,8,1,7
Aquarabia,2025-07-28 00:00:00+00:00,SFT,Surftopia,744,667,1300,9,1,8
Aquarabia,2025-07-28 00:00:00+00:00,HVP,Hyper Viper,1349,1278,2000,8,2,6
Aquarabia,2025-07-28 00:00:00+00:00,JND,Junoon Drop,679,641,1100,10,2,8
Aquarabia,2025-07-28 00:00:00+00:00,JPJ,Jump Jolt,784,729,1000,10,1,9
Aquarabia,2025-07-29 00:00:00+00:00,SST,Sea Stallion,1537,1464,2200,12,2,10
Six Flags,2025-07-29 00:00:00+00:00,AQT,Aquatopia,1283,1251,1800,8,2,6
Six Flags,2025-07-29 00:00:00+00:00,SPF,Spitfire,1104,1037,1500,9,2,7
Six Flags,2025-07-29 00:00:00+00:00,ARC,Arabian Carousel,642,600,900,8,1,7
Six Flags,2025-07-29 00:00:00+00:00,CYC,Canyon Charters,624,580,1200,10,3,7
Six Flags,2025-07-29 00:00:00+00:00,ADJ,Adventure Junction,637,564,1000,9,1,8
Six Flags,2025-07-29 00:00:00+00:00,TWE,Twilight Express,1517,1430,2000,8,1,7
Six Flags,2025-07-29 00:00:00+00:00,IRT,Iron Rattler,1486,1404,2400,8,3,5
Six Flags,2025-07-29 00:00:00+00:00,SRT,Sirocco Tower,1827,1735,2300,6,2,4
Six Flags,2025-07-29 00:00:00+00:00,FCF,Falcons Flight,2001,1928,2500,8,1,7
Six Flags,2025-07-29 00:00:00+00:00,SKW,Skywatch,1410,1335,2100,9,5,4
Aquarabia,2025-07-29 00:00:00+00:00,RFR,Raft Republic,828,792,1700,9,2,7
Aquarabia,2025-07-29 00:00:00+00:00,AMB,Amwaj Bay,982,927,1600,9,2,7
Aquarabia,2025-07-29 00:00:00+00:00,SPG,Splash Grotto,988,957,1900,11,1,10
Aquarabia,2025-07-29 00:00:00+00:00,ZZZ,ZipZapZoom,1026,965,1400,10,1,9
Aquarabia,2025-07-29 00:00:00+00:00,TLC,The Lazy Camel,614,549,800,8,1,7
Aquarabia,2025-07-29 00:00:00+00:00,SFT,Surftopia,702,643,1300,9,2,7
Aquarabia,2025-07-29 00:00:00+00:00,HVP,Hyper Viper,1164,1115,2000,8,2,6
Aquarabia,2025-07-29 00:00:00+00:00,JND,Junoon Drop,727,630,1100,10,2,8
Aquarabia,2025-07-29 00:00:00+00:00,JPJ,Jump Jolt,829,745,1000,10,1,9
Aquarabia,2025-07-30 00:00:00+00:00,SST,Sea Stallion,1494,1431,2200,12,1,11
Six Flags,2025-07-30 00:00:00+00:00,AQT,Aquatopia,1175,1155,1800,8,1,7
Six Flags,2025-07-30 00:00:00+00:00,SPF,Spitfire,1164,1071,1500,9,1,8
Six Flags,2025-07-30 00:00:00+00:00,ARC,Arabian Carousel,697,601,900,8,2,6
Six Flags,2025-07-30 00:00:00+00:00,CYC,Canyon Charters,892,801,1200,10,3,7
Six Flags,2025-07-30 00:00:00+00:00,ADJ,Adventure Junction,628,572,1000,9,1,8
Six Flags,2025-07-30 00:00:00+00:00,TWE,Twilight Express,1300,1204,2000,8,1,7
Six Flags,2025-07-30 00:00:00+00:00,IRT,Iron Rattler,1967,1870,2400,8,5,3
Six Flags,2025-07-30 00:00:00+00:00,SRT,Sirocco Tower,1647,1550,2300,6,2,4
Six Flags,2025-07-30 00:00:00+00:00,FCF,Falcons Flight,2021,1962,2500,8,2,6
Six Flags,2025-07-30 00:00:00+00:00,SKW,Skywatch,1521,1425,2100,9,4,5
Aquarabia,2025-07-30 00:00:00+00:00,RFR,Raft Republic,962,904,1700,9,1,8
Aquarabia,2025-07-30 00:00:00+00:00,AMB,Amwaj Bay,1018,998,1600,9,1,8
Aquarabia,2025-07-30 00:00:00+00:00,SPG,Splash Grotto,1407,1357,1900,11,1,10
Aquarabia,2025-07-30 00:00:00+00:00,ZZZ,ZipZapZoom,796,703,1400,10,1,9
Aquarabia,2025-07-30 00:00:00+00:00,TLC,The Lazy Camel,544,522,800,8,1,7
Aquarabia,2025-07-30 00:00:00+00:00,SFT,Surftopia,699,664,1300,9,1,8
Aquarabia,2025-07-30 00:00:00+00:00,HVP,Hyper Viper,1159,1097,2000,8,2,6
Aquarabia,2025-07-30 00:00:00+00:00,JND,Junoon Drop,821,782,1100,10,2,8
Aquarabia,2025-07-30 00:00:00+00:00,JPJ,Jump Jolt,532,477,1000,10,1,9
Aquarabia,2025-07-31 00:00:00+00:00,SST,Sea Stallion,1545,1524,2200,12,2,10
Six Flags,2025-07-31 00:00:00+00:00,AQT,Aquatopia,1017,990,1800,8,2,6
Six Flags,2025-07-31 00:00:00+00:00,SPF,Spitfire,948,889,1500,9,2,7
Six Flags,2025-07-31 00:00:00+00:00,ARC,Arabian Carousel,667,602,900,8,2,6
Six Flags,2025-07-31 00:00:00+00:00,CYC,Canyon Charters,851,785,1200,10,4,6
Six Flags,2025-07-31 00:00:00+00:00,ADJ,Adventure Junction,776,701,1000,9,2,7
Six Flags,2025-07-31 00:00:00+00:00,TWE,Twilight Express,1672,1583,2000,8,2,6
Six Flags,2025-07-31 00:00:00+00:00,IRT,Iron Rattler,1524,1462,2400,8,3,5
Six Flags,2025-07-31 00:00:00+00:00,SRT,Sirocco Tower,1696,1631,2300,6,2,4
Six Flags,2025-07-31 00:00:00+00:00,FCF,Falcons Flight,1501,1417,2500,8,2,6
Six Flags,2025-07-31 00:00:00+00:00,SKW,Skywatch,1548,1464,2100,9,5,4
Aquarabia,2025-07-31 00:00:00+00:00,RFR,Raft Republic,881,847,1700,9,1,8
Aquarabia,2025-07-31 00:00:00+00:00,AMB,Amwaj Bay,937,848,1600,9,2,7
Aquarabia,2025-07-31 00:00:00+00:00,SPG,Splash Grotto,1039,967,1900,11,2,9
Aquarabia,2025-07-31 00:00:00+00:00,ZZZ,ZipZapZoom,965,909,1400,10,1,9
Aquarabia,2025-07-31 00:00:00+00:00,TLC,The Lazy Camel,530,453,800,8,2,6
Aquarabia,2025-07-31 00:00:00+00:00,SFT,Surftopia,800,743,1300,9,2,7
Aquarabia,2025-07-31 00:00:00+00:00,HVP,Hyper Viper,1087,1044,2000,8,2,6
Aquarabia,2025-07-31 00:00:00+00:00,JND,Junoon Drop,635,547,1100,10,1,9
Aquarabia,2025-07-31 00:00:00+00:00,JPJ,Jump Jolt,749,687,1000,10,2,8
Aquarabia,2025-08-01 00:00:00+00:00,SST,Sea Stallion,2074,2022,2200,12,1,11
Six Flags,2025-08-01 00:00:00+00:00,AQT,Aquatopia,1470,1384,1800,8,1,7
Six Flags,2025-08-01 00:00:00+00:00,SPF,Spitfire,1290,1222,1500,9,2,7
Six Flags,2025-08-01 00:00:00+00:00,ARC,Arabian Carousel,669,586,900,8,1,7
Six Flags,2025-08-01 00:00:00+00:00,CYC,Canyon Charters,690,616,1200,10,5,5
Six Flags,2025-08-01 00:00:00+00:00,ADJ,Adventure Junction,655,581,1000,9,2,7
Six Flags,2025-08-01 00:00:00+00:00,TWE,Twilight Express,1447,1396,2000,8,2,6
Six Flags,2025-08-01 00:00:00+00:00,IRT,Iron Rattler,1541,1483,2400,8,4,4
Six Flags,2025-08-01 00:00:00+00:00,SRT,Sirocco Tower,1521,1484,2300,6,1,5
Six Flags,2025-08-01 00:00:00+00:00,FCF,Falcons Flight,1725,1661,2500,8,1,7
Six Flags,2025-08-01 00:00:00+00:00,SKW,Skywatch,1665,1573,2100,9,5,4
Aquarabia,2025-08-01 00:00:00+00:00,RFR,Raft Republic,1019,926,1700,9,2,7
Aquarabia,2025-08-01 00:00:00+00:00,AMB,Amwaj Bay,1025,984,1600,9,2,7
Aquarabia,2025-08-01 00:00:00+00:00,SPG,Splash Grotto,1152,1099,1900,11,2,9
Aquarabia,2025-08-01 00:00:00+00:00,ZZZ,ZipZapZoom,1133,1065,1400,10,2,8
Aquarabia,2025-08-01 00:00:00+00:00,TLC,The Lazy Camel,509,465,800,8,2,6
Aquarabia,2025-08-01 00:00:00+00:00,SFT,Surftopia,903,822,1300,9,1,8
Aquarabia,2025-08-01 00:00:00+00:00,HVP,Hyper Viper,1439,1391,2000,8,2,6
Aquarabia,2025-08-01 00:00:00+00:00,JND,Junoon Drop,690,651,1100,10,1,9
Aquarabia,2025-08-01 00:00:00+00:00,JPJ,Jump Jolt,667,592,1000,10,2,8
Aquarabia,2025-08-02 00:00:00+00:00,SST,Sea Stallion,1907,1858,2200,12,2,10
Six Flags,2025-08-02 00:00:00+00:00,AQT,Aquatopia,1300,1271,1800,8,2,6
Six Flags,2025-08-02 00:00:00+00:00,SPF,Spitfire,821,773,1500,9,2,7
Six Flags,2025-08-02 00:00:00+00:00,ARC,Arabian Carousel,597,517,900,8,1,7
Six Flags,2025-08-02 00:00:00+00:00,CYC,Canyon Charters,941,872,1200,10,5,5
Six Flags,2025-08-02 00:00:00+00:00,ADJ,Adventure Junction,849,784,1000,9,2,7
Six Flags,2025-08-02 00:00:00+00:00,TWE,Twilight Express,1477,1387,2000,8,1,7
Six Flags,2025-08-02 00:00:00+00:00,IRT,Iron Rattler,1274,1235,2400,8,4,4
Six Flags,2025-08-02 00:00:00+00:00,SRT,Sirocco Tower,1609,1564,2300,6,2,4
Six Flags,2025-08-02 00:00:00+00:00,FCF,Falcons Flight,2046,1997,2500,8,1,7
Six Flags,2025-08-02 00:00:00+00:00,SKW,Skywatch,1622,1588,2100,9,4,5
Aquarabia,2025-08-02 00:00:00+00:00,RFR,Raft Republic,1095,1056,1700,9,1,8
Aquarabia,2025-08-02 00:00:00+00:00,AMB,Amwaj Bay,1123,1047,1600,9,2,7
Aquarabia,2025-08-02 00:00:00+00:00,SPG,Splash Grotto,1293,1221,1900,11,2,9
Aquarabia,2025-08-02 00:00:00+00:00,ZZZ,ZipZapZoom,856,779,1400,10,1,9
Aquarabia,2025-08-02 00:00:00+00:00,TLC,The Lazy Camel,468,406,800,8,1,7
Aquarabia,2025-08-02 00:00:00+00:00,SFT,Surftopia,917,874,1300,9,2,7
Aquarabia,2025-08-02 00:00:00+00:00,HVP,Hyper Viper,1456,1399,2000,8,1,7
Aquarabia,2025-08-02 00:00:00+00:00,JND,Junoon Drop,814,775,1100,10,1,9
Aquarabia,2025-08-02 00:00:00+00:00,JPJ,Jump Jolt,705,657,1000,10,1,9
Aquarabia,2025-08-03 00:00:00+00:00,SST,Sea Stallion,1615,1533,2200,12,1,11
Six Flags,2025-08-03 00:00:00+00:00,AQT,Aquatopia,1384,1326,1800,8,2,6
Six Flags,2025-08-03 00:00:00+00:00,SPF,Spitfire,957,893,1500,9,2,7
Six Flags,2025-08-03 00:00:00+00:00,ARC,Arabian Carousel,634,556,900,8,1,7
Six Flags,2025-08-03 00:00:00+00:00,CYC,Canyon Charters,837,744,1200,10,5,5
Six Flags,2025-08-03 00:00:00+00:00,ADJ,Adventure Junction,639,567,1000,9,1,8
Six Flags,2025-08-03 00:00:00+00:00,TWE,Twilight Express,1512,1479,2000,8,2,6
Six Flags,2025-08-03 00:00:00+00:00,IRT,Iron Rattler,1686,1647,2400,8,5,3
Six Flags,2025-08-03 00:00:00+00:00,SRT,Sirocco Tower,1373,1324,2300,6,1,5
Six Flags,2025-08-03 00:00:00+00:00,FCF,Falcons Flight,2258,2199,2500,8,2,6
Six Flags,2025-08-03 00:00:00+00:00,SKW,Skywatch,1565,1484,2100,9,3,6
Aquarabia,2025-08-03 00:00:00+00:00,RFR,Raft Republic,998,929,1700,9,1,8
Aquarabia,2025-08-03 00:00:00+00:00,AMB,Amwaj Bay,1108,1079,1600,9,2,7
Aquarabia,2025-08-03 00:00:00+00:00,SPG,Splash Grotto,1069,1043,1900,11,2,9
Aquarabia,2025-08-03 00:00:00+00:00,ZZZ,ZipZapZoom,831,771,1400,10,2,8
Aquarabia,2025-08-03 00:00:00+00:00,TLC,The Lazy Camel,580,549,800,8,1,7
Aquarabia,2025-08-03 00:00:00+00:00,SFT,Surftopia,828,808,1300,9,1,8
Aquarabia,2025-08-03 00:00:00+00:00,HVP,Hyper Viper,1525,1429,2000,8,2,6
Aquarabia,2025-08-03 00:00:00+00:00,JND,Junoon Drop,610,581,1100,10,1,9
Aquarabia,2025-08-03 00:00:00+00:00,JPJ,Jump Jolt,556,528,1000,10,1,9
Aquarabia,2025-08-04 00:00:00+00:00,SST,Sea Stallion,1512,1443,2200,12,2,10
Six Flags,2025-08-04 00:00:00+00:00,AQT,Aquatopia,1278,1241,1800,8,2,6
Six Flags,2025-08-04 00:00:00+00:00,SPF,Spitfire,1075,997,1500,9,2,7
Six Flags,2025-08-04 00:00:00+00:00,ARC,Arabian Carousel,656,618,900,8,1,7
Six Flags,2025-08-04 00:00:00+00:00,CYC,Canyon Charters,846,753,1200,10,4,6
Six Flags,2025-08-04 00:00:00+00:00,ADJ,Adventure Junction,652,594,1000,9,2,7
Six Flags,2025-08-04 00:00:00+00:00,TWE,Twilight Express,1270,1174,2000,8,2,6
Six Flags,2025-08-04 00:00:00+00:00,IRT,Iron Rattler,1616,1531,2400,8,4,4
Six Flags,2025-08-04 00:00:00+00:00,SRT,Sirocco Tower,1632,1547,2300,6,1,5
Six Flags,2025-08-04 00:00:00+00:00,FCF,Falcons Flight,2204,2115,2500,8,2,6
Six Flags,2025-08-04 00:00:00+00:00,SKW,Skywatch,1610,1587,2100,9,5,4
Aquarabia,2025-08-04 00:00:00+00:00,RFR,Raft Republic,1153,1083,1700,9,2,7
Aquarabia,2025-08-04 00:00:00+00:00,AMB,Amwaj Bay,985,953,1600,9,1,8
Aquarabia,2025-08-04 00:00:00+00:00,SPG,Splash Grotto,1275,1208,1900,11,1,10
Aquarabia,2025-08-04 00:00:00+00:00,ZZZ,ZipZapZoom,953,871,1400,10,2,8
Aquarabia,2025-08-04 00:00:00+00:00,TLC,The Lazy Camel,546,466,800,8,1,7
Aquarabia,2025-08-04 00:00:00+00:00,SFT,Surftopia,907,816,1300,9,1,8
Aquarabia,2025-08-04 00:00:00+00:00,HVP,Hyper Viper,1392,1366,2000,8,2,6
Aquarabia,2025-08-04 00:00:00+00:00,JND,Junoon Drop,624,585,1100,10,1,9
Aquarabia,2025-08-04 00:00:00+00:00,JPJ,Jump Jolt,647,594,1000,10,2,8
Aquarabia,2025-08-05 00:00:00+00:00,SST,Sea Stallion,1845,1795,2200,12,2,10
Six Flags,2025-08-05 00:00:00+00:00,AQT,Aquatopia,1262,1168,1800,8,1,7
Six Flags,2025-08-05 00:00:00+00:00,SPF,Spitfire,1181,1098,1500,9,2,7
Six Flags,2025-08-05 00:00:00+00:00,ARC,Arabian Carousel,607,542,900,8,2,6
Six Flags,2025-08-05 00:00:00+00:00,CYC,Canyon Charters,840,782,1200,10,3,7
Six Flags,2025-08-05 00:00:00+00:00,ADJ,Adventure Junction,603,570,1000,9,1,8
Six Flags,2025-08-05 00:00:00+00:00,TWE,Twilight Express,1403,1334,2000,8,2,6
Six Flags,2025-08-05 00:00:00+00:00,IRT,Iron Rattler,1773,1687,2400,8,4,4
Six Flags,2025-08-05 00:00:00+00:00,SRT,Sirocco Tower,1818,1738,2300,6,2,4
Six Flags,2025-08-05 00:00:00+00:00,FCF,Falcons Flight,1947,1897,2500,8,1,7
Six Flags,2025-08-05 00:00:00+00:00,SKW,Skywatch,1651,1572,2100,9,4,5
Aquarabia,2025-08-05 00:00:00+00:00,RFR,Raft Republic,1171,1094,1700,9,2,7
Aquarabia,2025-08-05 00:00:00+00:00,AMB,Amwaj Bay,991,959,1600,9,2,7
Aquarabia,2025-08-05 00:00:00+00:00,SPG,Splash Grotto,1085,1038,1900,11,2,9
Aquarabia,2025-08-05 00:00:00+00:00,ZZZ,ZipZapZoom,960,910,1400,10,2,8
Aquarabia,2025-08-05 00:00:00+00:00,TLC,The Lazy Camel,489,436,800,8,1,7
Aquarabia,2025-08-05 00:00:00+00:00,SFT,Surftopia,974,953,1300,9,2,7
Aquarabia,2025-08-05 00:00:00+00:00,HVP,Hyper Viper,1064,1028,2000,8,1,7
Aquarabia,2025-08-05 00:00:00+00:00,JND,Junoon Drop,783,696,1100,10,2,8
Aquarabia,2025-08-05 00:00:00+00:00,JPJ,Jump Jolt,671,618,1000,10,1,9
Aquarabia,2025-08-06 00:00:00+00:00,SST,Sea Stallion,2039,1943,2200,12,1,11
Six Flags,2025-08-06 00:00:00+00:00,AQT,Aquatopia,1279,1201,1800,8,1,7
Six Flags,2025-08-06 00:00:00+00:00,SPF,Spitfire,976,925,1500,9,1,8
Six Flags,2025-08-06 00:00:00+00:00,ARC,Arabian Carousel,561,507,900,8,1,7
Six Flags,2025-08-06 00:00:00+00:00,CYC,Canyon Charters,807,711,1200,10,5,5
Six Flags,2025-08-06 00:00:00+00:00,ADJ,Adventure Junction,655,565,1000,9,2,7
Six Flags,2025-08-06 00:00:00+00:00,TWE,Twilight Express,1480,1437,2000,8,2,6
Six Flags,2025-08-06 00:00:00+00:00,IRT,Iron Rattler,1375,1283,2400,8,4,4
Six Flags,2025-08-06 00:00:00+00:00,SRT,Sirocco Tower,1318,1295,2300,6,1,5
Six Flags,2025-08-06 00:00:00+00:00,FCF,Falcons Flight,2423,2361,2500,8,1,7
Six Flags,2025-08-06 00:00:00+00:00,SKW,Skywatch,1459,1403,2100,9,4,5
Aquarabia,2025-08-06 00:00:00+00:00,RFR,Raft Republic,1118,1021,1700,9,2,7
Aquarabia,2025-08-06 00:00:00+00:00,AMB,Amwaj Bay,1136,1037,1600,9,1,8
Aquarabia,2025-08-06 00:00:00+00:00,SPG,Splash Grotto,1354,1263,1900,11,1,10
Aquarabia,2025-08-06 00:00:00+00:00,ZZZ,ZipZapZoom,1049,950,1400,10,2,8
Aquarabia,2025-08-06 00:00:00+00:00,TLC,The Lazy Camel,429,408,800,8,1,7
Aquarabia,2025-08-06 00:00:00+00:00,SFT,Surftopia,1006,981,1300,9,1,8
Aquarabia,2025-08-06 00:00:00+00:00,HVP,Hyper Viper,1310,1214,2000,8,1,7
Aquarabia,2025-08-06 00:00:00+00:00,JND,Junoon Drop,636,580,1100,10,2,8
Aquarabia,2025-08-06 00:00:00+00:00,JPJ,Jump Jolt,706,643,1000,10,2,8
Aquarabia,2025-08-07 00:00:00+00:00,SST,Sea Stallion,1462,1412,2200,12,2,10
Six Flags,2025-08-07 00:00:00+00:00,AQT,Aquatopia,1110,1027,1800,8,2,6
Six Flags,2025-08-07 00:00:00+00:00,SPF,Spitfire,1015,958,1500,9,1,8
Six Flags,2025-08-07 00:00:00+00:00,ARC,Arabian Carousel,517,488,900,8,1,7
Six Flags,2025-08-07 00:00:00+00:00,CYC,Canyon Charters,917,866,1200,10,4,6
Six Flags,2025-08-07 00:00:00+00:00,ADJ,Adventure Junction,749,690,1000,9,1,8
Six Flags,2025-08-07 00:00:00+00:00,TWE,Twilight Express,1227,1157,2000,8,2,6
Six Flags,2025-08-07 00:00:00+00:00,IRT,Iron Rattler,1432,1369,2400,8,3,5
Six Flags,2025-08-07 00:00:00+00:00,SRT,Sirocco Tower,1773,1723,2300,6,2,4
Six Flags,2025-08-07 00:00:00+00:00,FCF,Falcons Flight,1979,1928,2500,8,2,6
Six Flags,2025-08-07 00:00:00+00:00,SKW,Skywatch,1333,1234,2100,9,4,5
Aquarabia,2025-08-07 00:00:00+00:00,RFR,Raft Republic,908,863,1700,9,1,8
Aquarabia,2025-08-07 00:00:00+00:00,AMB,Amwaj Bay,1101,1002,1600,9,1,8
Aquarabia,2025-08-07 00:00:00+00:00,SPG,Splash Grotto,1208,1142,1900,11,1,10
Aquarabia,2025-08-07 00:00:00+00:00,ZZZ,ZipZapZoom,824,762,1400,10,1,9
Aquarabia,2025-08-07 00:00:00+00:00,TLC,The Lazy Camel,456,391,800,8,2,6
Aquarabia,2025-08-07 00:00:00+00:00,SFT,Surftopia,958,880,1300,9,2,7
Aquarabia,2025-08-07 00:00:00+00:00,HVP,Hyper Viper,1162,1103,2000,8,2,6
Aquarabia,2025-08-07 00:00:00+00:00,JND,Junoon Drop,837,767,1100,10,2,8
Aquarabia,2025-08-07 00:00:00+00:00,JPJ,Jump Jolt,545,510,1000,10,2,8
Aquarabia,2025-08-08 00:00:00+00:00,SST,Sea Stallion,1733,1689,2200,12,1,11
Six Flags,2025-08-08 00:00:00+00:00,AQT,Aquatopia,1454,1356,1800,8,1,7
Six Flags,2025-08-08 00:00:00+00:00,SPF,Spitfire,917,884,1500,9,2,7
Six Flags,2025-08-08 00:00:00+00:00,ARC,Arabian Carousel,707,646,900,8,2,6
Six Flags,2025-08-08 00:00:00+00:00,CYC,Canyon Charters,943,884,1200,10,4,6
Six Flags,2025-08-08 00:00:00+00:00,ADJ,Adventure Junction,626,568,1000,9,2,7
Six Flags,2025-08-08 00:00:00+00:00,TWE,Twilight Express,1128,1104,2000,8,1,7
Six Flags,2025-08-08 00:00:00+00:00,IRT,Iron Rattler,1592,1556,2400,8,3,5
Six Flags,2025-08-08 00:00:00+00:00,SRT,Sirocco Tower,1374,1339,2300,6,1,5
Six Flags,2025-08-08 00:00:00+00:00,FCF,Falcons Flight,2331,2302,2500,8,2,6
Six Flags,2025-08-08 00:00:00+00:00,SKW,Skywatch,1255,1200,2100,9,5,4
Aquarabia,2025-08-08 00:00:00+00:00,RFR,Raft Republic,918,826,1700,9,1,8
Aquarabia,2025-08-08 00:00:00+00:00,AMB,Amwaj Bay,1182,1091,1600,9,1,8
Aquarabia,2025-08-08 00:00:00+00:00,SPG,Splash Grotto,1218,1145,1900,11,1,10
Aquarabia,2025-08-08 00:00:00+00:00,ZZZ,ZipZapZoom,949,881,1400,10,1,9
Aquarabia,2025-08-08 00:00:00+00:00,TLC,The Lazy Camel,487,452,800,8,2,6
Aquarabia,2025-08-08 00:00:00+00:00,SFT,Surftopia,871,772,1300,9,1,8
Aquarabia,2025-08-08 00:00:00+00:00,HVP,Hyper Viper,1283,1228,2000,8,2,6
Aquarabia,2025-08-08 00:00:00+00:00,JND,Junoon Drop,661,569,1100,10,1,9
Aquarabia,2025-08-08 00:00:00+00:00,JPJ,Jump Jolt,571,539,1000,10,2,8
Aquarabia,2025-08-09 00:00:00+00:00,SST,Sea Stallion,1867,1818,2200,12,1,11
Six Flags,2025-08-09 00:00:00+00:00,AQT,Aquatopia,1446,1350,1800,8,1,7
Six Flags,2025-08-09 00:00:00+00:00,SPF,Spitfire,850,792,1500,9,1,8
Six Flags,2025-08-09 00:00:00+00:00,ARC,Arabian Carousel,813,726,900,8,2,6
Six Flags,2025-08-09 00:00:00+00:00,CYC,Canyon Charters,780,752,1200,10,5,5
Six Flags,2025-08-09 00:00:00+00:00,ADJ,Adventure Junction,770,740,1000,9,2,7
Six Flags,2025-08-09 00:00:00+00:00,TWE,Twilight Express,1370,1329,2000,8,1,7
Six Flags,2025-08-09 00:00:00+00:00,IRT,Iron Rattler,1907,1872,2400,8,5,3
Six Flags,2025-08-09 00:00:00+00:00,SRT,Sirocco Tower,1555,1471,2300,6,1,5
Six Flags,2025-08-09 00:00:00+00:00,FCF,Falcons Flight,2458,2373,2500,8,1,7
Six Flags,2025-08-09 00:00:00+00:00,SKW,Skywatch,1558,1532,2100,9,4,5
Aquarabia,2025-08-09 00:00:00+00:00,RFR,Raft Republic,1111,1053,1700,9,1,8
Aquarabia,2025-08-09 00:00:00+00:00,AMB,Amwaj Bay,1132,1035,1600,9,2,7
Aquarabia,2025-08-09 00:00:00+00:00,SPG,Splash Grotto,1304,1215,1900,11,2,9
Aquarabia,2025-08-09 00:00:00+00:00,ZZZ,ZipZapZoom,742,708,1400,10,2,8
Aquarabia,2025-08-09 00:00:00+00:00,TLC,The Lazy Camel,564,481,800,8,1,7
Aquarabia,2025-08-09 00:00:00+00:00,SFT,Surftopia,1010,936,1300,9,2,7
Aquarabia,2025-08-09 00:00:00+00:00,HVP,Hyper Viper,1110,1056,2000,8,1,7
Aquarabia,2025-08-09 00:00:00+00:00,JND,Junoon Drop,638,602,1100,10,2,8
Aquarabia,2025-08-09 00:00:00+00:00,JPJ,Jump Jolt,750,686,1000,10,2,8
Aquarabia,2025-08-10 00:00:00+00:00,SST,Sea Stallion,2010,1919,2200,12,1,11
Six Flags,2025-08-10 00:00:00+00:00,AQT,Aquatopia,1157,1064,1800,8,1,7
Six Flags,2025-08-10 00:00:00+00:00,SPF,Spitfire,1065,1020,1500,9,1,8
Six Flags,2025-08-10 00:00:00+00:00,ARC,Arabian Carousel,560,518,900,8,2,6
Six Flags,2025-08-10 00:00:00+00:00,CYC,Canyon Charters,894,860,1200,10,3,7
Six Flags,2025-08-10 00:00:00+00:00,ADJ,Adventure Junction,849,753,1000,9,2,7
Six Flags,2025-08-10 00:00:00+00:00,TWE,Twilight Express,1475,1423,2000,8,1,7
Six Flags,2025-08-10 00:00:00+00:00,IRT,Iron Rattler,1499,1470,2400,8,3,5
Six Flags,2025-08-10 00:00:00+00:00,SRT,Sirocco Tower,1783,1698,2300,6,2,4
Six Flags,2025-08-10 00:00:00+00:00,FCF,Falcons Flight,1849,1789,2500,8,2,6
Six Flags,2025-08-10 00:00:00+00:00,SKW,Skywatch,1525,1444,2100,9,4,5
Aquarabia,2025-08-10 00:00:00+00:00,RFR,Raft Republic,1260,1198,1700,9,2,7
Aquarabia,2025-08-10 00:00:00+00:00,AMB,Amwaj Bay,936,860,1600,9,2,7
Aquarabia,2025-08-10 00:00:00+00:00,SPG,Splash Grotto,1116,1069,1900,11,2,9
Aquarabia,2025-08-10 00:00:00+00:00,ZZZ,ZipZapZoom,1003,958,1400,10,2,8
Aquarabia,2025-08-10 00:00:00+00:00,TLC,The Lazy Camel,592,498,800,8,2,6
Aquarabia,2025-08-10 00:00:00+00:00,SFT,Surftopia,965,897,1300,9,2,7
Aquarabia,2025-08-10 00:00:00+00:00,HVP,Hyper Viper,1516,1468,2000,8,2,6
Aquarabia,2025-08-10 00:00:00+00:00,JND,Junoon Drop,690,594,1100,10,1,9
Aquarabia,2025-08-10 00:00:00+00:00,JPJ,Jump Jolt,593,556,1000,10,2,8
Aquarabia,2025-08-11 00:00:00+00:00,SST,Sea Stallion,1750,1730,2200,12,2,10
Six Flags,2025-08-11 00:00:00+00:00,AQT,Aquatopia,1466,1424,1800,8,1,7
Six Flags,2025-08-11 00:00:00+00:00,SPF,Spitfire,999,940,1500,9,2,7
Six Flags,2025-08-11 00:00:00+00:00,ARC,Arabian Carousel,484,463,900,8,1,7
Six Flags,2025-08-11 00:00:00+00:00,CYC,Canyon Charters,688,646,1200,10,3,7
Six Flags,2025-08-11 00:00:00+00:00,ADJ,Adventure Junction,680,636,1000,9,1,8
Six Flags,2025-08-11 00:00:00+00:00,TWE,Twilight Express,1482,1443,2000,8,1,7
Six Flags,2025-08-11 00:00:00+00:00,IRT,Iron Rattler,1398,1369,2400,8,3,5
Six Flags,2025-08-11 00:00:00+00:00,SRT,Sirocco Tower,1703,1641,2300,6,1,5
Six Flags,2025-08-11 00:00:00+00:00,FCF,Falcons Flight,1854,1790,2500,8,2,6
Six Flags,2025-08-11 00:00:00+00:00,SKW,Skywatch,1414,1316,2100,9,5,4
Aquarabia,2025-08-11 00:00:00+00:00,RFR,Raft Republic,1003,912,1700,9,2,7
Aquarabia,2025-08-11 00:00:00+00:00,AMB,Amwaj Bay,1059,1013,1600,9,2,7
Aquarabia,2025-08-11 00:00:00+00:00,SPG,Splash Grotto,1032,984,1900,11,2,9
Aquarabia,2025-08-11 00:00:00+00:00,ZZZ,ZipZapZoom,1094,1043,1400,10,2,8
Aquarabia,2025-08-11 00:00:00+00:00,TLC,The Lazy Camel,622,564,800,8,2,6
Aquarabia,2025-08-11 00:00:00+00:00,SFT,Surftopia,841,775,1300,9,1,8
Aquarabia,2025-08-11 00:00:00+00:00,HVP,Hyper Viper,1454,1405,2000,8,1,7
Aquarabia,2025-08-11 00:00:00+00:00,JND,Junoon Drop,739,658,1100,10,1,9
Aquarabia,2025-08-11 00:00:00+00:00,JPJ,Jump Jolt,705,611,1000,10,1,9
Aquarabia,2025-08-12 00:00:00+00:00,SST,Sea Stallion,1384,1355,2200,12,1,11
Six Flags,2025-08-12 00:00:00+00:00,AQT,Aquatopia,1447,1359,1800,8,2,6
Six Flags,2025-08-12 00:00:00+00:00,SPF,Spitfire,923,860,1500,9,1,8
Six Flags,2025-08-12 00:00:00+00:00,ARC,Arabian Carousel,591,521,900,8,1,7
Six Flags,2025-08-12 00:00:00+00:00,CYC,Canyon Charters,877,810,1200,10,4,6
Six Flags,2025-08-12 00:00:00+00:00,ADJ,Adventure Junction,672,586,1000,9,2,7
Six Flags,2025-08-12 00:00:00+00:00,TWE,Twilight Express,1393,1369,2000,8,1,7
Six Flags,2025-08-12 00:00:00+00:00,IRT,Iron Rattler,1812,1737,2400,8,4,4
Six Flags,2025-08-12 00:00:00+00:00,SRT,Sirocco Tower,1603,1570,2300,6,1,5
Six Flags,2025-08-12 00:00:00+00:00,FCF,Falcons Flight,1565,1542,2500,8,1,7
Six Flags,2025-08-12 00:00:00+00:00,SKW,Skywatch,1275,1201,2100,9,3,6
Aquarabia,2025-08-12 00:00:00+00:00,RFR,Raft Republic,1170,1122,1700,9,1,8
Aquarabia,2025-08-12 00:00:00+00:00,AMB,Amwaj Bay,1144,1062,1600,9,1,8
Aquarabia,2025-08-12 00:00:00+00:00,SPG,Splash Grotto,1195,1096,1900,11,1,10
Aquarabia,2025-08-12 00:00:00+00:00,ZZZ,ZipZapZoom,802,721,1400,10,1,9
Aquarabia,2025-08-12 00:00:00+00:00,TLC,The Lazy Camel,457,435,800,8,1,7
Aquarabia,2025-08-12 00:00:00+00:00,SFT,Surftopia,902,836,1300,9,2,7
Aquarabia,2025-08-12 00:00:00+00:00,HVP,Hyper Viper,1437,1365,2000,8,1,7
Aquarabia,2025-08-12 00:00:00+00:00,JND,Junoon Drop,866,809,1100,10,1,9
Aquarabia,2025-08-12 00:00:00+00:00,JPJ,Jump Jolt,658,610,1000,10,2,8
Aquarabia,2025-08-13 00:00:00+00:00,SST,Sea Stallion,1945,1869,2200,12,1,11
Six Flags,2025-08-13 00:00:00+00:00,AQT,Aquatopia,1208,1126,1800,8,2,6
Six Flags,2025-08-13 00:00:00+00:00,SPF,Spitfire,944,879,1500,9,1,8
Six Flags,2025-08-13 00:00:00+00:00,ARC,Arabian Carousel,716,644,900,8,2,6
Six Flags,2025-08-13 00:00:00+00:00,CYC,Canyon Charters,875,820,1200,10,3,7
Six Flags,2025-08-13 00:00:00+00:00,ADJ,Adventure Junction,724,680,1000,9,2,7
Six Flags,2025-08-13 00:00:00+00:00,TWE,Twilight Express,1257,1159,2000,8,1,7
Six Flags,2025-08-13 00:00:00+00:00,IRT,Iron Rattler,1480,1444,2400,8,4,4
Six Flags,2025-08-13 00:00:00+00:00,SRT,Sirocco Tower,1662,1578,2300,6,1,5
Six Flags,2025-08-13 00:00:00+00:00,FCF,Falcons Flight,2248,2169,2500,8,1,7
Six Flags,2025-08-13 00:00:00+00:00,SKW,Skywatch,1470,1450,2100,9,4,5
Aquarabia,2025-08-13 00:00:00+00:00,RFR,Raft Republic,1280,1235,1700,9,2,7
Aquarabia,2025-08-13 00:00:00+00:00,AMB,Amwaj Bay,1023,947,1600,9,1,8
Aquarabia,2025-08-13 00:00:00+00:00,SPG,Splash Grotto,984,953,1900,11,2,9
Aquarabia,2025-08-13 00:00:00+00:00,ZZZ,ZipZapZoom,928,855,1400,10,1,9
Aquarabia,2025-08-13 00:00:00+00:00,TLC,The Lazy Camel,603,520,800,8,2,6
Aquarabia,2025-08-13 00:00:00+00:00,SFT,Surftopia,885,817,1300,9,2,7
Aquarabia,2025-08-13 00:00:00+00:00,HVP,Hyper Viper,1360,1285,2000,8,2,6
Aquarabia,2025-08-13 00:00:00+00:00,JND,Junoon Drop,764,674,1100,10,2,8
Aquarabia,2025-08-13 00:00:00+00:00,JPJ,Jump Jolt,757,668,1000,10,1,9
Aquarabia,2025-08-14 00:00:00+00:00,SST,Sea Stallion,1951,1867,2200,12,1,11
Six Flags,2025-08-14 00:00:00+00:00,AQT,Aquatopia,1247,1168,1800,8,1,7
Six Flags,2025-08-14 00:00:00+00:00,SPF,Spitfire,980,920,1500,9,1,8
Six Flags,2025-08-14 00:00:00+00:00,ARC,Arabian Carousel,747,648,900,8,1,7
Six Flags,2025-08-14 00:00:00+00:00,CYC,Canyon Charters,902,813,1200,10,5,5
Six Flags,2025-08-14 00:00:00+00:00,ADJ,Adventure Junction,876,784,1000,9,2,7
Six Flags,2025-08-14 00:00:00+00:00,TWE,Twilight Express,1289,1204,2000,8,2,6
Six Flags,2025-08-14 00:00:00+00:00,IRT,Iron Rattler,1526,1449,2400,8,3,5
Six Flags,2025-08-14 00:00:00+00:00,SRT,Sirocco Tower,1383,1297,2300,6,1,5
Six Flags,2025-08-14 00:00:00+00:00,FCF,Falcons Flight,2162,2085,2500,8,1,7
Six Flags,2025-08-14 00:00:00+00:00,SKW,Skywatch,1289,1210,2100,9,5,4
Aquarabia,2025-08-14 00:00:00+00:00,RFR,Raft Republic,959,882,1700,9,1,8
Aquarabia,2025-08-14 00:00:00+00:00,AMB,Amwaj Bay,1089,998,1600,9,2,7
Aquarabia,2025-08-14 00:00:00+00:00,SPG,Splash Grotto,1180,1089,1900,11,1,10
Aquarabia,2025-08-14 00:00:00+00:00,ZZZ,ZipZapZoom,930,900,1400,10,1,9
Aquarabia,2025-08-14 00:00:00+00:00,TLC,The Lazy Camel,562,542,800,8,1,7
Aquarabia,2025-08-14 00:00:00+00:00,SFT,Surftopia,852,826,1300,9,2,7
Aquarabia,2025-08-14 00:00:00+00:00,HVP,Hyper Viper,1409,1366,2000,8,1,7
Aquarabia,2025-08-14 00:00:00+00:00,JND,Junoon Drop,763,698,1100,10,2,8
Aquarabia,2025-08-14 00:00:00+00:00,JPJ,Jump Jolt,624,558,1000,10,1,9
Aquarabia,2025-08-15 00:00:00+00:00,SST,Sea Stallion,1656,1628,2200,12,2,10
Six Flags,2025-08-15 00:00:00+00:00,AQT,Aquatopia,1341,1289,1800,8,1,7
Six Flags,2025-08-15 00:00:00+00:00,SPF,Spitfire,1015,971,1500,9,1,8
Six Flags,2025-08-15 00:00:00+00:00,ARC,Arabian Carousel,729,669,900,8,1,7
Six Flags,2025-08-15 00:00:00+00:00,CYC,Canyon Charters,718,643,1200,10,5,5
Six Flags,2025-08-15 00:00:00+00:00,ADJ,Adventure Junction,636,574,1000,9,2,7
Six Flags,2025-08-15 00:00:00+00:00,TWE,Twilight Express,1173,1130,2000,8,2,6
Six Flags,2025-08-15 00:00:00+00:00,IRT,Iron Rattler,1810,1781,2400,8,3,5
Six Flags,2025-08-15 00:00:00+00:00,SRT,Sirocco Tower,1480,1452,2300,6,2,4
Six Flags,2025-08-15 00:00:00+00:00,FCF,Falcons Flight,2211,2117,2500,8,1,7
Six Flags,2025-08-15 00:00:00+00:00,SKW,Skywatch,1218,1196,2100,9,5,4
Aquarabia,2025-08-15 00:00:00+00:00,RFR,Raft Republic,1097,1056,1700,9,1,8
Aquarabia,2025-08-15 00:00:00+00:00,AMB,Amwaj Bay,1031,1007,1600,9,2,7
Aquarabia,2025-08-15 00:00:00+00:00,SPG,Splash Grotto,1282,1183,1900,11,1,10
Aquarabia,2025-08-15 00:00:00+00:00,ZZZ,ZipZapZoom,974,944,1400,10,1,9
Aquarabia,2025-08-15 00:00:00+00:00,TLC,The Lazy Camel,432,395,800,8,1,7
Aquarabia,2025-08-15 00:00:00+00:00,SFT,Surftopia,1042,961,1300,9,2,7
Aquarabia,2025-08-15 00:00:00+00:00,HVP,Hyper Viper,1451,1408,2000,8,1,7
Aquarabia,2025-08-15 00:00:00+00:00,JND,Junoon Drop,798,772,1100,10,2,8
Aquarabia,2025-08-15 00:00:00+00:00,JPJ,Jump Jolt,722,659,1000,10,1,9
Aquarabia,2025-08-16 00:00:00+00:00,SST,Sea Stallion,1774,1718,2200,12,1,11
Six Flags,2025-08-16 00:00:00+00:00,AQT,Aquatopia,1102,1039,1800,8,1,7
Six Flags,2025-08-16 00:00:00+00:00,SPF,Spitfire,1053,955,1500,9,2,7
Six Flags,2025-08-16 00:00:00+00:00,ARC,Arabian Carousel,682,636,900,8,1,7
Six Flags,2025-08-16 00:00:00+00:00,CYC,Canyon Charters,962,896,1200,10,4,6
Six Flags,2025-08-16 00:00:00+00:00,ADJ,Adventure Junction,669,575,1000,9,2,7
Six Flags,2025-08-16 00:00:00+00:00,TWE,Twilight Express,1571,1500,2000,8,2,6
Six Flags,2025-08-16 00:00:00+00:00,IRT,Iron Rattler,1743,1707,2400,8,4,4
Six Flags,2025-08-16 00:00:00+00:00,SRT,Sirocco Tower,1491,1442,2300,6,1,5
Six Flags,2025-08-16 00:00:00+00:00,FCF,Falcons Flight,1691,1603,2500,8,1,7
Six Flags,2025-08-16 00:00:00+00:00,SKW,Skywatch,1275,1219,2100,9,4,5
Aquarabia,2025-08-16 00:00:00+00:00,RFR,Raft Republic,1173,1084,1700,9,1,8
Aquarabia,2025-08-16 00:00:00+00:00,AMB,Amwaj Bay,904,845,1600,9,2,7
Aquarabia,2025-08-16 00:00:00+00:00,SPG,Splash Grotto,1075,1040,1900,11,2,9
Aquarabia,2025-08-16 00:00:00+00:00,ZZZ,ZipZapZoom,860,832,1400,10,1,9
Aquarabia,2025-08-16 00:00:00+00:00,TLC,The Lazy Camel,455,401,800,8,2,6
Aquarabia,2025-08-16 00:00:00+00:00,SFT,Surftopia,750,698,1300,9,1,8
Aquarabia,2025-08-16 00:00:00+00:00,HVP,Hyper Viper,1384,1311,2000,8,2,6
Aquarabia,2025-08-16 00:00:00+00:00,JND,Junoon Drop,875,803,1100,10,2,8
Aquarabia,2025-08-16 00:00:00+00:00,JPJ,Jump Jolt,735,654,1000,10,1,9
Aquarabia,2025-08-17 00:00:00+00:00,SST,Sea Stallion,1855,1809,2200,12,1,11
Six Flags,2025-08-17 00:00:00+00:00,AQT,Aquatopia,1157,1106,1800,8,2,6
Six Flags,2025-08-17 00:00:00+00:00,SPF,Spitfire,861,804,1500,9,2,7
Six Flags,2025-08-17 00:00:00+00:00,ARC,Arabian Carousel,660,573,900,8,2,6
Six Flags,2025-08-17 00:00:00+00:00,CYC,Canyon Charters,850,795,1200,10,5,5
Six Flags,2025-08-17 00:00:00+00:00,ADJ,Adventure Junction,714,646,1000,9,2,7
Six Flags,2025-08-17 00:00:00+00:00,TWE,Twilight Express,1570,1473,2000,8,1,7
Six Flags,2025-08-17 00:00:00+00:00,IRT,Iron Rattler,1803,1723,2400,8,4,4
Six Flags,2025-08-17 00:00:00+00:00,SRT,Sirocco Tower,1459,1396,2300,6,2,4
Six Flags,2025-08-17 00:00:00+00:00,FCF,Falcons Flight,2004,1923,2500,8,2,6
Six Flags,2025-08-17 00:00:00+00:00,SKW,Skywatch,1624,1592,2100,9,5,4
Aquarabia,2025-08-17 00:00:00+00:00,RFR,Raft Republic,1081,1005,1700,9,1,8
Aquarabia,2025-08-17 00:00:00+00:00,AMB,Amwaj Bay,1039,966,1600,9,2,7
Aquarabia,2025-08-17 00:00:00+00:00,SPG,Splash Grotto,1293,1247,1900,11,2,9
Aquarabia,2025-08-17 00:00:00+00:00,ZZZ,ZipZapZoom,735,679,1400,10,2,8
Aquarabia,2025-08-17 00:00:00+00:00,TLC,The Lazy Camel,571,526,800,8,2,6
Aquarabia,2025-08-17 00:00:00+00:00,SFT,Surftopia,677,625,1300,9,2,7
Aquarabia,2025-08-17 00:00:00+00:00,HVP,Hyper Viper,1246,1188,2000,8,1,7
Aquarabia,2025-08-17 00:00:00+00:00,JND,Junoon Drop,593,569,1100,10,2,8
Aquarabia,2025-08-17 00:00:00+00:00,JPJ,Jump Jolt,659,591,1000,10,2,8
Aquarabia,2025-08-18 00:00:00+00:00,SST,Sea Stallion,1627,1582,2200,12,2,10
Six Flags,2025-08-18 00:00:00+00:00,AQT,Aquatopia,1064,1028,1800,8,1,7
Six Flags,2025-08-18 00:00:00+00:00,SPF,Spitfire,972,901,1500,9,2,7
Six Flags,2025-08-18 00:00:00+00:00,ARC,Arabian Carousel,703,613,900,8,1,7
Six Flags,2025-08-18 00:00:00+00:00,CYC,Canyon Charters,955,910,1200,10,3,7
Six Flags,2025-08-18 00:00:00+00:00,ADJ,Adventure Junction,798,750,1000,9,1,8
Six Flags,2025-08-18 00:00:00+00:00,TWE,Twilight Express,1367,1270,2000,8,2,6
Six Flags,2025-08-18 00:00:00+00:00,IRT,Iron Rattler,1585,1513,2400,8,4,4
Six Flags,2025-08-18 00:00:00+00:00,SRT,Sirocco Tower,1806,1707,2300,6,1,5
Six Flags,2025-08-18 00:00:00+00:00,FCF,Falcons Flight,2428,2407,2500,8,1,7
Six Flags,2025-08-18 00:00:00+00:00,SKW,Skywatch,1643,1555,2100,9,5,4
Aquarabia,2025-08-18 00:00:00+00:00,RFR,Raft Republic,1149,1092,1700,9,2,7
Aquarabia,2025-08-18 00:00:00+00:00,AMB,Amwaj Bay,1032,985,1600,9,2,7
Aquarabia,2025-08-18 00:00:00+00:00,SPG,Splash Grotto,1330,1242,1900,11,2,9
Aquarabia,2025-08-18 00:00:00+00:00,ZZZ,ZipZapZoom,941,879,1400,10,1,9
Aquarabia,2025-08-18 00:00:00+00:00,TLC,The Lazy Camel,451,426,800,8,2,6
Aquarabia,2025-08-18 00:00:00+00:00,SFT,Surftopia,902,871,1300,9,2,7
Aquarabia,2025-08-18 00:00:00+00:00,HVP,Hyper Viper,1336,1242,2000,8,2,6
Aquarabia,2025-08-18 00:00:00+00:00,JND,Junoon Drop,767,690,1100,10,1,9
Aquarabia,2025-08-18 00:00:00+00:00,JPJ,Jump Jolt,615,558,1000,10,1,9
Aquarabia,2025-08-19 00:00:00+00:00,SST,Sea Stallion,1630,1606,2200,12,2,10
Six Flags,2025-08-19 00:00:00+00:00,AQT,Aquatopia,1191,1149,1800,8,2,6
Six Flags,2025-08-19 00:00:00+00:00,SPF,Spitfire,1128,1035,1500,9,1,8
Six Flags,2025-08-19 00:00:00+00:00,ARC,Arabian Carousel,494,458,900,8,1,7
Six Flags,2025-08-19 00:00:00+00:00,CYC,Canyon Charters,766,725,1200,10,5,5
Six Flags,2025-08-19 00:00:00+00:00,ADJ,Adventure Junction,833,752,1000,9,2,7
Six Flags,2025-08-19 00:00:00+00:00,TWE,Twilight Express,1304,1232,2000,8,2,6
Six Flags,2025-08-19 00:00:00+00:00,IRT,Iron Rattler,1531,1436,2400,8,5,3
Six Flags,2025-08-19 00:00:00+00:00,SRT,Sirocco Tower,1904,1823,2300,6,2,4
Six Flags,2025-08-19 00:00:00+00:00,FCF,Falcons Flight,1966,1926,2500,8,1,7
Six Flags,2025-08-19 00:00:00+00:00,SKW,Skywatch,1557,1461,2100,9,3,6
Aquarabia,2025-08-19 00:00:00+00:00,RFR,Raft Republic,1183,1107,1700,9,2,7
Aquarabia,2025-08-19 00:00:00+00:00,AMB,Amwaj Bay,838,802,1600,9,1,8
Aquarabia,2025-08-19 00:00:00+00:00,SPG,Splash Grotto,1099,1053,1900,11,1,10
Aquarabia,2025-08-19 00:00:00+00:00,ZZZ,ZipZapZoom,962,880,1400,10,2,8
Aquarabia,2025-08-19 00:00:00+00:00,TLC,The Lazy Camel,632,559,800,8,1,7
Aquarabia,2025-08-19 00:00:00+00:00,SFT,Surftopia,707,686,1300,9,2,7
Aquarabia,2025-08-19 00:00:00+00:00,HVP,Hyper Viper,1151,1096,2000,8,1,7
Aquarabia,2025-08-19 00:00:00+00:00,JND,Junoon Drop,745,656,1100,10,2,8
Aquarabia,2025-08-19 00:00:00+00:00,JPJ,Jump Jolt,629,601,1000,10,2,8
Aquarabia,2025-08-20 00:00:00+00:00,SST,Sea Stallion,1564,1521,2200,12,2,10
Six Flags,2025-08-20 00:00:00+00:00,AQT,Aquatopia,1148,1070,1800,8,1,7
Six Flags,2025-08-20 00:00:00+00:00,SPF,Spitfire,1052,1000,1500,9,1,8
Six Flags,2025-08-20 00:00:00+00:00,ARC,Arabian Carousel,657,607,900,8,1,7
Six Flags,2025-08-20 00:00:00+00:00,CYC,Canyon Charters,865,826,1200,10,4,6
Six Flags,2025-08-20 00:00:00+00:00,ADJ,Adventure Junction,693,601,1000,9,2,7
Six Flags,2025-08-20 00:00:00+00:00,TWE,Twilight Express,1531,1441,2000,8,2,6
Six Flags,2025-08-20 00:00:00+00:00,IRT,Iron Rattler,1885,1838,2400,8,5,3
Six Flags,2025-08-20 00:00:00+00:00,SRT,Sirocco Tower,1495,1417,2300,6,2,4
Six Flags,2025-08-20 00:00:00+00:00,FCF,Falcons Flight,1747,1684,2500,8,1,7
Six Flags,2025-08-20 00:00:00+00:00,SKW,Skywatch,1458,1372,2100,9,5,4
Aquarabia,2025-08-20 00:00:00+00:00,RFR,Raft Republic,1216,1170,1700,9,1,8
Aquarabia,2025-08-20 00:00:00+00:00,AMB,Amwaj Bay,1204,1106,1600,9,2,7
Aquarabia,2025-08-20 00:00:00+00:00,SPG,Splash Grotto,1383,1360,1900,11,2,9
Aquarabia,2025-08-20 00:00:00+00:00,ZZZ,ZipZapZoom,1040,953,1400,10,2,8
Aquarabia,2025-08-20 00:00:00+00:00,TLC,The Lazy Camel,628,607,800,8,1,7
Aquarabia,2025-08-20 00:00:00+00:00,SFT,Surftopia,909,849,1300,9,2,7
Aquarabia,2025-08-20 00:00:00+00:00,HVP,Hyper Viper,1343,1263,2000,8,2,6
Aquarabia,2025-08-20 00:00:00+00:00,JND,Junoon Drop,676,616,1100,10,1,9
Aquarabia,2025-08-20 00:00:00+00:00,JPJ,Jump Jolt,724,635,1000,10,2,8
Aquarabia,2025-08-21 00:00:00+00:00,SST,Sea Stallion,1983,1945,2200,12,2,10
Six Flags,2025-08-21 00:00:00+00:00,AQT,Aquatopia,1067,1026,1800,8,2,6
Six Flags,2025-08-21 00:00:00+00:00,SPF,Spitfire,955,907,1500,9,1,8
Six Flags,2025-08-21 00:00:00+00:00,ARC,Arabian Carousel,630,604,900,8,2,6
Six Flags,2025-08-21 00:00:00+00:00,CYC,Canyon Charters,760,700,1200,10,3,7
Six Flags,2025-08-21 00:00:00+00:00,ADJ,Adventure Junction,791,723,1000,9,2,7
Six Flags,2025-08-21 00:00:00+00:00,TWE,Twilight Express,1297,1234,2000,8,2,6
Six Flags,2025-08-21 00:00:00+00:00,IRT,Iron Rattler,1494,1459,2400,8,3,5
Six Flags,2025-08-21 00:00:00+00:00,SRT,Sirocco Tower,1520,1493,2300,6,2,4
Six Flags,2025-08-21 00:00:00+00:00,FCF,Falcons Flight,1693,1664,2500,8,2,6
Six Flags,2025-08-21 00:00:00+00:00,SKW,Skywatch,1179,1153,2100,9,5,4
Aquarabia,2025-08-21 00:00:00+00:00,RFR,Raft Republic,1030,1008,1700,9,2,7
Aquarabia,2025-08-21 00:00:00+00:00,AMB,Amwaj Bay,1187,1138,1600,9,1,8
Aquarabia,2025-08-21 00:00:00+00:00,SPG,Splash Grotto,1312,1236,1900,11,1,10
Aquarabia,2025-08-21 00:00:00+00:00,ZZZ,ZipZapZoom,982,949,1400,10,1,9
Aquarabia,2025-08-21 00:00:00+00:00,TLC,The Lazy Camel,527,434,800,8,2,6
Aquarabia,2025-08-21 00:00:00+00:00,SFT,Surftopia,798,708,1300,9,1,8
Aquarabia,2025-08-21 00:00:00+00:00,HVP,Hyper Viper,1177,1156,2000,8,2,6
Aquarabia,2025-08-21 00:00:00+00:00,JND,Junoon Drop,759,691,1100,10,1,9
Aquarabia,2025-08-21 00:00:00+00:00,JPJ,Jump Jolt,664,607,1000,10,1,9
Aquarabia,2025-08-22 00:00:00+00:00,SST,Sea Stallion,1451,1419,2200,12,2,10
Six Flags,2025-08-22 00:00:00+00:00,AQT,Aquatopia,1152,1067,1800,8,1,7
Six Flags,2025-08-22 00:00:00+00:00,SPF,Spitfire,910,882,1500,9,2,7
Six Flags,2025-08-22 00:00:00+00:00,ARC,Arabian Carousel,641,563,900,8,2,6
Six Flags,2025-08-22 00:00:00+00:00,CYC,Canyon Charters,769,683,1200,10,3,7
Six Flags,2025-08-22 00:00:00+00:00,ADJ,Adventure Junction,806,723,1000,9,2,7
Six Flags,2025-08-22 00:00:00+00:00,TWE,Twilight Express,1143,1094,2000,8,1,7
Six Flags,2025-08-22 00:00:00+00:00,IRT,Iron Rattler,1735,1690,2400,8,5,3
Six Flags,2025-08-22 00:00:00+00:00,SRT,Sirocco Tower,1414,1371,2300,6,1,5
Six Flags,2025-08-22 00:00:00+00:00,FCF,Falcons Flight,1718,1689,2500,8,2,6
Six Flags,2025-08-22 00:00:00+00:00,SKW,Skywatch,1470,1417,2100,9,5,4
Aquarabia,2025-08-22 00:00:00+00:00,RFR,Raft Republic,1211,1189,1700,9,1,8
Aquarabia,2025-08-22 00:00:00+00:00,AMB,Amwaj Bay,923,858,1600,9,1,8
Aquarabia,2025-08-22 00:00:00+00:00,SPG,Splash Grotto,1099,1079,1900,11,2,9
Aquarabia,2025-08-22 00:00:00+00:00,ZZZ,ZipZapZoom,907,863,1400,10,1,9
Aquarabia,2025-08-22 00:00:00+00:00,TLC,The Lazy Camel,609,533,800,8,2,6
Aquarabia,2025-08-22 00:00:00+00:00,SFT,Surftopia,928,831,1300,9,2,7
Aquarabia,2025-08-22 00:00:00+00:00,HVP,Hyper Viper,1318,1234,2000,8,1,7
Aquarabia,2025-08-22 00:00:00+00:00,JND,Junoon Drop,789,715,1100,10,2,8
Aquarabia,2025-08-22 00:00:00+00:00,JPJ,Jump Jolt,642,580,1000,10,1,9
Aquarabia,2025-08-23 00:00:00+00:00,SST,Sea Stallion,1926,1861,2200,12,2,10
Six Flags,2025-08-23 00:00:00+00:00,AQT,Aquatopia,1156,1057,1800,8,2,6
Six Flags,2025-08-23 00:00:00+00:00,SPF,Spitfire,1180,1115,1500,9,2,7
Six Flags,2025-08-23 00:00:00+00:00,ARC,Arabian Carousel,619,551,900,8,1,7
Six Flags,2025-08-23 00:00:00+00:00,CYC,Canyon Charters,985,955,1200,10,4,6
Six Flags,2025-08-23 00:00:00+00:00,ADJ,Adventure Junction,842,765,1000,9,2,7
Six Flags,2025-08-23 00:00:00+00:00,TWE,Twilight Express,1278,1189,2000,8,1,7
Six Flags,2025-08-23 00:00:00+00:00,IRT,Iron Rattler,2015,1928,2400,8,4,4
Six Flags,2025-08-23 00:00:00+00:00,SRT,Sirocco Tower,1410,1356,2300,6,2,4
Six Flags,2025-08-23 00:00:00+00:00,FCF,Falcons Flight,1945,1901,2500,8,2,6
Six Flags,2025-08-23 00:00:00+00:00,SKW,Skywatch,1458,1381,2100,9,4,5
Aquarabia,2025-08-23 00:00:00+00:00,RFR,Raft Republic,1153,1112,1700,9,1,8
Aquarabia,2025-08-23 00:00:00+00:00,AMB,Amwaj Bay,1058,966,1600,9,1,8
Aquarabia,2025-08-23 00:00:00+00:00,SPG,Splash Grotto,1153,1118,1900,11,1,10
Aquarabia,2025-08-23 00:00:00+00:00,ZZZ,ZipZapZoom,874,830,1400,10,1,9
Aquarabia,2025-08-23 00:00:00+00:00,TLC,The Lazy Camel,529,436,800,8,1,7
Aquarabia,2025-08-23 00:00:00+00:00,SFT,Surftopia,879,851,1300,9,1,8
Aquarabia,2025-08-23 00:00:00+00:00,HVP,Hyper Viper,1093,1035,2000,8,1,7
Aquarabia,2025-08-23 00:00:00+00:00,JND,Junoon Drop,779,700,1100,10,2,8
Aquarabia,2025-08-23 00:00:00+00:00,JPJ,Jump Jolt,764,712,1000,10,1,9
Aquarabia,2025-08-24 00:00:00+00:00,SST,Sea Stallion,1868,1841,2200,12,1,11
Six Flags,2025-08-24 00:00:00+00:00,AQT,Aquatopia,1471,1437,1800,8,1,7
Six Flags,2025-08-24 00:00:00+00:00,SPF,Spitfire,1006,974,1500,9,2,7
Six Flags,2025-08-24 00:00:00+00:00,ARC,Arabian Carousel,649,594,900,8,1,7
Six Flags,2025-08-24 00:00:00+00:00,CYC,Canyon Charters,781,708,1200,10,5,5
Six Flags,2025-08-24 00:00:00+00:00,ADJ,Adventure Junction,608,576,1000,9,1,8
Six Flags,2025-08-24 00:00:00+00:00,TWE,Twilight Express,1260,1221,2000,8,1,7
Six Flags,2025-08-24 00:00:00+00:00,IRT,Iron Rattler,1886,1806,2400,8,5,3
Six Flags,2025-08-24 00:00:00+00:00,SRT,Sirocco Tower,1639,1614,2300,6,2,4
Six Flags,2025-08-24 00:00:00+00:00,FCF,Falcons Flight,1619,1586,2500,8,2,6
Six Flags,2025-08-24 00:00:00+00:00,SKW,Skywatch,1383,1342,2100,9,4,5
Aquarabia,2025-08-24 00:00:00+00:00,RFR,Raft Republic,1017,922,1700,9,1,8
Aquarabia,2025-08-24 00:00:00+00:00,AMB,Amwaj Bay,1135,1079,1600,9,2,7
Aquarabia,2025-08-24 00:00:00+00:00,SPG,Splash Grotto,1099,1004,1900,11,2,9
Aquarabia,2025-08-24 00:00:00+00:00,ZZZ,ZipZapZoom,1038,943,1400,10,1,9
Aquarabia,2025-08-24 00:00:00+00:00,TLC,The Lazy Camel,517,420,800,8,2,6
Aquarabia,2025-08-24 00:00:00+00:00,SFT,Surftopia,993,917,1300,9,1,8
Aquarabia,2025-08-24 00:00:00+00:00,HVP,Hyper Viper,1408,1368,2000,8,2,6
Aquarabia,2025-08-24 00:00:00+00:00,JND,Junoon Drop,754,724,1100,10,1,9
Aquarabia,2025-08-24 00:00:00+00:00,JPJ,Jump Jolt,611,571,1000,10,1,9
Aquarabia,2025-08-25 00:00:00+00:00,SST,Sea Stallion,1494,1433,2200,12,2,10
Six Flags,2025-08-25 00:00:00+00:00,AQT,Aquatopia,1304,1228,1800,8,1,7
Six Flags,2025-08-25 00:00:00+00:00,SPF,Spitfire,1063,1005,1500,9,2,7
Six Flags,2025-08-25 00:00:00+00:00,ARC,Arabian Carousel,546,486,900,8,2,6
Six Flags,2025-08-25 00:00:00+00:00,CYC,Canyon Charters,816,746,1200,10,4,6
Six Flags,2025-08-25 00:00:00+00:00,ADJ,Adventure Junction,679,634,1000,9,1,8
Six Flags,2025-08-25 00:00:00+00:00,TWE,Twilight Express,1189,1135,2000,8,2,6
Six Flags,2025-08-25 00:00:00+00:00,IRT,Iron Rattler,1535,1481,2400,8,5,3
Six Flags,2025-08-25 00:00:00+00:00,SRT,Sirocco Tower,1847,1784,2300,6,1,5
Six Flags,2025-08-25 00:00:00+00:00,FCF,Falcons Flight,1926,1900,2500,8,2,6
Six Flags,2025-08-25 00:00:00+00:00,SKW,Skywatch,1461,1429,2100,9,3,6
Aquarabia,2025-08-25 00:00:00+00:00,RFR,Raft Republic,1021,927,1700,9,2,7
Aquarabia,2025-08-25 00:00:00+00:00,AMB,Amwaj Bay,924,887,1600,9,2,7
Aquarabia,2025-08-25 00:00:00+00:00,SPG,Splash Grotto,1257,1225,1900,11,2,9
Aquarabia,2025-08-25 00:00:00+00:00,ZZZ,ZipZapZoom,1098,1034,1400,10,2,8
Aquarabia,2025-08-25 00:00:00+00:00,TLC,The Lazy Camel,530,499,800,8,1,7
Aquarabia,2025-08-25 00:00:00+00:00,SFT,Surftopia,809,750,1300,9,1,8
Aquarabia,2025-08-25 00:00:00+00:00,HVP,Hyper Viper,1380,1348,2000,8,1,7
Aquarabia,2025-08-25 00:00:00+00:00,JND,Junoon Drop,806,744,1100,10,2,8
Aquarabia,2025-08-25 00:00:00+00:00,JPJ,Jump Jolt,553,490,1000,10,1,9
Aquarabia,2025-08-26 00:00:00+00:00,SST,Sea Stallion,1498,1446,2200,12,2,10
Six Flags,2025-08-26 00:00:00+00:00,AQT,Aquatopia,1286,1243,1800,8,2,6
Six Flags,2025-08-26 00:00:00+00:00,SPF,Spitfire,1057,1021,1500,9,1,8
Six Flags,2025-08-26 00:00:00+00:00,ARC,Arabian Carousel,738,643,900,8,2,6
Six Flags,2025-08-26 00:00:00+00:00,CYC,Canyon Charters,961,923,1200,10,3,7
Six Flags,2025-08-26 00:00:00+00:00,ADJ,Adventure Junction,682,631,1000,9,2,7
Six Flags,2025-08-26 00:00:00+00:00,TWE,Twilight Express,1287,1249,2000,8,2,6
Six Flags,2025-08-26 00:00:00+00:00,IRT,Iron Rattler,1637,1591,2400,8,3,5
Six Flags,2025-08-26 00:00:00+00:00,SRT,Sirocco Tower,1482,1414,2300,6,2,4
Six Flags,2025-08-26 00:00:00+00:00,FCF,Falcons Flight,1864,1780,2500,8,2,6
Six Flags,2025-08-26 00:00:00+00:00,SKW,Skywatch,1410,1367,2100,9,5,4
Aquarabia,2025-08-26 00:00:00+00:00,RFR,Raft Republic,1251,1164,1700,9,1,8
Aquarabia,2025-08-26 00:00:00+00:00,AMB,Amwaj Bay,932,896,1600,9,1,8
Aquarabia,2025-08-26 00:00:00+00:00,SPG,Splash Grotto,1496,1433,1900,11,1,10
Aquarabia,2025-08-26 00:00:00+00:00,ZZZ,ZipZapZoom,941,900,1400,10,1,9
Aquarabia,2025-08-26 00:00:00+00:00,TLC,The Lazy Camel,473,438,800,8,2,6
Aquarabia,2025-08-26 00:00:00+00:00,SFT,Surftopia,819,731,1300,9,2,7
Aquarabia,2025-08-26 00:00:00+00:00,HVP,Hyper Viper,1282,1189,2000,8,1,7
Aquarabia,2025-08-26 00:00:00+00:00,JND,Junoon Drop,730,689,1100,10,2,8
Aquarabia,2025-08-26 00:00:00+00:00,JPJ,Jump Jolt,586,566,1000,10,1,9
Aquarabia,2025-08-27 00:00:00+00:00,SST,Sea Stallion,1530,1506,2200,12,1,11
Six Flags,2025-08-27 00:00:00+00:00,AQT,Aquatopia,1215,1156,1800,8,2,6
Six Flags,2025-08-27 00:00:00+00:00,SPF,Spitfire,1014,966,1500,9,1,8
Six Flags,2025-08-27 00:00:00+00:00,ARC,Arabian Carousel,612,540,900,8,2,6
Six Flags,2025-08-27 00:00:00+00:00,CYC,Canyon Charters,937,900,1200,10,4,6
Six Flags,2025-08-27 00:00:00+00:00,ADJ,Adventure Junction,776,684,1000,9,2,7
Six Flags,2025-08-27 00:00:00+00:00,TWE,Twilight Express,1469,1404,2000,8,1,7
Six Flags,2025-08-27 00:00:00+00:00,IRT,Iron Rattler,1577,1521,2400,8,5,3
Six Flags,2025-08-27 00:00:00+00:00,SRT,Sirocco Tower,1402,1327,2300,6,1,5
Six Flags,2025-08-27 00:00:00+00:00,FCF,Falcons Flight,1795,1772,2500,8,2,6
Six Flags,2025-08-27 00:00:00+00:00,SKW,Skywatch,1695,1648,2100,9,5,4
Aquarabia,2025-08-27 00:00:00+00:00,RFR,Raft Republic,985,963,1700,9,1,8
Aquarabia,2025-08-27 00:00:00+00:00,AMB,Amwaj Bay,930,841,1600,9,2,7
Aquarabia,2025-08-27 00:00:00+00:00,SPG,Splash Grotto,1486,1431,1900,11,2,9
Aquarabia,2025-08-27 00:00:00+00:00,ZZZ,ZipZapZoom,1034,937,1400,10,2,8
Aquarabia,2025-08-27 00:00:00+00:00,TLC,The Lazy Camel,580,547,800,8,2,6
Aquarabia,2025-08-27 00:00:00+00:00,SFT,Surftopia,942,914,1300,9,2,7
Aquarabia,2025-08-27 00:00:00+00:00,HVP,Hyper Viper,1388,1340,2000,8,1,7
Aquarabia,2025-08-27 00:00:00+00:00,JND,Junoon Drop,644,598,1100,10,1,9
Aquarabia,2025-08-27 00:00:00+00:00,JPJ,Jump Jolt,689,598,1000,10,2,8
Aquarabia,2025-08-28 00:00:00+00:00,SST,Sea Stallion,1631,1551,2200,12,2,10
Six Flags,2025-08-28 00:00:00+00:00,AQT,Aquatopia,1073,1052,1800,8,1,7
Six Flags,2025-08-28 00:00:00+00:00,SPF,Spitfire,1123,1027,1500,9,2,7
Six Flags,2025-08-28 00:00:00+00:00,ARC,Arabian Carousel,759,672,900,8,1,7
Six Flags,2025-08-28 00:00:00+00:00,CYC,Canyon Charters,774,747,1200,10,4,6
Six Flags,2025-08-28 00:00:00+00:00,ADJ,Adventure Junction,652,571,1000,9,1,8
Six Flags,2025-08-28 00:00:00+00:00,TWE,Twilight Express,1592,1534,2000,8,1,7
Six Flags,2025-08-28 00:00:00+00:00,IRT,Iron Rattler,1598,1500,2400,8,4,4
Six Flags,2025-08-28 00:00:00+00:00,SRT,Sirocco Tower,1645,1595,2300,6,2,4
Six Flags,2025-08-28 00:00:00+00:00,FCF,Falcons Flight,2045,1980,2500,8,1,7
Six Flags,2025-08-28 00:00:00+00:00,SKW,Skywatch,1272,1204,2100,9,3,6
Aquarabia,2025-08-28 00:00:00+00:00,RFR,Raft Republic,864,824,1700,9,1,8
Aquarabia,2025-08-28 00:00:00+00:00,AMB,Amwaj Bay,943,861,1600,9,1,8
Aquarabia,2025-08-28 00:00:00+00:00,SPG,Splash Grotto,1055,980,1900,11,1,10
Aquarabia,2025-08-28 00:00:00+00:00,ZZZ,ZipZapZoom,1071,1017,1400,10,2,8
Aquarabia,2025-08-28 00:00:00+00:00,TLC,The Lazy Camel,607,573,800,8,2,6
Aquarabia,2025-08-28 00:00:00+00:00,SFT,Surftopia,827,740,1300,9,1,8
Aquarabia,2025-08-28 00:00:00+00:00,HVP,Hyper Viper,1447,1380,2000,8,2,6
Aquarabia,2025-08-28 00:00:00+00:00,JND,Junoon Drop,819,788,1100,10,1,9
Aquarabia,2025-08-28 00:00:00+00:00,JPJ,Jump Jolt,646,562,1000,10,1,9
Aquarabia,2025-08-29 00:00:00+00:00,SST,Sea Stallion,1942,1871,2200,12,1,11
Six Flags,2025-08-29 00:00:00+00:00,AQT,Aquatopia,1293,1238,1800,8,2,6
Six Flags,2025-08-29 00:00:00+00:00,SPF,Spitfire,1125,1062,1500,9,2,7
Six Flags,2025-08-29 00:00:00+00:00,ARC,Arabian Carousel,541,511,900,8,1,7
Six Flags,2025-08-29 00:00:00+00:00,CYC,Canyon Charters,829,767,1200,10,4,6
Six Flags,2025-08-29 00:00:00+00:00,ADJ,Adventure Junction,798,703,1000,9,1,8
Six Flags,2025-08-29 00:00:00+00:00,TWE,Twilight Express,1199,1176,2000,8,2,6
Six Flags,2025-08-29 00:00:00+00:00,IRT,Iron Rattler,1691,1641,2400,8,5,3
Six Flags,2025-08-29 00:00:00+00:00,SRT,Sirocco Tower,1561,1530,2300,6,2,4
Six Flags,2025-08-29 00:00:00+00:00,FCF,Falcons Flight,2208,2121,2500,8,1,7
Six Flags,2025-08-29 00:00:00+00:00,SKW,Skywatch,1478,1458,2100,9,5,4
Aquarabia,2025-08-29 00:00:00+00:00,RFR,Raft Republic,1012,953,1700,9,2,7
Aquarabia,2025-08-29 00:00:00+00:00,AMB,Amwaj Bay,1019,995,1600,9,2,7
Aquarabia,2025-08-29 00:00:00+00:00,SPG,Splash Grotto,1132,1077,1900,11,2,9
Aquarabia,2025-08-29 00:00:00+00:00,ZZZ,ZipZapZoom,809,788,1400,10,1,9
Aquarabia,2025-08-29 00:00:00+00:00,TLC,The Lazy Camel,528,468,800,8,2,6
Aquarabia,2025-08-29 00:00:00+00:00,SFT,Surftopia,731,691,1300,9,2,7
Aquarabia,2025-08-29 00:00:00+00:00,HVP,Hyper Viper,1297,1203,2000,8,2,6
Aquarabia,2025-08-29 00:00:00+00:00,JND,Junoon Drop,731,633,1100,10,2,8
Aquarabia,2025-08-29 00:00:00+00:00,JPJ,Jump Jolt,662,621,1000,10,1,9
Aquarabia,2025-08-30 00:00:00+00:00,SST,Sea Stallion,1650,1613,2200,12,1,11
Six Flags,2025-08-30 00:00:00+00:00,AQT,Aquatopia,1143,1089,1800,8,2,6
Six Flags,2025-08-30 00:00:00+00:00,SPF,Spitfire,853,801,1500,9,1,8
Six Flags,2025-08-30 00:00:00+00:00,ARC,Arabian Carousel,669,604,900,8,1,7
Six Flags,2025-08-30 00:00:00+00:00,CYC,Canyon Charters,883,797,1200,10,3,7
Six Flags,2025-08-30 00:00:00+00:00,ADJ,Adventure Junction,773,719,1000,9,2,7
Six Flags,2025-08-30 00:00:00+00:00,TWE,Twilight Express,1132,1052,2000,8,2,6
Six Flags,2025-08-30 00:00:00+00:00,IRT,Iron Rattler,1620,1552,2400,8,3,5
Six Flags,2025-08-30 00:00:00+00:00,SRT,Sirocco Tower,1446,1355,2300,6,2,4
Six Flags,2025-08-30 00:00:00+00:00,FCF,Falcons Flight,1883,1791,2500,8,1,7
Six Flags,2025-08-30 00:00:00+00:00,SKW,Skywatch,1665,1595,2100,9,5,4
Aquarabia,2025-08-30 00:00:00+00:00,RFR,Raft Republic,1175,1154,1700,9,1,8
Aquarabia,2025-08-30 00:00:00+00:00,AMB,Amwaj Bay,885,816,1600,9,1,8
Aquarabia,2025-08-30 00:00:00+00:00,SPG,Splash Grotto,1200,1121,1900,11,2,9
Aquarabia,2025-08-30 00:00:00+00:00,ZZZ,ZipZapZoom,1158,1085,1400,10,1,9
Aquarabia,2025-08-30 00:00:00+00:00,TLC,The Lazy Camel,584,559,800,8,2,6
Aquarabia,2025-08-30 00:00:00+00:00,SFT,Surftopia,759,711,1300,9,1,8
Aquarabia,2025-08-30 00:00:00+00:00,HVP,Hyper Viper,1134,1103,2000,8,1,7
Aquarabia,2025-08-30 00:00:00+00:00,JND,Junoon Drop,793,733,1100,10,1,9
Aquarabia,2025-08-30 00:00:00+00:00,JPJ,Jump Jolt,728,647,1000,10,2,8
Aquarabia,2025-08-31 00:00:00+00:00,SST,Sea Stallion,1483,1391,2200,12,2,10
Six Flags,2025-08-31 00:00:00+00:00,AQT,Aquatopia,1351,1263,1800,8,1,7
Six Flags,2025-08-31 00:00:00+00:00,SPF,Spitfire,862,801,1500,9,2,7
Six Flags,2025-08-31 00:00:00+00:00,ARC,Arabian Carousel,575,511,900,8,2,6
Six Flags,2025-08-31 00:00:00+00:00,CYC,Canyon Charters,788,731,1200,10,4,6
Six Flags,2025-08-31 00:00:00+00:00,ADJ,Adventure Junction,708,612,1000,9,2,7
Six Flags,2025-08-31 00:00:00+00:00,TWE,Twilight Express,1553,1491,2000,8,2,6
Six Flags,2025-08-31 00:00:00+00:00,IRT,Iron Rattler,1694,1639,2400,8,4,4
Six Flags,2025-08-31 00:00:00+00:00,SRT,Sirocco Tower,1384,1347,2300,6,1,5
Six Flags,2025-08-31 00:00:00+00:00,FCF,Falcons Flight,2129,2037,2500,8,2,6
Six Flags,2025-08-31 00:00:00+00:00,SKW,Skywatch,1538,1458,2100,9,4,5
Aquarabia,2025-08-31 00:00:00+00:00,RFR,Raft Republic,1281,1198,1700,9,2,7
Aquarabia,2025-08-31 00:00:00+00:00,AMB,Amwaj Bay,1007,944,1600,9,1,8
Aquarabia,2025-08-31 00:00:00+00:00,SPG,Splash Grotto,1486,1431,1900,11,2,9
Aquarabia,2025-08-31 00:00:00+00:00,ZZZ,ZipZapZoom,1064,1017,1400,10,2,8
Aquarabia,2025-08-31 00:00:00+00:00,TLC,The Lazy Camel,527,477,800,8,1,7
Aquarabia,2025-08-31 00:00:00+00:00,SFT,Surftopia,744,695,1300,9,2,7
Aquarabia,2025-08-31 00:00:00+00:00,HVP,Hyper Viper,1247,1158,2000,8,1,7
Aquarabia,2025-08-31 00:00:00+00:00,JND,Junoon Drop,830,778,1100,10,2,8
Aquarabia,2025-08-31 00:00:00+00:00,JPJ,Jump Jolt,676,621,1000,10,1,9
Aquarabia,2025-09-01 00:00:00+00:00,SST,Sea Stallion,1459,1411,2200,12,1,11
Six Flags,2025-09-01 00:00:00+00:00,AQT,Aquatopia,1208,1126,1800,8,2,6
Six Flags,2025-09-01 00:00:00+00:00,SPF,Spitfire,1087,1012,1500,9,2,7
Six Flags,2025-09-01 00:00:00+00:00,ARC,Arabian Carousel,480,438,900,8,1,7
Six Flags,2025-09-01 00:00:00+00:00,CYC,Canyon Charters,764,678,1200,10,3,7
Six Flags,2025-09-01 00:00:00+00:00,ADJ,Adventure Junction,804,710,1000,9,1,8
Six Flags,2025-09-01 00:00:00+00:00,TWE,Twilight Express,1273,1237,2000,8,1,7
Six Flags,2025-09-01 00:00:00+00:00,IRT,Iron Rattler,1742,1688,2400,8,5,3
Six Flags,2025-09-01 00:00:00+00:00,SRT,Sirocco Tower,1513,1469,2300,6,2,4
Six Flags,2025-09-01 00:00:00+00:00,FCF,Falcons Flight,1981,1940,2500,8,2,6
Six Flags,2025-09-01 00:00:00+00:00,SKW,Skywatch,1311,1222,2100,9,3,6
Aquarabia,2025-09-01 00:00:00+00:00,RFR,Raft Republic,990,925,1700,9,1,8
Aquarabia,2025-09-01 00:00:00+00:00,AMB,Amwaj Bay,1015,935,1600,9,1,8
Aquarabia,2025-09-01 00:00:00+00:00,SPG,Splash Grotto,1252,1171,1900,11,2,9
Aquarabia,2025-09-01 00:00:00+00:00,ZZZ,ZipZapZoom,812,782,1400,10,2,8
Aquarabia,2025-09-01 00:00:00+00:00,TLC,The Lazy Camel,405,347,800,8,1,7
Aquarabia,2025-09-01 00:00:00+00:00,SFT,Surftopia,700,610,1300,9,2,7
Aquarabia,2025-09-01 00:00:00+00:00,HVP,Hyper Viper,1094,1067,2000,8,2,6
Aquarabia,2025-09-01 00:00:00+00:00,JND,Junoon Drop,652,618,1100,10,1,9
Aquarabia,2025-09-01 00:00:00+00:00,JPJ,Jump Jolt,770,682,1000,10,1,9
Aquarabia,2025-09-02 00:00:00+00:00,SST,Sea Stallion,1873,1833,2200,12,2,10
Six Flags,2025-09-02 00:00:00+00:00,AQT,Aquatopia,1040,999,1800,8,2,6
Six Flags,2025-09-02 00:00:00+00:00,SPF,Spitfire,1078,979,1500,9,1,8
Six Flags,2025-09-02 00:00:00+00:00,ARC,Arabian Carousel,459,433,900,8,2,6
Six Flags,2025-09-02 00:00:00+00:00,CYC,Canyon Charters,792,714,1200,10,4,6
Six Flags,2025-09-02 00:00:00+00:00,ADJ,Adventure Junction,565,473,1000,9,1,8
Six Flags,2025-09-02 00:00:00+00:00,TWE,Twilight Express,1326,1272,2000,8,1,7
Six Flags,2025-09-02 00:00:00+00:00,IRT,Iron Rattler,1360,1319,2400,8,5,3
Six Flags,2025-09-02 00:00:00+00:00,SRT,Sirocco Tower,1680,1596,2300,6,2,4
Six Flags,2025-09-02 00:00:00+00:00,FCF,Falcons Flight,1706,1681,2500,8,1,7
Six Flags,2025-09-02 00:00:00+00:00,SKW,Skywatch,1278,1183,2100,9,4,5
Aquarabia,2025-09-02 00:00:00+00:00,RFR,Raft Republic,943,871,1700,9,1,8
Aquarabia,2025-09-02 00:00:00+00:00,AMB,Amwaj Bay,959,892,1600,9,2,7
Aquarabia,2025-09-02 00:00:00+00:00,SPG,Splash Grotto,1098,1005,1900,11,2,9
Aquarabia,2025-09-02 00:00:00+00:00,ZZZ,ZipZapZoom,855,831,1400,10,1,9
Aquarabia,2025-09-02 00:00:00+00:00,TLC,The Lazy Camel,505,454,800,8,2,6
Aquarabia,2025-09-02 00:00:00+00:00,SFT,Surftopia,759,680,1300,9,2,7
Aquarabia,2025-09-02 00:00:00+00:00,HVP,Hyper Viper,1300,1231,2000,8,1,7
Aquarabia,2025-09-02 00:00:00+00:00,JND,Junoon Drop,645,611,1100,10,2,8
Aquarabia,2025-09-02 00:00:00+00:00,JPJ,Jump Jolt,573,522,1000,10,2,8
Aquarabia,2025-09-03 00:00:00+00:00,SST,Sea Stallion,1691,1654,2200,12,2,10
Six Flags,2025-09-03 00:00:00+00:00,AQT,Aquatopia,1139,1085,1800,8,1,7
Six Flags,2025-09-03 00:00:00+00:00,SPF,Spitfire,1083,1021,1500,9,2,7
Six Flags,2025-09-03 00:00:00+00:00,ARC,Arabian Carousel,605,533,900,8,1,7
Six Flags,2025-09-03 00:00:00+00:00,CYC,Canyon Charters,924,832,1200,10,3,7
Six Flags,2025-09-03 00:00:00+00:00,ADJ,Adventure Junction,690,627,1000,9,1,8
Six Flags,2025-09-03 00:00:00+00:00,TWE,Twilight Express,1524,1433,2000,8,2,6
Six Flags,2025-09-03 00:00:00+00:00,IRT,Iron Rattler,1372,1306,2400,8,4,4
Six Flags,2025-09-03 00:00:00+00:00,SRT,Sirocco Tower,1206,1185,2300,6,1,5
Six Flags,2025-09-03 00:00:00+00:00,FCF,Falcons Flight,1768,1726,2500,8,2,6
Six Flags,2025-09-03 00:00:00+00:00,SKW,Skywatch,1443,1354,2100,9,5,4
Aquarabia,2025-09-03 00:00:00+00:00,RFR,Raft Republic,846,784,1700,9,1,8
Aquarabia,2025-09-03 00:00:00+00:00,AMB,Amwaj Bay,949,925,1600,9,2,7
Aquarabia,2025-09-03 00:00:00+00:00,SPG,Splash Grotto,1014,970,1900,11,1,10
Aquarabia,2025-09-03 00:00:00+00:00,ZZZ,ZipZapZoom,800,707,1400,10,2,8
Aquarabia,2025-09-03 00:00:00+00:00,TLC,The Lazy Camel,495,441,800,8,2,6
Aquarabia,2025-09-03 00:00:00+00:00,SFT,Surftopia,720,683,1300,9,1,8
Aquarabia,2025-09-03 00:00:00+00:00,HVP,Hyper Viper,1053,1033,2000,8,2,6
Aquarabia,2025-09-03 00:00:00+00:00,JND,Junoon Drop,608,582,1100,10,2,8
Aquarabia,2025-09-03 00:00:00+00:00,JPJ,Jump Jolt,669,585,1000,10,1,9
Aquarabia,2025-09-04 00:00:00+00:00,SST,Sea Stallion,1437,1358,2200,12,2,10
Six Flags,2025-09-04 00:00:00+00:00,AQT,Aquatopia,1324,1273,1800,8,2,6
Six Flags,2025-09-04 00:00:00+00:00,SPF,Spitfire,845,779,1500,9,1,8
Six Flags,2025-09-04 00:00:00+00:00,ARC,Arabian Carousel,625,533,900,8,2,6
Six Flags,2025-09-04 00:00:00+00:00,CYC,Canyon Charters,821,734,1200,10,3,7
Six Flags,2025-09-04 00:00:00+00:00,ADJ,Adventure Junction,765,697,1000,9,1,8
Six Flags,2025-09-04 00:00:00+00:00,TWE,Twilight Express,1224,1200,2000,8,2,6
Six Flags,2025-09-04 00:00:00+00:00,IRT,Iron Rattler,1316,1276,2400,8,3,5
Six Flags,2025-09-04 00:00:00+00:00,SRT,Sirocco Tower,1466,1443,2300,6,1,5
Six Flags,2025-09-04 00:00:00+00:00,FCF,Falcons Flight,1704,1661,2500,8,2,6
Six Flags,2025-09-04 00:00:00+00:00,SKW,Skywatch,1388,1300,2100,9,3,6
Aquarabia,2025-09-04 00:00:00+00:00,RFR,Raft Republic,894,808,1700,9,1,8
Aquarabia,2025-09-04 00:00:00+00:00,AMB,Amwaj Bay,1026,973,1600,9,1,8
Aquarabia,2025-09-04 00:00:00+00:00,SPG,Splash Grotto,1078,982,1900,11,1,10
Aquarabia,2025-09-04 00:00:00+00:00,ZZZ,ZipZapZoom,838,799,1400,10,2,8
Aquarabia,2025-09-04 00:00:00+00:00,TLC,The Lazy Camel,587,527,800,8,1,7
Aquarabia,2025-09-04 00:00:00+00:00,SFT,Surftopia,742,658,1300,9,1,8
Aquarabia,2025-09-04 00:00:00+00:00,HVP,Hyper Viper,1289,1198,2000,8,2,6
Aquarabia,2025-09-04 00:00:00+00:00,JND,Junoon Drop,647,605,1100,10,2,8
Aquarabia,2025-09-04 00:00:00+00:00,JPJ,Jump Jolt,576,533,1000,10,2,8
Aquarabia,2025-09-05 00:00:00+00:00,SST,Sea Stallion,1670,1623,2200,12,1,11
Six Flags,2025-09-05 00:00:00+00:00,AQT,Aquatopia,994,944,1800,8,1,7
Six Flags,2025-09-05 00:00:00+00:00,SPF,Spitfire,945,917,1500,9,2,7
Six Flags,2025-09-05 00:00:00+00:00,ARC,Arabian Carousel,677,578,900,8,1,7
Six Flags,2025-09-05 00:00:00+00:00,CYC,Canyon Charters,668,584,1200,10,4,6
Six Flags,2025-09-05 00:00:00+00:00,ADJ,Adventure Junction,612,589,1000,9,1,8
Six Flags,2025-09-05 00:00:00+00:00,TWE,Twilight Express,1139,1092,2000,8,2,6
Six Flags,2025-09-05 00:00:00+00:00,IRT,Iron Rattler,1611,1533,2400,8,5,3
Six Flags,2025-09-05 00:00:00+00:00,SRT,Sirocco Tower,1247,1160,2300,6,1,5
Six Flags,2025-09-05 00:00:00+00:00,FCF,Falcons Flight,1877,1838,2500,8,2,6
Six Flags,2025-09-05 00:00:00+00:00,SKW,Skywatch,1102,1006,2100,9,5,4
Aquarabia,2025-09-05 00:00:00+00:00,RFR,Raft Republic,1186,1149,1700,9,1,8
Aquarabia,2025-09-05 00:00:00+00:00,AMB,Amwaj Bay,1067,995,1600,9,2,7
Aquarabia,2025-09-05 00:00:00+00:00,SPG,Splash Grotto,1063,969,1900,11,1,10
Aquarabia,2025-09-05 00:00:00+00:00,ZZZ,ZipZapZoom,796,754,1400,10,1,9
Aquarabia,2025-09-05 00:00:00+00:00,TLC,The Lazy Camel,545,465,800,8,1,7
Aquarabia,2025-09-05 00:00:00+00:00,SFT,Surftopia,624,600,1300,9,1,8
Aquarabia,2025-09-05 00:00:00+00:00,HVP,Hyper Viper,1289,1222,2000,8,1,7
Aquarabia,2025-09-05 00:00:00+00:00,JND,Junoon Drop,638,585,1100,10,2,8
Aquarabia,2025-09-05 00:00:00+00:00,JPJ,Jump Jolt,675,600,1000,10,1,9
Aquarabia,2025-09-06 00:00:00+00:00,SST,Sea Stallion,1676,1637,2200,12,2,10
Six Flags,2025-09-06 00:00:00+00:00,AQT,Aquatopia,1103,1074,1800,8,1,7
Six Flags,2025-09-06 00:00:00+00:00,SPF,Spitfire,864,844,1500,9,1,8
Six Flags,2025-09-06 00:00:00+00:00,ARC,Arabian Carousel,536,447,900,8,1,7
Six Flags,2025-09-06 00:00:00+00:00,CYC,Canyon Charters,800,756,1200,10,3,7
Six Flags,2025-09-06 00:00:00+00:00,ADJ,Adventure Junction,705,620,1000,9,2,7
Six Flags,2025-09-06 00:00:00+00:00,TWE,Twilight Express,1109,1049,2000,8,1,7
Six Flags,2025-09-06 00:00:00+00:00,IRT,Iron Rattler,1600,1521,2400,8,3,5
Six Flags,2025-09-06 00:00:00+00:00,SRT,Sirocco Tower,1517,1461,2300,6,1,5
Six Flags,2025-09-06 00:00:00+00:00,FCF,Falcons Flight,1757,1664,2500,8,1,7
Six Flags,2025-09-06 00:00:00+00:00,SKW,Skywatch,1332,1253,2100,9,3,6
Aquarabia,2025-09-06 00:00:00+00:00,RFR,Raft Republic,854,804,1700,9,2,7
Aquarabia,2025-09-06 00:00:00+00:00,AMB,Amwaj Bay,933,910,1600,9,1,8
Aquarabia,2025-09-06 00:00:00+00:00,SPG,Splash Grotto,1306,1257,1900,11,2,9
Aquarabia,2025-09-06 00:00:00+00:00,ZZZ,ZipZapZoom,857,828,1400,10,1,9
Aquarabia,2025-09-06 00:00:00+00:00,TLC,The Lazy Camel,439,400,800,8,1,7
Aquarabia,2025-09-06 00:00:00+00:00,SFT,Surftopia,721,681,1300,9,2,7
Aquarabia,2025-09-06 00:00:00+00:00,HVP,Hyper Viper,1029,996,2000,8,1,7
Aquarabia,2025-09-06 00:00:00+00:00,JND,Junoon Drop,749,653,1100,10,1,9
Aquarabia,2025-09-06 00:00:00+00:00,JPJ,Jump Jolt,506,484,1000,10,1,9
Aquarabia,2025-09-07 00:00:00+00:00,SST,Sea Stallion,1370,1300,2200,12,1,11
Six Flags,2025-09-07 00:00:00+00:00,AQT,Aquatopia,1264,1216,1800,8,1,7
Six Flags,2025-09-07 00:00:00+00:00,SPF,Spitfire,987,952,1500,9,1,8
Six Flags,2025-09-07 00:00:00+00:00,ARC,Arabian Carousel,687,645,900,8,1,7
Six Flags,2025-09-07 00:00:00+00:00,CYC,Canyon Charters,749,726,1200,10,4,6
Six Flags,2025-09-07 00:00:00+00:00,ADJ,Adventure Junction,710,644,1000,9,2,7
Six Flags,2025-09-07 00:00:00+00:00,TWE,Twilight Express,1340,1306,2000,8,1,7
Six Flags,2025-09-07 00:00:00+00:00,IRT,Iron Rattler,1380,1333,2400,8,4,4
Six Flags,2025-09-07 00:00:00+00:00,SRT,Sirocco Tower,1390,1344,2300,6,1,5
Six Flags,2025-09-07 00:00:00+00:00,FCF,Falcons Flight,1888,1833,2500,8,2,6
Six Flags,2025-09-07 00:00:00+00:00,SKW,Skywatch,1138,1111,2100,9,4,5
Aquarabia,2025-09-07 00:00:00+00:00,RFR,Raft Republic,1097,1037,1700,9,1,8
Aquarabia,2025-09-07 00:00:00+00:00,AMB,Amwaj Bay,1016,991,1600,9,1,8
Aquarabia,2025-09-07 00:00:00+00:00,SPG,Splash Grotto,1148,1052,1900,11,2,9
Aquarabia,2025-09-07 00:00:00+00:00,ZZZ,ZipZapZoom,901,807,1400,10,1,9
Aquarabia,2025-09-07 00:00:00+00:00,TLC,The Lazy Camel,529,459,800,8,2,6
Aquarabia,2025-09-07 00:00:00+00:00,SFT,Surftopia,883,791,1300,9,1,8
Aquarabia,2025-09-07 00:00:00+00:00,HVP,Hyper Viper,1060,1031,2000,8,2,6
Aquarabia,2025-09-07 00:00:00+00:00,JND,Junoon Drop,645,552,1100,10,2,8
Aquarabia,2025-09-07 00:00:00+00:00,JPJ,Jump Jolt,700,606,1000,10,2,8
Aquarabia,2025-09-08 00:00:00+00:00,SST,Sea Stallion,1727,1665,2200,12,1,11
Six Flags,2025-09-08 00:00:00+00:00,AQT,Aquatopia,1102,1049,1800,8,2,6
Six Flags,2025-09-08 00:00:00+00:00,SPF,Spitfire,749,712,1500,9,1,8
Six Flags,2025-09-08 00:00:00+00:00,ARC,Arabian Carousel,606,523,900,8,2,6
Six Flags,2025-09-08 00:00:00+00:00,CYC,Canyon Charters,778,728,1200,10,4,6
Six Flags,2025-09-08 00:00:00+00:00,ADJ,Adventure Junction,639,608,1000,9,2,7
Six Flags,2025-09-08 00:00:00+00:00,TWE,Twilight Express,1332,1289,2000,8,1,7
Six Flags,2025-09-08 00:00:00+00:00,IRT,Iron Rattler,1339,1318,2400,8,4,4
Six Flags,2025-09-08 00:00:00+00:00,SRT,Sirocco Tower,1389,1291,2300,6,2,4
Six Flags,2025-09-08 00:00:00+00:00,FCF,Falcons Flight,1536,1506,2500,8,2,6
Six Flags,2025-09-08 00:00:00+00:00,SKW,Skywatch,1436,1363,2100,9,4,5
Aquarabia,2025-09-08 00:00:00+00:00,RFR,Raft Republic,1011,914,1700,9,2,7
Aquarabia,2025-09-08 00:00:00+00:00,AMB,Amwaj Bay,1018,928,1600,9,1,8
Aquarabia,2025-09-08 00:00:00+00:00,SPG,Splash Grotto,1019,969,1900,11,1,10
Aquarabia,2025-09-08 00:00:00+00:00,ZZZ,ZipZapZoom,882,817,1400,10,2,8
Aquarabia,2025-09-08 00:00:00+00:00,TLC,The Lazy Camel,462,377,800,8,2,6
Aquarabia,2025-09-08 00:00:00+00:00,SFT,Surftopia,845,823,1300,9,1,8
Aquarabia,2025-09-08 00:00:00+00:00,HVP,Hyper Viper,1275,1195,2000,8,2,6
Aquarabia,2025-09-08 00:00:00+00:00,JND,Junoon Drop,737,647,1100,10,1,9
Aquarabia,2025-09-08 00:00:00+00:00,JPJ,Jump Jolt,710,659,1000,10,1,9
Aquarabia,2025-09-09 00:00:00+00:00,SST,Sea Stallion,1568,1476,2200,12,2,10
Six Flags,2025-09-09 00:00:00+00:00,AQT,Aquatopia,1085,1053,1800,8,1,7
Six Flags,2025-09-09 00:00:00+00:00,SPF,Spitfire,899,875,1500,9,1,8
Six Flags,2025-09-09 00:00:00+00:00,ARC,Arabian Carousel,603,519,900,8,2,6
Six Flags,2025-09-09 00:00:00+00:00,CYC,Canyon Charters,744,647,1200,10,4,6
Six Flags,2025-09-09 00:00:00+00:00,ADJ,Adventure Junction,683,618,1000,9,1,8
Six Flags,2025-09-09 00:00:00+00:00,TWE,Twilight Express,1304,1251,2000,8,2,6
Six Flags,2025-09-09 00:00:00+00:00,IRT,Iron Rattler,1400,1315,2400,8,4,4
Six Flags,2025-09-09 00:00:00+00:00,SRT,Sirocco Tower,1524,1434,2300,6,2,4
Six Flags,2025-09-09 00:00:00+00:00,FCF,Falcons Flight,1903,1864,2500,8,2,6
Six Flags,2025-09-09 00:00:00+00:00,SKW,Skywatch,1262,1230,2100,9,5,4
Aquarabia,2025-09-09 00:00:00+00:00,RFR,Raft Republic,1010,988,1700,9,2,7
Aquarabia,2025-09-09 00:00:00+00:00,AMB,Amwaj Bay,1072,974,1600,9,2,7
Aquarabia,2025-09-09 00:00:00+00:00,SPG,Splash Grotto,1243,1183,1900,11,2,9
Aquarabia,2025-09-09 00:00:00+00:00,ZZZ,ZipZapZoom,835,736,1400,10,2,8
Aquarabia,2025-09-09 00:00:00+00:00,TLC,The Lazy Camel,549,457,800,8,2,6
Aquarabia,2025-09-09 00:00:00+00:00,SFT,Surftopia,648,570,1300,9,1,8
Aquarabia,2025-09-09 00:00:00+00:00,HVP,Hyper Viper,1286,1258,2000,8,1,7
Aquarabia,2025-09-09 00:00:00+00:00,JND,Junoon Drop,635,585,1100,10,2,8
Aquarabia,2025-09-09 00:00:00+00:00,JPJ,Jump Jolt,693,613,1000,10,1,9
Aquarabia,2025-09-10 00:00:00+00:00,SST,Sea Stallion,1602,1507,2200,12,1,11
Six Flags,2025-09-10 00:00:00+00:00,AQT,Aquatopia,1112,1050,1800,8,1,7
Six Flags,2025-09-10 00:00:00+00:00,SPF,Spitfire,918,871,1500,9,1,8
Six Flags,2025-09-10 00:00:00+00:00,ARC,Arabian Carousel,661,611,900,8,2,6
Six Flags,2025-09-10 00:00:00+00:00,CYC,Canyon Charters,822,767,1200,10,3,7
Six Flags,2025-09-10 00:00:00+00:00,ADJ,Adventure Junction,607,569,1000,9,1,8
Six Flags,2025-09-10 00:00:00+00:00,TWE,Twilight Express,1266,1222,2000,8,1,7
Six Flags,2025-09-10 00:00:00+00:00,IRT,Iron Rattler,1614,1518,2400,8,3,5
Six Flags,2025-09-10 00:00:00+00:00,SRT,Sirocco Tower,1544,1491,2300,6,2,4
Six Flags,2025-09-10 00:00:00+00:00,FCF,Falcons Flight,2080,1991,2500,8,2,6
Six Flags,2025-09-10 00:00:00+00:00,SKW,Skywatch,1218,1163,2100,9,4,5
Aquarabia,2025-09-10 00:00:00+00:00,RFR,Raft Republic,1119,1056,1700,9,2,7
Aquarabia,2025-09-10 00:00:00+00:00,AMB,Amwaj Bay,1071,1040,1600,9,1,8
Aquarabia,2025-09-10 00:00:00+00:00,SPG,Splash Grotto,1181,1146,1900,11,2,9
Aquarabia,2025-09-10 00:00:00+00:00,ZZZ,ZipZapZoom,796,757,1400,10,1,9
Aquarabia,2025-09-10 00:00:00+00:00,TLC,The Lazy Camel,516,475,800,8,1,7
Aquarabia,2025-09-10 00:00:00+00:00,SFT,Surftopia,673,647,1300,9,1,8
Aquarabia,2025-09-10 00:00:00+00:00,HVP,Hyper Viper,1319,1289,2000,8,1,7
Aquarabia,2025-09-10 00:00:00+00:00,JND,Junoon Drop,771,679,1100,10,2,8
Aquarabia,2025-09-10 00:00:00+00:00,JPJ,Jump Jolt,513,486,1000,10,2,8
Aquarabia,2025-09-11 00:00:00+00:00,SST,Sea Stallion,1753,1659,2200,12,2,10
Six Flags,2025-09-11 00:00:00+00:00,AQT,Aquatopia,1020,978,1800,8,1,7
Six Flags,2025-09-11 00:00:00+00:00,SPF,Spitfire,897,804,1500,9,2,7
Six Flags,2025-09-11 00:00:00+00:00,ARC,Arabian Carousel,644,546,900,8,1,7
Six Flags,2025-09-11 00:00:00+00:00,CYC,Canyon Charters,737,674,1200,10,4,6
Six Flags,2025-09-11 00:00:00+00:00,ADJ,Adventure Junction,677,641,1000,9,1,8
Six Flags,2025-09-11 00:00:00+00:00,TWE,Twilight Express,1307,1235,2000,8,1,7
Six Flags,2025-09-11 00:00:00+00:00,IRT,Iron Rattler,1376,1282,2400,8,4,4
Six Flags,2025-09-11 00:00:00+00:00,SRT,Sirocco Tower,1756,1671,2300,6,2,4
Six Flags,2025-09-11 00:00:00+00:00,FCF,Falcons Flight,1925,1845,2500,8,2,6
Six Flags,2025-09-11 00:00:00+00:00,SKW,Skywatch,1430,1377,2100,9,4,5
Aquarabia,2025-09-11 00:00:00+00:00,RFR,Raft Republic,1183,1111,1700,9,1,8
Aquarabia,2025-09-11 00:00:00+00:00,AMB,Amwaj Bay,1021,947,1600,9,1,8
Aquarabia,2025-09-11 00:00:00+00:00,SPG,Splash Grotto,1263,1218,1900,11,1,10
Aquarabia,2025-09-11 00:00:00+00:00,ZZZ,ZipZapZoom,870,840,1400,10,1,9
Aquarabia,2025-09-11 00:00:00+00:00,TLC,The Lazy Camel,524,452,800,8,2,6
Aquarabia,2025-09-11 00:00:00+00:00,SFT,Surftopia,819,748,1300,9,1,8
Aquarabia,2025-09-11 00:00:00+00:00,HVP,Hyper Viper,1081,992,2000,8,1,7
Aquarabia,2025-09-11 00:00:00+00:00,JND,Junoon Drop,551,513,1100,10,2,8
Aquarabia,2025-09-11 00:00:00+00:00,JPJ,Jump Jolt,572,528,1000,10,1,9
Aquarabia,2025-09-12 00:00:00+00:00,SST,Sea Stallion,1660,1615,2200,12,2,10
Six Flags,2025-09-12 00:00:00+00:00,AQT,Aquatopia,990,911,1800,8,1,7
Six Flags,2025-09-12 00:00:00+00:00,SPF,Spitfire,1029,940,1500,9,1,8
Six Flags,2025-09-12 00:00:00+00:00,ARC,Arabian Carousel,619,560,900,8,1,7
Six Flags,2025-09-12 00:00:00+00:00,CYC,Canyon Charters,797,756,1200,10,4,6
Six Flags,2025-09-12 00:00:00+00:00,ADJ,Adventure Junction,745,662,1000,9,2,7
Six Flags,2025-09-12 00:00:00+00:00,TWE,Twilight Express,1280,1212,2000,8,2,6
Six Flags,2025-09-12 00:00:00+00:00,IRT,Iron Rattler,1515,1455,2400,8,4,4
Six Flags,2025-09-12 00:00:00+00:00,SRT,Sirocco Tower,1130,1049,2300,6,2,4
Six Flags,2025-09-12 00:00:00+00:00,FCF,Falcons Flight,1731,1648,2500,8,2,6
Six Flags,2025-09-12 00:00:00+00:00,SKW,Skywatch,1454,1413,2100,9,3,6
Aquarabia,2025-09-12 00:00:00+00:00,RFR,Raft Republic,913,860,1700,9,2,7
Aquarabia,2025-09-12 00:00:00+00:00,AMB,Amwaj Bay,1023,940,1600,9,1,8
Aquarabia,2025-09-12 00:00:00+00:00,SPG,Splash Grotto,1046,1019,1900,11,2,9
Aquarabia,2025-09-12 00:00:00+00:00,ZZZ,ZipZapZoom,823,752,1400,10,2,8
Aquarabia,2025-09-12 00:00:00+00:00,TLC,The Lazy Camel,595,547,800,8,2,6
Aquarabia,2025-09-12 00:00:00+00:00,SFT,Surftopia,926,851,1300,9,1,8
Aquarabia,2025-09-12 00:00:00+00:00,HVP,Hyper Viper,1173,1123,2000,8,2,6
Aquarabia,2025-09-12 00:00:00+00:00,JND,Junoon Drop,584,546,1100,10,2,8
Aquarabia,2025-09-12 00:00:00+00:00,JPJ,Jump Jolt,611,585,1000,10,2,8
Aquarabia,2025-09-13 00:00:00+00:00,SST,Sea Stallion,1391,1356,2200,12,1,11
Six Flags,2025-09-13 00:00:00+00:00,AQT,Aquatopia,868,848,1800,8,1,7
Six Flags,2025-09-13 00:00:00+00:00,SPF,Spitfire,863,840,1500,9,1,8
Six Flags,2025-09-13 00:00:00+00:00,ARC,Arabian Carousel,468,441,900,8,1,7
Six Flags,2025-09-13 00:00:00+00:00,CYC,Canyon Charters,690,624,1200,10,3,7
Six Flags,2025-09-13 00:00:00+00:00,ADJ,Adventure Junction,712,671,1000,9,1,8
Six Flags,2025-09-13 00:00:00+00:00,TWE,Twilight Express,1341,1298,2000,8,1,7
Six Flags,2025-09-13 00:00:00+00:00,IRT,Iron Rattler,1412,1329,2400,8,4,4
Six Flags,2025-09-13 00:00:00+00:00,SRT,Sirocco Tower,1320,1233,2300,6,1,5
Six Flags,2025-09-13 00:00:00+00:00,FCF,Falcons Flight,1964,1886,2500,8,2,6
Six Flags,2025-09-13 00:00:00+00:00,SKW,Skywatch,1174,1132,2100,9,3,6
Aquarabia,2025-09-13 00:00:00+00:00,RFR,Raft Republic,1102,1058,1700,9,2,7
Aquarabia,2025-09-13 00:00:00+00:00,AMB,Amwaj Bay,758,708,1600,9,1,8
Aquarabia,2025-09-13 00:00:00+00:00,SPG,Splash Grotto,1084,994,1900,11,1,10
Aquarabia,2025-09-13 00:00:00+00:00,ZZZ,ZipZapZoom,933,847,1400,10,2,8
Aquarabia,2025-09-13 00:00:00+00:00,TLC,The Lazy Camel,541,517,800,8,1,7
Aquarabia,2025-09-13 00:00:00+00:00,SFT,Surftopia,877,789,1300,9,2,7
Aquarabia,2025-09-13 00:00:00+00:00,HVP,Hyper Viper,997,925,2000,8,2,6
Aquarabia,2025-09-13 00:00:00+00:00,JND,Junoon Drop,691,601,1100,10,1,9
Aquarabia,2025-09-13 00:00:00+00:00,JPJ,Jump Jolt,577,522,1000,10,1,9
Aquarabia,2025-09-14 00:00:00+00:00,SST,Sea Stallion,1513,1489,2200,12,2,10
Six Flags,2025-09-14 00:00:00+00:00,AQT,Aquatopia,1239,1172,1800,8,1,7
Six Flags,2025-09-14 00:00:00+00:00,SPF,Spitfire,835,797,1500,9,1,8
Six Flags,2025-09-14 00:00:00+00:00,ARC,Arabian Carousel,640,564,900,8,2,6
Six Flags,2025-09-14 00:00:00+00:00,CYC,Canyon Charters,726,676,1200,10,4,6
Six Flags,2025-09-14 00:00:00+00:00,ADJ,Adventure Junction,543,506,1000,9,2,7
Six Flags,2025-09-14 00:00:00+00:00,TWE,Twilight Express,1335,1274,2000,8,2,6
Six Flags,2025-09-14 00:00:00+00:00,IRT,Iron Rattler,1428,1332,2400,8,4,4
Six Flags,2025-09-14 00:00:00+00:00,SRT,Sirocco Tower,1317,1220,2300,6,1,5
Six Flags,2025-09-14 00:00:00+00:00,FCF,Falcons Flight,1831,1753,2500,8,2,6
Six Flags,2025-09-14 00:00:00+00:00,SKW,Skywatch,1068,1043,2100,9,5,4
Aquarabia,2025-09-14 00:00:00+00:00,RFR,Raft Republic,1071,998,1700,9,2,7
Aquarabia,2025-09-14 00:00:00+00:00,AMB,Amwaj Bay,846,794,1600,9,2,7
Aquarabia,2025-09-14 00:00:00+00:00,SPG,Splash Grotto,1112,1088,1900,11,2,9
Aquarabia,2025-09-14 00:00:00+00:00,ZZZ,ZipZapZoom,768,671,1400,10,2,8
Aquarabia,2025-09-14 00:00:00+00:00,TLC,The Lazy Camel,629,549,800,8,2,6
Aquarabia,2025-09-14 00:00:00+00:00,SFT,Surftopia,692,634,1300,9,2,7
Aquarabia,2025-09-14 00:00:00+00:00,HVP,Hyper Viper,932,907,2000,8,1,7
Aquarabia,2025-09-14 00:00:00+00:00,JND,Junoon Drop,587,545,1100,10,2,8
Aquarabia,2025-09-14 00:00:00+00:00,JPJ,Jump Jolt,588,513,1000,10,2,8
Aquarabia,2025-09-15 00:00:00+00:00,SST,Sea Stallion,1547,1511,2200,12,1,11
Six Flags,2025-09-15 00:00:00+00:00,AQT,Aquatopia,1101,1069,1800,8,1,7
Six Flags,2025-09-15 00:00:00+00:00,SPF,Spitfire,835,779,1500,9,2,7
Six Flags,2025-09-15 00:00:00+00:00,ARC,Arabian Carousel,584,486,900,8,2,6
Six Flags,2025-09-15 00:00:00+00:00,CYC,Canyon Charters,716,645,1200,10,5,5
Six Flags,2025-09-15 00:00:00+00:00,ADJ,Adventure Junction,608,545,1000,9,1,8
Six Flags,2025-09-15 00:00:00+00:00,TWE,Twilight Express,1328,1236,2000,8,1,7
Six Flags,2025-09-15 00:00:00+00:00,IRT,Iron Rattler,1608,1524,2400,8,5,3
Six Flags,2025-09-15 00:00:00+00:00,SRT,Sirocco Tower,1388,1365,2300,6,2,4
Six Flags,2025-09-15 00:00:00+00:00,FCF,Falcons Flight,1783,1690,2500,8,2,6
Six Flags,2025-09-15 00:00:00+00:00,SKW,Skywatch,1250,1230,2100,9,4,5
Aquarabia,2025-09-15 00:00:00+00:00,RFR,Raft Republic,862,819,1700,9,2,7
Aquarabia,2025-09-15 00:00:00+00:00,AMB,Amwaj Bay,980,954,1600,9,1,8
Aquarabia,2025-09-15 00:00:00+00:00,SPG,Splash Grotto,979,944,1900,11,1,10
Aquarabia,2025-09-15 00:00:00+00:00,ZZZ,ZipZapZoom,878,791,1400,10,1,9
Aquarabia,2025-09-15 00:00:00+00:00,TLC,The Lazy Camel,430,382,800,8,2,6
Aquarabia,2025-09-15 00:00:00+00:00,SFT,Surftopia,784,730,1300,9,1,8
Aquarabia,2025-09-15 00:00:00+00:00,HVP,Hyper Viper,1294,1216,2000,8,1,7
Aquarabia,2025-09-15 00:00:00+00:00,JND,Junoon Drop,652,620,1100,10,1,9
Aquarabia,2025-09-15 00:00:00+00:00,JPJ,Jump Jolt,659,598,1000,10,1,9
Aquarabia,2025-09-16 00:00:00+00:00,SST,Sea Stallion,1896,1833,2200,12,1,11
Six Flags,2025-09-16 00:00:00+00:00,AQT,Aquatopia,936,895,1800,8,1,7
Six Flags,2025-09-16 00:00:00+00:00,SPF,Spitfire,870,832,1500,9,2,7
Six Flags,2025-09-16 00:00:00+00:00,ARC,Arabian Carousel,639,616,900,8,2,6
Six Flags,2025-09-16 00:00:00+00:00,CYC,Canyon Charters,786,696,1200,10,3,7
Six Flags,2025-09-16 00:00:00+00:00,ADJ,Adventure Junction,540,484,1000,9,1,8
Six Flags,2025-09-16 00:00:00+00:00,TWE,Twilight Express,1135,1073,2000,8,1,7
Six Flags,2025-09-16 00:00:00+00:00,IRT,Iron Rattler,1546,1485,2400,8,5,3
Six Flags,2025-09-16 00:00:00+00:00,SRT,Sirocco Tower,1513,1485,2300,6,2,4
Six Flags,2025-09-16 00:00:00+00:00,FCF,Falcons Flight,2208,2121,2500,8,2,6
Six Flags,2025-09-16 00:00:00+00:00,SKW,Skywatch,1283,1250,2100,9,3,6
Aquarabia,2025-09-16 00:00:00+00:00,RFR,Raft Republic,1235,1144,1700,9,2,7
Aquarabia,2025-09-16 00:00:00+00:00,AMB,Amwaj Bay,989,893,1600,9,1,8
Aquarabia,2025-09-16 00:00:00+00:00,SPG,Splash Grotto,1312,1232,1900,11,1,10
Aquarabia,2025-09-16 00:00:00+00:00,ZZZ,ZipZapZoom,910,854,1400,10,1,9
Aquarabia,2025-09-16 00:00:00+00:00,TLC,The Lazy Camel,465,429,800,8,2,6
Aquarabia,2025-09-16 00:00:00+00:00,SFT,Surftopia,745,666,1300,9,1,8
Aquarabia,2025-09-16 00:00:00+00:00,HVP,Hyper Viper,1055,991,2000,8,1,7
Aquarabia,2025-09-16 00:00:00+00:00,JND,Junoon Drop,650,574,1100,10,2,8
Aquarabia,2025-09-16 00:00:00+00:00,JPJ,Jump Jolt,618,580,1000,10,2,8
Aquarabia,2025-09-17 00:00:00+00:00,SST,Sea Stallion,1763,1690,2200,12,2,10
Six Flags,2025-09-17 00:00:00+00:00,AQT,Aquatopia,1230,1174,1800,8,1,7
Six Flags,2025-09-17 00:00:00+00:00,SPF,Spitfire,953,889,1500,9,1,8
Six Flags,2025-09-17 00:00:00+00:00,ARC,Arabian Carousel,643,558,900,8,1,7
Six Flags,2025-09-17 00:00:00+00:00,CYC,Canyon Charters,810,737,1200,10,4,6
Six Flags,2025-09-17 00:00:00+00:00,ADJ,Adventure Junction,699,651,1000,9,1,8
Six Flags,2025-09-17 00:00:00+00:00,TWE,Twilight Express,1391,1369,2000,8,2,6
Six Flags,2025-09-17 00:00:00+00:00,IRT,Iron Rattler,1401,1310,2400,8,3,5
Six Flags,2025-09-17 00:00:00+00:00,SRT,Sirocco Tower,1431,1338,2300,6,1,5
Six Flags,2025-09-17 00:00:00+00:00,FCF,Falcons Flight,2041,1949,2500,8,1,7
Six Flags,2025-09-17 00:00:00+00:00,SKW,Skywatch,1188,1093,2100,9,3,6
Aquarabia,2025-09-17 00:00:00+00:00,RFR,Raft Republic,1138,1065,1700,9,1,8
Aquarabia,2025-09-17 00:00:00+00:00,AMB,Amwaj Bay,1060,1031,1600,9,2,7
Aquarabia,2025-09-17 00:00:00+00:00,SPG,Splash Grotto,1191,1146,1900,11,2,9
Aquarabia,2025-09-17 00:00:00+00:00,ZZZ,ZipZapZoom,818,761,1400,10,1,9
Aquarabia,2025-09-17 00:00:00+00:00,TLC,The Lazy Camel,484,388,800,8,1,7
Aquarabia,2025-09-17 00:00:00+00:00,SFT,Surftopia,727,666,1300,9,1,8
Aquarabia,2025-09-17 00:00:00+00:00,HVP,Hyper Viper,1028,980,2000,8,1,7
Aquarabia,2025-09-17 00:00:00+00:00,JND,Junoon Drop,679,614,1100,10,1,9
Aquarabia,2025-09-17 00:00:00+00:00,JPJ,Jump Jolt,667,640,1000,10,1,9
Aquarabia,2025-09-18 00:00:00+00:00,SST,Sea Stallion,1527,1451,2200,12,2,10
Six Flags,2025-09-18 00:00:00+00:00,AQT,Aquatopia,1053,1020,1800,8,1,7
Six Flags,2025-09-18 00:00:00+00:00,SPF,Spitfire,893,861,1500,9,1,8
Six Flags,2025-09-18 00:00:00+00:00,ARC,Arabian Carousel,580,498,900,8,1,7
Six Flags,2025-09-18 00:00:00+00:00,CYC,Canyon Charters,803,734,1200,10,3,7
Six Flags,2025-09-18 00:00:00+00:00,ADJ,Adventure Junction,720,671,1000,9,1,8
Six Flags,2025-09-18 00:00:00+00:00,TWE,Twilight Express,1279,1243,2000,8,1,7
Six Flags,2025-09-18 00:00:00+00:00,IRT,Iron Rattler,1286,1242,2400,8,3,5
Six Flags,2025-09-18 00:00:00+00:00,SRT,Sirocco Tower,1386,1357,2300,6,1,5
Six Flags,2025-09-18 00:00:00+00:00,FCF,Falcons Flight,1846,1793,2500,8,1,7
Six Flags,2025-09-18 00:00:00+00:00,SKW,Skywatch,1259,1201,2100,9,4,5
Aquarabia,2025-09-18 00:00:00+00:00,RFR,Raft Republic,862,832,1700,9,1,8
Aquarabia,2025-09-18 00:00:00+00:00,AMB,Amwaj Bay,1004,956,1600,9,2,7
Aquarabia,2025-09-18 00:00:00+00:00,SPG,Splash Grotto,1122,1032,1900,11,2,9
Aquarabia,2025-09-18 00:00:00+00:00,ZZZ,ZipZapZoom,740,664,1400,10,1,9
Aquarabia,2025-09-18 00:00:00+00:00,TLC,The Lazy Camel,474,443,800,8,2,6
Aquarabia,2025-09-18 00:00:00+00:00,SFT,Surftopia,761,722,1300,9,2,7
Aquarabia,2025-09-18 00:00:00+00:00,HVP,Hyper Viper,1231,1201,2000,8,2,6
Aquarabia,2025-09-18 00:00:00+00:00,JND,Junoon Drop,769,673,1100,10,1,9
Aquarabia,2025-09-18 00:00:00+00:00,JPJ,Jump Jolt,650,558,1000,10,2,8
Aquarabia,2025-09-19 00:00:00+00:00,SST,Sea Stallion,1742,1673,2200,12,2,10
Six Flags,2025-09-19 00:00:00+00:00,AQT,Aquatopia,1051,962,1800,8,1,7
Six Flags,2025-09-19 00:00:00+00:00,SPF,Spitfire,1082,1007,1500,9,1,8
Six Flags,2025-09-19 00:00:00+00:00,ARC,Arabian Carousel,545,447,900,8,1,7
Six Flags,2025-09-19 00:00:00+00:00,CYC,Canyon Charters,834,807,1200,10,4,6
Six Flags,2025-09-19 00:00:00+00:00,ADJ,Adventure Junction,638,543,1000,9,1,8
Six Flags,2025-09-19 00:00:00+00:00,TWE,Twilight Express,1162,1108,2000,8,2,6
Six Flags,2025-09-19 00:00:00+00:00,IRT,Iron Rattler,1600,1564,2400,8,4,4
Six Flags,2025-09-19 00:00:00+00:00,SRT,Sirocco Tower,1540,1484,2300,6,2,4
Six Flags,2025-09-19 00:00:00+00:00,FCF,Falcons Flight,1720,1668,2500,8,2,6
Six Flags,2025-09-19 00:00:00+00:00,SKW,Skywatch,1042,984,2100,9,4,5
Aquarabia,2025-09-19 00:00:00+00:00,RFR,Raft Republic,932,882,1700,9,2,7
Aquarabia,2025-09-19 00:00:00+00:00,AMB,Amwaj Bay,946,922,1600,9,1,8
Aquarabia,2025-09-19 00:00:00+00:00,SPG,Splash Grotto,1093,1033,1900,11,1,10
Aquarabia,2025-09-19 00:00:00+00:00,ZZZ,ZipZapZoom,898,815,1400,10,1,9
Aquarabia,2025-09-19 00:00:00+00:00,TLC,The Lazy Camel,485,459,800,8,1,7
Aquarabia,2025-09-19 00:00:00+00:00,SFT,Surftopia,829,787,1300,9,1,8
Aquarabia,2025-09-19 00:00:00+00:00,HVP,Hyper Viper,999,971,2000,8,1,7
Aquarabia,2025-09-19 00:00:00+00:00,JND,Junoon Drop,615,541,1100,10,1,9
Aquarabia,2025-09-19 00:00:00+00:00,JPJ,Jump Jolt,556,472,1000,10,1,9
Aquarabia,2025-09-20 00:00:00+00:00,SST,Sea Stallion,1401,1311,2200,12,1,11
Six Flags,2025-09-20 00:00:00+00:00,AQT,Aquatopia,942,892,1800,8,1,7
Six Flags,2025-09-20 00:00:00+00:00,SPF,Spitfire,920,871,1500,9,2,7
Six Flags,2025-09-20 00:00:00+00:00,ARC,Arabian Carousel,633,583,900,8,1,7
Six Flags,2025-09-20 00:00:00+00:00,CYC,Canyon Charters,865,811,1200,10,4,6
Six Flags,2025-09-20 00:00:00+00:00,ADJ,Adventure Junction,738,708,1000,9,2,7
Six Flags,2025-09-20 00:00:00+00:00,TWE,Twilight Express,1314,1222,2000,8,2,6
Six Flags,2025-09-20 00:00:00+00:00,IRT,Iron Rattler,1331,1233,2400,8,5,3
Six Flags,2025-09-20 00:00:00+00:00,SRT,Sirocco Tower,1542,1517,2300,6,2,4
Six Flags,2025-09-20 00:00:00+00:00,FCF,Falcons Flight,1838,1770,2500,8,1,7
Six Flags,2025-09-20 00:00:00+00:00,SKW,Skywatch,1348,1314,2100,9,5,4
Aquarabia,2025-09-20 00:00:00+00:00,RFR,Raft Republic,1110,1034,1700,9,1,8
Aquarabia,2025-09-20 00:00:00+00:00,AMB,Amwaj Bay,984,901,1600,9,1,8
Aquarabia,2025-09-20 00:00:00+00:00,SPG,Splash Grotto,1179,1108,1900,11,2,9
Aquarabia,2025-09-20 00:00:00+00:00,ZZZ,ZipZapZoom,863,839,1400,10,1,9
Aquarabia,2025-09-20 00:00:00+00:00,TLC,The Lazy Camel,486,427,800,8,1,7
Aquarabia,2025-09-20 00:00:00+00:00,SFT,Surftopia,667,607,1300,9,2,7
Aquarabia,2025-09-20 00:00:00+00:00,HVP,Hyper Viper,1200,1102,2000,8,1,7
Aquarabia,2025-09-20 00:00:00+00:00,JND,Junoon Drop,621,556,1100,10,2,8
Aquarabia,2025-09-20 00:00:00+00:00,JPJ,Jump Jolt,701,609,1000,10,2,8
Aquarabia,2025-09-21 00:00:00+00:00,SST,Sea Stallion,1702,1622,2200,12,2,10
Six Flags,2025-09-21 00:00:00+00:00,AQT,Aquatopia,1288,1265,1800,8,1,7
Six Flags,2025-09-21 00:00:00+00:00,SPF,Spitfire,917,877,1500,9,1,8
Six Flags,2025-09-21 00:00:00+00:00,ARC,Arabian Carousel,700,664,900,8,2,6
Six Flags,2025-09-21 00:00:00+00:00,CYC,Canyon Charters,773,706,1200,10,4,6
Six Flags,2025-09-21 00:00:00+00:00,ADJ,Adventure Junction,667,617,1000,9,2,7
Six Flags,2025-09-21 00:00:00+00:00,TWE,Twilight Express,1340,1243,2000,8,2,6
Six Flags,2025-09-21 00:00:00+00:00,IRT,Iron Rattler,1474,1424,2400,8,4,4
Six Flags,2025-09-21 00:00:00+00:00,SRT,Sirocco Tower,1221,1174,2300,6,2,4
Six Flags,2025-09-21 00:00:00+00:00,FCF,Falcons Flight,2110,2034,2500,8,2,6
Six Flags,2025-09-21 00:00:00+00:00,SKW,Skywatch,1086,996,2100,9,3,6
Aquarabia,2025-09-21 00:00:00+00:00,RFR,Raft Republic,1225,1136,1700,9,2,7
Aquarabia,2025-09-21 00:00:00+00:00,AMB,Amwaj Bay,1082,1008,1600,9,1,8
Aquarabia,2025-09-21 00:00:00+00:00,SPG,Splash Grotto,1084,1045,1900,11,1,10
Aquarabia,2025-09-21 00:00:00+00:00,ZZZ,ZipZapZoom,831,807,1400,10,2,8
Aquarabia,2025-09-21 00:00:00+00:00,TLC,The Lazy Camel,436,413,800,8,2,6
Aquarabia,2025-09-21 00:00:00+00:00,SFT,Surftopia,702,640,1300,9,2,7
Aquarabia,2025-09-21 00:00:00+00:00,HVP,Hyper Viper,1355,1333,2000,8,1,7
Aquarabia,2025-09-21 00:00:00+00:00,JND,Junoon Drop,648,592,1100,10,2,8
Aquarabia,2025-09-21 00:00:00+00:00,JPJ,Jump Jolt,573,527,1000,10,2,8
Aquarabia,2025-09-22 00:00:00+00:00,SST,Sea Stallion,1271,1239,2200,12,2,10
Six Flags,2025-09-22 00:00:00+00:00,AQT,Aquatopia,1253,1179,1800,8,2,6
Six Flags,2025-09-22 00:00:00+00:00,SPF,Spitfire,771,705,1500,9,1,8
Six Flags,2025-09-22 00:00:00+00:00,ARC,Arabian Carousel,587,507,900,8,1,7
Six Flags,2025-09-22 00:00:00+00:00,CYC,Canyon Charters,905,831,1200,10,3,7
Six Flags,2025-09-22 00:00:00+00:00,ADJ,Adventure Junction,689,634,1000,9,1,8
Six Flags,2025-09-22 00:00:00+00:00,TWE,Twilight Express,1138,1093,2000,8,2,6
Six Flags,2025-09-22 00:00:00+00:00,IRT,Iron Rattler,1663,1636,2400,8,5,3
Six Flags,2025-09-22 00:00:00+00:00,SRT,Sirocco Tower,1367,1314,2300,6,2,4
Six Flags,2025-09-22 00:00:00+00:00,FCF,Falcons Flight,1888,1834,2500,8,2,6
Six Flags,2025-09-22 00:00:00+00:00,SKW,Skywatch,1172,1126,2100,9,4,5
Aquarabia,2025-09-22 00:00:00+00:00,RFR,Raft Republic,1104,1034,1700,9,1,8
Aquarabia,2025-09-22 00:00:00+00:00,AMB,Amwaj Bay,925,901,1600,9,1,8
Aquarabia,2025-09-22 00:00:00+00:00,SPG,Splash Grotto,977,926,1900,11,2,9
Aquarabia,2025-09-22 00:00:00+00:00,ZZZ,ZipZapZoom,776,693,1400,10,2,8
Aquarabia,2025-09-22 00:00:00+00:00,TLC,The Lazy Camel,547,456,800,8,1,7
Aquarabia,2025-09-22 00:00:00+00:00,SFT,Surftopia,761,722,1300,9,2,7
Aquarabia,2025-09-22 00:00:00+00:00,HVP,Hyper Viper,1273,1195,2000,8,2,6
Aquarabia,2025-09-22 00:00:00+00:00,JND,Junoon Drop,643,562,1100,10,2,8
Aquarabia,2025-09-22 00:00:00+00:00,JPJ,Jump Jolt,599,579,1000,10,2,8
Aquarabia,2025-09-23 00:00:00+00:00,SST,Sea Stallion,1793,1716,2200,12,2,10
Six Flags,2025-09-23 00:00:00+00:00,AQT,Aquatopia,896,853,1800,8,1,7
Six Flags,2025-09-23 00:00:00+00:00,SPF,Spitfire,838,789,1500,9,1,8
Six Flags,2025-09-23 00:00:00+00:00,ARC,Arabian Carousel,502,476,900,8,2,6
Six Flags,2025-09-23 00:00:00+00:00,CYC,Canyon Charters,781,761,1200,10,3,7
Six Flags,2025-09-23 00:00:00+00:00,ADJ,Adventure Junction,766,702,1000,9,2,7
Six Flags,2025-09-23 00:00:00+00:00,TWE,Twilight Express,1409,1350,2000,8,2,6
Six Flags,2025-09-23 00:00:00+00:00,IRT,Iron Rattler,1594,1511,2400,8,5,3
Six Flags,2025-09-23 00:00:00+00:00,SRT,Sirocco Tower,1581,1523,2300,6,1,5
Six Flags,2025-09-23 00:00:00+00:00,FCF,Falcons Flight,2210,2185,2500,8,1,7
Six Flags,2025-09-23 00:00:00+00:00,SKW,Skywatch,1392,1356,2100,9,5,4
Aquarabia,2025-09-23 00:00:00+00:00,RFR,Raft Republic,955,879,1700,9,1,8
Aquarabia,2025-09-23 00:00:00+00:00,AMB,Amwaj Bay,1124,1039,1600,9,1,8
Aquarabia,2025-09-23 00:00:00+00:00,SPG,Splash Grotto,886,850,1900,11,1,10
Aquarabia,2025-09-23 00:00:00+00:00,ZZZ,ZipZapZoom,887,800,1400,10,1,9
Aquarabia,2025-09-23 00:00:00+00:00,TLC,The Lazy Camel,551,466,800,8,2,6
Aquarabia,2025-09-23 00:00:00+00:00,SFT,Surftopia,907,847,1300,9,1,8
Aquarabia,2025-09-23 00:00:00+00:00,HVP,Hyper Viper,1087,1021,2000,8,1,7
Aquarabia,2025-09-23 00:00:00+00:00,JND,Junoon Drop,770,679,1100,10,1,9
Aquarabia,2025-09-23 00:00:00+00:00,JPJ,Jump Jolt,707,637,1000,10,2,8
Aquarabia,2025-09-24 00:00:00+00:00,SST,Sea Stallion,1428,1343,2200,12,1,11
Six Flags,2025-09-24 00:00:00+00:00,AQT,Aquatopia,1192,1161,1800,8,2,6
Six Flags,2025-09-24 00:00:00+00:00,SPF,Spitfire,1025,957,1500,9,1,8
Six Flags,2025-09-24 00:00:00+00:00,ARC,Arabian Carousel,729,650,900,8,1,7
Six Flags,2025-09-24 00:00:00+00:00,CYC,Canyon Charters,773,750,1200,10,5,5
Six Flags,2025-09-24 00:00:00+00:00,ADJ,Adventure Junction,582,550,1000,9,1,8
Six Flags,2025-09-24 00:00:00+00:00,TWE,Twilight Express,1063,1006,2000,8,1,7
Six Flags,2025-09-24 00:00:00+00:00,IRT,Iron Rattler,1491,1461,2400,8,5,3
Six Flags,2025-09-24 00:00:00+00:00,SRT,Sirocco Tower,1157,1128,2300,6,2,4
Six Flags,2025-09-24 00:00:00+00:00,FCF,Falcons Flight,1898,1799,2500,8,1,7
Six Flags,2025-09-24 00:00:00+00:00,SKW,Skywatch,1201,1169,2100,9,4,5
Aquarabia,2025-09-24 00:00:00+00:00,RFR,Raft Republic,1126,1043,1700,9,1,8
Aquarabia,2025-09-24 00:00:00+00:00,AMB,Amwaj Bay,965,923,1600,9,1,8
Aquarabia,2025-09-24 00:00:00+00:00,SPG,Splash Grotto,991,968,1900,11,2,9
Aquarabia,2025-09-24 00:00:00+00:00,ZZZ,ZipZapZoom,873,793,1400,10,1,9
Aquarabia,2025-09-24 00:00:00+00:00,TLC,The Lazy Camel,457,361,800,8,2,6
Aquarabia,2025-09-24 00:00:00+00:00,SFT,Surftopia,837,815,1300,9,1,8
Aquarabia,2025-09-24 00:00:00+00:00,HVP,Hyper Viper,1038,970,2000,8,2,6
Aquarabia,2025-09-24 00:00:00+00:00,JND,Junoon Drop,716,666,1100,10,2,8
Aquarabia,2025-09-24 00:00:00+00:00,JPJ,Jump Jolt,523,484,1000,10,1,9
Aquarabia,2025-09-25 00:00:00+00:00,SST,Sea Stallion,1379,1326,2200,12,1,11
Six Flags,2025-09-25 00:00:00+00:00,AQT,Aquatopia,1001,973,1800,8,2,6
Six Flags,2025-09-25 00:00:00+00:00,SPF,Spitfire,1123,1063,1500,9,2,7
Six Flags,2025-09-25 00:00:00+00:00,ARC,Arabian Carousel,586,516,900,8,2,6
Six Flags,2025-09-25 00:00:00+00:00,CYC,Canyon Charters,658,632,1200,10,5,5
Six Flags,2025-09-25 00:00:00+00:00,ADJ,Adventure Junction,723,646,1000,9,2,7
Six Flags,2025-09-25 00:00:00+00:00,TWE,Twilight Express,1319,1223,2000,8,2,6
Six Flags,2025-09-25 00:00:00+00:00,IRT,Iron Rattler,1668,1580,2400,8,4,4
Six Flags,2025-09-25 00:00:00+00:00,SRT,Sirocco Tower,1229,1144,2300,6,1,5
Six Flags,2025-09-25 00:00:00+00:00,FCF,Falcons Flight,1676,1647,2500,8,2,6
Six Flags,2025-09-25 00:00:00+00:00,SKW,Skywatch,1459,1396,2100,9,5,4
Aquarabia,2025-09-25 00:00:00+00:00,RFR,Raft Republic,1222,1140,1700,9,1,8
Aquarabia,2025-09-25 00:00:00+00:00,AMB,Amwaj Bay,1033,996,1600,9,2,7
Aquarabia,2025-09-25 00:00:00+00:00,SPG,Splash Grotto,1043,1007,1900,11,1,10
Aquarabia,2025-09-25 00:00:00+00:00,ZZZ,ZipZapZoom,1017,938,1400,10,2,8
Aquarabia,2025-09-25 00:00:00+00:00,TLC,The Lazy Camel,431,370,800,8,1,7
Aquarabia,2025-09-25 00:00:00+00:00,SFT,Surftopia,789,743,1300,9,2,7
Aquarabia,2025-09-25 00:00:00+00:00,HVP,Hyper Viper,1175,1153,2000,8,2,6
Aquarabia,2025-09-25 00:00:00+00:00,JND,Junoon Drop,746,648,1100,10,1,9
Aquarabia,2025-09-25 00:00:00+00:00,JPJ,Jump Jolt,507,464,1000,10,1,9
Aquarabia,2025-09-26 00:00:00+00:00,SST,Sea Stallion,1591,1521,2200,12,2,10
Six Flags,2025-09-26 00:00:00+00:00,AQT,Aquatopia,968,911,1800,8,1,7
Six Flags,2025-09-26 00:00:00+00:00,SPF,Spitfire,924,873,1500,9,1,8
Six Flags,2025-09-26 00:00:00+00:00,ARC,Arabian Carousel,566,517,900,8,1,7
Six Flags,2025-09-26 00:00:00+00:00,CYC,Canyon Charters,800,755,1200,10,3,7
Six Flags,2025-09-26 00:00:00+00:00,ADJ,Adventure Junction,539,490,1000,9,1,8
Six Flags,2025-09-26 00:00:00+00:00,TWE,Twilight Express,1432,1368,2000,8,1,7
Six Flags,2025-09-26 00:00:00+00:00,IRT,Iron Rattler,1679,1580,2400,8,4,4
Six Flags,2025-09-26 00:00:00+00:00,SRT,Sirocco Tower,1601,1535,2300,6,2,4
Six Flags,2025-09-26 00:00:00+00:00,FCF,Falcons Flight,1750,1694,2500,8,1,7
Six Flags,2025-09-26 00:00:00+00:00,SKW,Skywatch,1160,1137,2100,9,3,6
Aquarabia,2025-09-26 00:00:00+00:00,RFR,Raft Republic,953,859,1700,9,1,8
Aquarabia,2025-09-26 00:00:00+00:00,AMB,Amwaj Bay,972,876,1600,9,1,8
Aquarabia,2025-09-26 00:00:00+00:00,SPG,Splash Grotto,1177,1080,1900,11,2,9
Aquarabia,2025-09-26 00:00:00+00:00,ZZZ,ZipZapZoom,771,701,1400,10,1,9
Aquarabia,2025-09-26 00:00:00+00:00,TLC,The Lazy Camel,495,439,800,8,2,6
Aquarabia,2025-09-26 00:00:00+00:00,SFT,Surftopia,687,665,1300,9,2,7
Aquarabia,2025-09-26 00:00:00+00:00,HVP,Hyper Viper,1295,1200,2000,8,1,7
Aquarabia,2025-09-26 00:00:00+00:00,JND,Junoon Drop,687,597,1100,10,1,9
Aquarabia,2025-09-26 00:00:00+00:00,JPJ,Jump Jolt,664,608,1000,10,1,9
Aquarabia,2025-09-27 00:00:00+00:00,SST,Sea Stallion,1657,1620,2200,12,1,11
Six Flags,2025-09-27 00:00:00+00:00,AQT,Aquatopia,1007,946,1800,8,1,7
Six Flags,2025-09-27 00:00:00+00:00,SPF,Spitfire,911,872,1500,9,1,8
Six Flags,2025-09-27 00:00:00+00:00,ARC,Arabian Carousel,622,596,900,8,1,7
Six Flags,2025-09-27 00:00:00+00:00,CYC,Canyon Charters,845,756,1200,10,3,7
Six Flags,2025-09-27 00:00:00+00:00,ADJ,Adventure Junction,781,682,1000,9,1,8
Six Flags,2025-09-27 00:00:00+00:00,TWE,Twilight Express,1315,1277,2000,8,2,6
Six Flags,2025-09-27 00:00:00+00:00,IRT,Iron Rattler,1614,1585,2400,8,5,3
Six Flags,2025-09-27 00:00:00+00:00,SRT,Sirocco Tower,1364,1332,2300,6,1,5
Six Flags,2025-09-27 00:00:00+00:00,FCF,Falcons Flight,2040,2004,2500,8,1,7
Six Flags,2025-09-27 00:00:00+00:00,SKW,Skywatch,1465,1381,2100,9,5,4
Aquarabia,2025-09-27 00:00:00+00:00,RFR,Raft Republic,980,959,1700,9,1,8
Aquarabia,2025-09-27 00:00:00+00:00,AMB,Amwaj Bay,893,857,1600,9,1,8
Aquarabia,2025-09-27 00:00:00+00:00,SPG,Splash Grotto,964,941,1900,11,2,9
Aquarabia,2025-09-27 00:00:00+00:00,ZZZ,ZipZapZoom,789,694,1400,10,2,8
Aquarabia,2025-09-27 00:00:00+00:00,TLC,The Lazy Camel,415,340,800,8,1,7
Aquarabia,2025-09-27 00:00:00+00:00,SFT,Surftopia,845,775,1300,9,2,7
Aquarabia,2025-09-27 00:00:00+00:00,HVP,Hyper Viper,1105,1015,2000,8,2,6
Aquarabia,2025-09-27 00:00:00+00:00,JND,Junoon Drop,648,616,1100,10,1,9
Aquarabia,2025-09-27 00:00:00+00:00,JPJ,Jump Jolt,726,628,1000,10,1,9
Aquarabia,2025-09-28 00:00:00+00:00,SST,Sea Stallion,1567,1478,2200,12,2,10
Six Flags,2025-09-28 00:00:00+00:00,AQT,Aquatopia,1034,949,1800,8,2,6
Six Flags,2025-09-28 00:00:00+00:00,SPF,Spitfire,1044,1013,1500,9,2,7
Six Flags,2025-09-28 00:00:00+00:00,ARC,Arabian Carousel,688,632,900,8,1,7
Six Flags,2025-09-28 00:00:00+00:00,CYC,Canyon Charters,748,674,1200,10,3,7
Six Flags,2025-09-28 00:00:00+00:00,ADJ,Adventure Junction,735,639,1000,9,1,8
Six Flags,2025-09-28 00:00:00+00:00,TWE,Twilight Express,1202,1122,2000,8,1,7
Six Flags,2025-09-28 00:00:00+00:00,IRT,Iron Rattler,1250,1203,2400,8,5,3
Six Flags,2025-09-28 00:00:00+00:00,SRT,Sirocco Tower,1216,1127,2300,6,1,5
Six Flags,2025-09-28 00:00:00+00:00,FCF,Falcons Flight,2161,2087,2500,8,2,6
Six Flags,2025-09-28 00:00:00+00:00,SKW,Skywatch,1184,1141,2100,9,3,6
Aquarabia,2025-09-28 00:00:00+00:00,RFR,Raft Republic,1096,1037,1700,9,1,8
Aquarabia,2025-09-28 00:00:00+00:00,AMB,Amwaj Bay,868,811,1600,9,2,7
Aquarabia,2025-09-28 00:00:00+00:00,SPG,Splash Grotto,1172,1143,1900,11,2,9
Aquarabia,2025-09-28 00:00:00+00:00,ZZZ,ZipZapZoom,799,719,1400,10,1,9
Aquarabia,2025-09-28 00:00:00+00:00,TLC,The Lazy Camel,465,385,800,8,2,6
Aquarabia,2025-09-28 00:00:00+00:00,SFT,Surftopia,930,843,1300,9,1,8
Aquarabia,2025-09-28 00:00:00+00:00,HVP,Hyper Viper,972,938,2000,8,2,6
Aquarabia,2025-09-28 00:00:00+00:00,JND,Junoon Drop,742,704,1100,10,1,9
Aquarabia,2025-09-28 00:00:00+00:00,JPJ,Jump Jolt,686,626,1000,10,2,8
Aquarabia,2025-09-29 00:00:00+00:00,SST,Sea Stallion,1663,1642,2200,12,2,10
Six Flags,2025-09-29 00:00:00+00:00,AQT,Aquatopia,1042,974,1800,8,1,7
Six Flags,2025-09-29 00:00:00+00:00,SPF,Spitfire,979,944,1500,9,2,7
Six Flags,2025-09-29 00:00:00+00:00,ARC,Arabian Carousel,545,504,900,8,2,6
Six Flags,2025-09-29 00:00:00+00:00,CYC,Canyon Charters,775,752,1200,10,3,7
Six Flags,2025-09-29 00:00:00+00:00,ADJ,Adventure Junction,751,652,1000,9,2,7
Six Flags,2025-09-29 00:00:00+00:00,TWE,Twilight Express,1090,1017,2000,8,1,7
Six Flags,2025-09-29 00:00:00+00:00,IRT,Iron Rattler,1480,1413,2400,8,3,5
Six Flags,2025-09-29 00:00:00+00:00,SRT,Sirocco Tower,1434,1402,2300,6,1,5
Six Flags,2025-09-29 00:00:00+00:00,FCF,Falcons Flight,1553,1509,2500,8,2,6
Six Flags,2025-09-29 00:00:00+00:00,SKW,Skywatch,1341,1263,2100,9,3,6
Aquarabia,2025-09-29 00:00:00+00:00,RFR,Raft Republic,1049,987,1700,9,1,8
Aquarabia,2025-09-29 00:00:00+00:00,AMB,Amwaj Bay,964,939,1600,9,2,7
Aquarabia,2025-09-29 00:00:00+00:00,SPG,Splash Grotto,1074,1047,1900,11,2,9
Aquarabia,2025-09-29 00:00:00+00:00,ZZZ,ZipZapZoom,968,878,1400,10,1,9
Aquarabia,2025-09-29 00:00:00+00:00,TLC,The Lazy Camel,433,403,800,8,1,7
Aquarabia,2025-09-29 00:00:00+00:00,SFT,Surftopia,810,711,1300,9,2,7
Aquarabia,2025-09-29 00:00:00+00:00,HVP,Hyper Viper,1161,1093,2000,8,1,7
Aquarabia,2025-09-29 00:00:00+00:00,JND,Junoon Drop,697,657,1100,10,2,8
Aquarabia,2025-09-29 00:00:00+00:00,JPJ,Jump Jolt,630,576,1000,10,2,8
Aquarabia,2025-09-30 00:00:00+00:00,SST,Sea Stallion,1555,1493,2200,12,1,11
Six Flags,2025-09-30 00:00:00+00:00,AQT,Aquatopia,1164,1112,1800,8,1,7
Six Flags,2025-09-30 00:00:00+00:00,SPF,Spitfire,1067,968,1500,9,1,8
Six Flags,2025-09-30 00:00:00+00:00,ARC,Arabian Carousel,617,552,900,8,1,7
Six Flags,2025-09-30 00:00:00+00:00,CYC,Canyon Charters,767,745,1200,10,5,5
Six Flags,2025-09-30 00:00:00+00:00,ADJ,Adventure Junction,591,530,1000,9,2,7
Six Flags,2025-09-30 00:00:00+00:00,TWE,Twilight Express,1209,1110,2000,8,2,6
Six Flags,2025-09-30 00:00:00+00:00,IRT,Iron Rattler,1804,1756,2400,8,4,4
Six Flags,2025-09-30 00:00:00+00:00,SRT,Sirocco Tower,1321,1232,2300,6,2,4
Six Flags,2025-09-30 00:00:00+00:00,FCF,Falcons Flight,2015,1988,2500,8,1,7
Six Flags,2025-09-30 00:00:00+00:00,SKW,Skywatch,1251,1219,2100,9,3,6
Aquarabia,2025-09-30 00:00:00+00:00,RFR,Raft Republic,999,936,1700,9,1,8
Aquarabia,2025-09-30 00:00:00+00:00,AMB,Amwaj Bay,1098,1001,1600,9,1,8
Aquarabia,2025-09-30 00:00:00+00:00,SPG,Splash Grotto,1273,1233,1900,11,2,9
Aquarabia,2025-09-30 00:00:00+00:00,ZZZ,ZipZapZoom,870,834,1400,10,1,9
Aquarabia,2025-09-30 00:00:00+00:00,TLC,The Lazy Camel,475,433,800,8,1,7
Aquarabia,2025-09-30 00:00:00+00:00,SFT,Surftopia,713,633,1300,9,1,8
Aquarabia,2025-09-30 00:00:00+00:00,HVP,Hyper Viper,1202,1146,2000,8,1,7
Aquarabia,2025-09-30 00:00:00+00:00,JND,Junoon Drop,678,595,1100,10,2,8
Aquarabia,2025-09-30 00:00:00+00:00,JPJ,Jump Jolt,513,475,1000,10,1,9
Aquarabia,2025-10-01 00:00:00+00:00,SST,Sea Stallion,1807,1771,2200,12,2,10
Six Flags,2025-10-01 00:00:00+00:00,AQT,Aquatopia,1582,1510,1800,8,2,6
Six Flags,2025-10-01 00:00:00+00:00,SPF,Spitfire,989,953,1500,9,1,8
Six Flags,2025-10-01 00:00:00+00:00,ARC,Arabian Carousel,688,596,900,8,1,7
Six Flags,2025-10-01 00:00:00+00:00,CYC,Canyon Charters,948,875,1200,10,4,6
Six Flags,2025-10-01 00:00:00+00:00,ADJ,Adventure Junction,650,627,1000,9,2,7
Six Flags,2025-10-01 00:00:00+00:00,TWE,Twilight Express,1498,1414,2000,8,1,7
Six Flags,2025-10-01 00:00:00+00:00,IRT,Iron Rattler,1895,1813,2400,8,5,3
Six Flags,2025-10-01 00:00:00+00:00,SRT,Sirocco Tower,1611,1585,2300,6,1,5
Six Flags,2025-10-01 00:00:00+00:00,FCF,Falcons Flight,2444,2392,2500,8,1,7
Six Flags,2025-10-01 00:00:00+00:00,SKW,Skywatch,1837,1764,2100,9,4,5
Aquarabia,2025-10-01 00:00:00+00:00,RFR,Raft Republic,1164,1126,1700,9,2,7
Aquarabia,2025-10-01 00:00:00+00:00,AMB,Amwaj Bay,1223,1172,1600,9,2,7
Aquarabia,2025-10-01 00:00:00+00:00,SPG,Splash Grotto,1277,1178,1900,11,2,9
Aquarabia,2025-10-01 00:00:00+00:00,ZZZ,ZipZapZoom,1019,998,1400,10,2,8
Aquarabia,2025-10-01 00:00:00+00:00,TLC,The Lazy Camel,513,493,800,8,2,6
Aquarabia,2025-10-01 00:00:00+00:00,SFT,Surftopia,1010,912,1300,9,2,7
Aquarabia,2025-10-01 00:00:00+00:00,HVP,Hyper Viper,1693,1616,2000,8,1,7
Aquarabia,2025-10-01 00:00:00+00:00,JND,Junoon Drop,694,659,1100,10,2,8
Aquarabia,2025-10-01 00:00:00+00:00,JPJ,Jump Jolt,673,590,1000,10,1,9
Aquarabia,2025-10-02 00:00:00+00:00,SST,Sea Stallion,2058,1980,2200,12,2,10
Six Flags,2025-10-02 00:00:00+00:00,AQT,Aquatopia,1373,1298,1800,8,1,7
Six Flags,2025-10-02 00:00:00+00:00,SPF,Spitfire,986,909,1500,9,2,7
Six Flags,2025-10-02 00:00:00+00:00,ARC,Arabian Carousel,660,579,900,8,1,7
Six Flags,2025-10-02 00:00:00+00:00,CYC,Canyon Charters,816,727,1200,10,3,7
Six Flags,2025-10-02 00:00:00+00:00,ADJ,Adventure Junction,790,733,1000,9,1,8
Six Flags,2025-10-02 00:00:00+00:00,TWE,Twilight Express,1281,1247,2000,8,1,7
Six Flags,2025-10-02 00:00:00+00:00,IRT,Iron Rattler,1770,1746,2400,8,4,4
Six Flags,2025-10-02 00:00:00+00:00,SRT,Sirocco Tower,1489,1413,2300,6,2,4
Six Flags,2025-10-02 00:00:00+00:00,FCF,Falcons Flight,2258,2160,2500,8,1,7
Six Flags,2025-10-02 00:00:00+00:00,SKW,Skywatch,1685,1620,2100,9,4,5
Aquarabia,2025-10-02 00:00:00+00:00,RFR,Raft Republic,1275,1220,1700,9,2,7
Aquarabia,2025-10-02 00:00:00+00:00,AMB,Amwaj Bay,1023,966,1600,9,1,8
Aquarabia,2025-10-02 00:00:00+00:00,SPG,Splash Grotto,1112,1041,1900,11,2,9
Aquarabia,2025-10-02 00:00:00+00:00,ZZZ,ZipZapZoom,1145,1087,1400,10,2,8
Aquarabia,2025-10-02 00:00:00+00:00,TLC,The Lazy Camel,554,468,800,8,2,6
Aquarabia,2025-10-02 00:00:00+00:00,SFT,Surftopia,1010,961,1300,9,1,8
Aquarabia,2025-10-02 00:00:00+00:00,HVP,Hyper Viper,1470,1442,2000,8,2,6
Aquarabia,2025-10-02 00:00:00+00:00,JND,Junoon Drop,899,833,1100,10,1,9
Aquarabia,2025-10-02 00:00:00+00:00,JPJ,Jump Jolt,627,547,1000,10,2,8
Aquarabia,2025-10-03 00:00:00+00:00,SST,Sea Stallion,1893,1841,2200,12,2,10
Six Flags,2025-10-03 00:00:00+00:00,AQT,Aquatopia,1203,1152,1800,8,1,7
Six Flags,2025-10-03 00:00:00+00:00,SPF,Spitfire,1138,1083,1500,9,1,8
Six Flags,2025-10-03 00:00:00+00:00,ARC,Arabian Carousel,640,594,900,8,1,7
Six Flags,2025-10-03 00:00:00+00:00,CYC,Canyon Charters,917,852,1200,10,3,7
Six Flags,2025-10-03 00:00:00+00:00,ADJ,Adventure Junction,850,768,1000,9,1,8
Six Flags,2025-10-03 00:00:00+00:00,TWE,Twilight Express,1382,1342,2000,8,2,6
Six Flags,2025-10-03 00:00:00+00:00,IRT,Iron Rattler,1585,1553,2400,8,3,5
Six Flags,2025-10-03 00:00:00+00:00,SRT,Sirocco Tower,1779,1717,2300,6,2,4
Six Flags,2025-10-03 00:00:00+00:00,FCF,Falcons Flight,2435,2414,2500,8,1,7
Six Flags,2025-10-03 00:00:00+00:00,SKW,Skywatch,1412,1377,2100,9,5,4
Aquarabia,2025-10-03 00:00:00+00:00,RFR,Raft Republic,964,936,1700,9,2,7
Aquarabia,2025-10-03 00:00:00+00:00,AMB,Amwaj Bay,1318,1222,1600,9,2,7
Aquarabia,2025-10-03 00:00:00+00:00,SPG,Splash Grotto,1349,1305,1900,11,1,10
Aquarabia,2025-10-03 00:00:00+00:00,ZZZ,ZipZapZoom,1056,984,1400,10,2,8
Aquarabia,2025-10-03 00:00:00+00:00,TLC,The Lazy Camel,566,538,800,8,1,7
Aquarabia,2025-10-03 00:00:00+00:00,SFT,Surftopia,884,837,1300,9,1,8
Aquarabia,2025-10-03 00:00:00+00:00,HVP,Hyper Viper,1257,1189,2000,8,1,7
Aquarabia,2025-10-03 00:00:00+00:00,JND,Junoon Drop,750,673,1100,10,2,8
Aquarabia,2025-10-03 00:00:00+00:00,JPJ,Jump Jolt,854,757,1000,10,1,9
Aquarabia,2025-10-04 00:00:00+00:00,SST,Sea Stallion,1988,1955,2200,12,2,10
Six Flags,2025-10-04 00:00:00+00:00,AQT,Aquatopia,1307,1224,1800,8,2,6
Six Flags,2025-10-04 00:00:00+00:00,SPF,Spitfire,1247,1183,1500,9,2,7
Six Flags,2025-10-04 00:00:00+00:00,ARC,Arabian Carousel,571,542,900,8,1,7
Six Flags,2025-10-04 00:00:00+00:00,CYC,Canyon Charters,1062,965,1200,10,4,6
Six Flags,2025-10-04 00:00:00+00:00,ADJ,Adventure Junction,719,646,1000,9,1,8
Six Flags,2025-10-04 00:00:00+00:00,TWE,Twilight Express,1622,1574,2000,8,2,6
Six Flags,2025-10-04 00:00:00+00:00,IRT,Iron Rattler,1568,1475,2400,8,4,4
Six Flags,2025-10-04 00:00:00+00:00,SRT,Sirocco Tower,1913,1822,2300,6,1,5
Six Flags,2025-10-04 00:00:00+00:00,FCF,Falcons Flight,2102,2012,2500,8,1,7
Six Flags,2025-10-04 00:00:00+00:00,SKW,Skywatch,1687,1622,2100,9,5,4
Aquarabia,2025-10-04 00:00:00+00:00,RFR,Raft Republic,1219,1125,1700,9,1,8
Aquarabia,2025-10-04 00:00:00+00:00,AMB,Amwaj Bay,1023,973,1600,9,2,7
Aquarabia,2025-10-04 00:00:00+00:00,SPG,Splash Grotto,1162,1132,1900,11,1,10
Aquarabia,2025-10-04 00:00:00+00:00,ZZZ,ZipZapZoom,823,799,1400,10,2,8
Aquarabia,2025-10-04 00:00:00+00:00,TLC,The Lazy Camel,537,446,800,8,1,7
Aquarabia,2025-10-04 00:00:00+00:00,SFT,Surftopia,1025,979,1300,9,1,8
Aquarabia,2025-10-04 00:00:00+00:00,HVP,Hyper Viper,1131,1034,2000,8,1,7
Aquarabia,2025-10-04 00:00:00+00:00,JND,Junoon Drop,857,833,1100,10,1,9
Aquarabia,2025-10-04 00:00:00+00:00,JPJ,Jump Jolt,858,795,1000,10,2,8
Aquarabia,2025-10-05 00:00:00+00:00,SST,Sea Stallion,2117,2056,2200,12,1,11
Six Flags,2025-10-05 00:00:00+00:00,AQT,Aquatopia,1187,1164,1800,8,1,7
Six Flags,2025-10-05 00:00:00+00:00,SPF,Spitfire,957,876,1500,9,1,8
Six Flags,2025-10-05 00:00:00+00:00,ARC,Arabian Carousel,619,526,900,8,2,6
Six Flags,2025-10-05 00:00:00+00:00,CYC,Canyon Charters,898,800,1200,10,5,5
Six Flags,2025-10-05 00:00:00+00:00,ADJ,Adventure Junction,711,615,1000,9,1,8
Six Flags,2025-10-05 00:00:00+00:00,TWE,Twilight Express,1300,1261,2000,8,1,7
Six Flags,2025-10-05 00:00:00+00:00,IRT,Iron Rattler,1918,1897,2400,8,3,5
Six Flags,2025-10-05 00:00:00+00:00,SRT,Sirocco Tower,1654,1562,2300,6,1,5
Six Flags,2025-10-05 00:00:00+00:00,FCF,Falcons Flight,2456,2408,2500,8,2,6
Six Flags,2025-10-05 00:00:00+00:00,SKW,Skywatch,1439,1361,2100,9,5,4
Aquarabia,2025-10-05 00:00:00+00:00,RFR,Raft Republic,1128,1071,1700,9,1,8
Aquarabia,2025-10-05 00:00:00+00:00,AMB,Amwaj Bay,1261,1207,1600,9,1,8
Aquarabia,2025-10-05 00:00:00+00:00,SPG,Splash Grotto,1440,1418,1900,11,1,10
Aquarabia,2025-10-05 00:00:00+00:00,ZZZ,ZipZapZoom,848,806,1400,10,1,9
Aquarabia,2025-10-05 00:00:00+00:00,TLC,The Lazy Camel,539,504,800,8,2,6
Aquarabia,2025-10-05 00:00:00+00:00,SFT,Surftopia,994,940,1300,9,2,7
Aquarabia,2025-10-05 00:00:00+00:00,HVP,Hyper Viper,1312,1217,2000,8,2,6
Aquarabia,2025-10-05 00:00:00+00:00,JND,Junoon Drop,825,802,1100,10,2,8
Aquarabia,2025-10-05 00:00:00+00:00,JPJ,Jump Jolt,636,610,1000,10,2,8
Aquarabia,2025-10-06 00:00:00+00:00,SST,Sea Stallion,1821,1756,2200,12,2,10
Six Flags,2025-10-06 00:00:00+00:00,AQT,Aquatopia,1529,1488,1800,8,2,6
Six Flags,2025-10-06 00:00:00+00:00,SPF,Spitfire,972,917,1500,9,2,7
Six Flags,2025-10-06 00:00:00+00:00,ARC,Arabian Carousel,558,510,900,8,2,6
Six Flags,2025-10-06 00:00:00+00:00,CYC,Canyon Charters,937,899,1200,10,5,5
Six Flags,2025-10-06 00:00:00+00:00,ADJ,Adventure Junction,680,653,1000,9,2,7
Six Flags,2025-10-06 00:00:00+00:00,TWE,Twilight Express,1251,1225,2000,8,1,7
Six Flags,2025-10-06 00:00:00+00:00,IRT,Iron Rattler,1986,1920,2400,8,4,4
Six Flags,2025-10-06 00:00:00+00:00,SRT,Sirocco Tower,1680,1645,2300,6,1,5
Six Flags,2025-10-06 00:00:00+00:00,FCF,Falcons Flight,2284,2223,2500,8,1,7
Six Flags,2025-10-06 00:00:00+00:00,SKW,Skywatch,1405,1366,2100,9,4,5
Aquarabia,2025-10-06 00:00:00+00:00,RFR,Raft Republic,1110,1038,1700,9,1,8
Aquarabia,2025-10-06 00:00:00+00:00,AMB,Amwaj Bay,1012,982,1600,9,1,8
Aquarabia,2025-10-06 00:00:00+00:00,SPG,Splash Grotto,1326,1295,1900,11,1,10
Aquarabia,2025-10-06 00:00:00+00:00,ZZZ,ZipZapZoom,1058,995,1400,10,1,9
Aquarabia,2025-10-06 00:00:00+00:00,TLC,The Lazy Camel,690,607,800,8,1,7
Aquarabia,2025-10-06 00:00:00+00:00,SFT,Surftopia,884,857,1300,9,1,8
Aquarabia,2025-10-06 00:00:00+00:00,HVP,Hyper Viper,1247,1167,2000,8,2,6
Aquarabia,2025-10-06 00:00:00+00:00,JND,Junoon Drop,890,848,1100,10,2,8
Aquarabia,2025-10-06 00:00:00+00:00,JPJ,Jump Jolt,809,773,1000,10,1,9
Aquarabia,2025-10-07 00:00:00+00:00,SST,Sea Stallion,1632,1587,2200,12,2,10
Six Flags,2025-10-07 00:00:00+00:00,AQT,Aquatopia,1418,1370,1800,8,1,7
Six Flags,2025-10-07 00:00:00+00:00,SPF,Spitfire,1088,1008,1500,9,1,8
Six Flags,2025-10-07 00:00:00+00:00,ARC,Arabian Carousel,673,617,900,8,1,7
Six Flags,2025-10-07 00:00:00+00:00,CYC,Canyon Charters,1037,942,1200,10,4,6
Six Flags,2025-10-07 00:00:00+00:00,ADJ,Adventure Junction,770,717,1000,9,1,8
Six Flags,2025-10-07 00:00:00+00:00,TWE,Twilight Express,1394,1358,2000,8,2,6
Six Flags,2025-10-07 00:00:00+00:00,IRT,Iron Rattler,1598,1504,2400,8,4,4
Six Flags,2025-10-07 00:00:00+00:00,SRT,Sirocco Tower,1490,1447,2300,6,2,4
Six Flags,2025-10-07 00:00:00+00:00,FCF,Falcons Flight,2490,2450,2500,8,1,7
Six Flags,2025-10-07 00:00:00+00:00,SKW,Skywatch,1571,1527,2100,9,5,4
Aquarabia,2025-10-07 00:00:00+00:00,RFR,Raft Republic,1023,994,1700,9,1,8
Aquarabia,2025-10-07 00:00:00+00:00,AMB,Amwaj Bay,1207,1181,1600,9,1,8
Aquarabia,2025-10-07 00:00:00+00:00,SPG,Splash Grotto,1152,1099,1900,11,1,10
Aquarabia,2025-10-07 00:00:00+00:00,ZZZ,ZipZapZoom,962,895,1400,10,2,8
Aquarabia,2025-10-07 00:00:00+00:00,TLC,The Lazy Camel,588,536,800,8,2,6
Aquarabia,2025-10-07 00:00:00+00:00,SFT,Surftopia,902,846,1300,9,2,7
Aquarabia,2025-10-07 00:00:00+00:00,HVP,Hyper Viper,1220,1156,2000,8,2,6
Aquarabia,2025-10-07 00:00:00+00:00,JND,Junoon Drop,745,657,1100,10,1,9
Aquarabia,2025-10-07 00:00:00+00:00,JPJ,Jump Jolt,603,546,1000,10,1,9
Aquarabia,2025-10-08 00:00:00+00:00,SST,Sea Stallion,1710,1690,2200,12,2,10
Six Flags,2025-10-08 00:00:00+00:00,AQT,Aquatopia,1288,1220,1800,8,2,6
Six Flags,2025-10-08 00:00:00+00:00,SPF,Spitfire,1388,1326,1500,9,1,8
Six Flags,2025-10-08 00:00:00+00:00,ARC,Arabian Carousel,610,521,900,8,2,6
Six Flags,2025-10-08 00:00:00+00:00,CYC,Canyon Charters,861,777,1200,10,3,7
Six Flags,2025-10-08 00:00:00+00:00,ADJ,Adventure Junction,775,745,1000,9,2,7
Six Flags,2025-10-08 00:00:00+00:00,TWE,Twilight Express,1501,1418,2000,8,1,7
Six Flags,2025-10-08 00:00:00+00:00,IRT,Iron Rattler,1674,1610,2400,8,4,4
Six Flags,2025-10-08 00:00:00+00:00,SRT,Sirocco Tower,1933,1839,2300,6,2,4
Six Flags,2025-10-08 00:00:00+00:00,FCF,Falcons Flight,2014,1921,2500,8,2,6
Six Flags,2025-10-08 00:00:00+00:00,SKW,Skywatch,1407,1354,2100,9,3,6
Aquarabia,2025-10-08 00:00:00+00:00,RFR,Raft Republic,1327,1277,1700,9,1,8
Aquarabia,2025-10-08 00:00:00+00:00,AMB,Amwaj Bay,1223,1184,1600,9,1,8
Aquarabia,2025-10-08 00:00:00+00:00,SPG,Splash Grotto,1459,1395,1900,11,2,9
Aquarabia,2025-10-08 00:00:00+00:00,ZZZ,ZipZapZoom,917,841,1400,10,1,9
Aquarabia,2025-10-08 00:00:00+00:00,TLC,The Lazy Camel,637,562,800,8,1,7
Aquarabia,2025-10-08 00:00:00+00:00,SFT,Surftopia,866,774,1300,9,1,8
Aquarabia,2025-10-08 00:00:00+00:00,HVP,Hyper Viper,1077,1055,2000,8,1,7
Aquarabia,2025-10-08 00:00:00+00:00,JND,Junoon Drop,772,744,1100,10,2,8
Aquarabia,2025-10-08 00:00:00+00:00,JPJ,Jump Jolt,848,770,1000,10,1,9
Aquarabia,2025-10-09 00:00:00+00:00,SST,Sea Stallion,2078,1987,2200,12,1,11
Six Flags,2025-10-09 00:00:00+00:00,AQT,Aquatopia,1509,1451,1800,8,1,7
Six Flags,2025-10-09 00:00:00+00:00,SPF,Spitfire,1080,1051,1500,9,1,8
Six Flags,2025-10-09 00:00:00+00:00,ARC,Arabian Carousel,550,523,900,8,1,7
Six Flags,2025-10-09 00:00:00+00:00,CYC,Canyon Charters,972,943,1200,10,4,6
Six Flags,2025-10-09 00:00:00+00:00,ADJ,Adventure Junction,609,579,1000,9,2,7
Six Flags,2025-10-09 00:00:00+00:00,TWE,Twilight Express,1470,1448,2000,8,1,7
Six Flags,2025-10-09 00:00:00+00:00,IRT,Iron Rattler,1914,1831,2400,8,5,3
Six Flags,2025-10-09 00:00:00+00:00,SRT,Sirocco Tower,1830,1776,2300,6,2,4
Six Flags,2025-10-09 00:00:00+00:00,FCF,Falcons Flight,2490,2450,2500,8,1,7
Six Flags,2025-10-09 00:00:00+00:00,SKW,Skywatch,1656,1598,2100,9,5,4
Aquarabia,2025-10-09 00:00:00+00:00,RFR,Raft Republic,1075,1016,1700,9,2,7
Aquarabia,2025-10-09 00:00:00+00:00,AMB,Amwaj Bay,1049,1001,1600,9,1,8
Aquarabia,2025-10-09 00:00:00+00:00,SPG,Splash Grotto,1340,1262,1900,11,2,9
Aquarabia,2025-10-09 00:00:00+00:00,ZZZ,ZipZapZoom,1073,1001,1400,10,2,8
Aquarabia,2025-10-09 00:00:00+00:00,TLC,The Lazy Camel,559,488,800,8,2,6
Aquarabia,2025-10-09 00:00:00+00:00,SFT,Surftopia,982,956,1300,9,2,7
Aquarabia,2025-10-09 00:00:00+00:00,HVP,Hyper Viper,1346,1249,2000,8,2,6
Aquarabia,2025-10-09 00:00:00+00:00,JND,Junoon Drop,814,721,1100,10,1,9
Aquarabia,2025-10-09 00:00:00+00:00,JPJ,Jump Jolt,725,634,1000,10,1,9
Aquarabia,2025-10-10 00:00:00+00:00,SST,Sea Stallion,1901,1849,2200,12,2,10
Six Flags,2025-10-10 00:00:00+00:00,AQT,Aquatopia,1421,1352,1800,8,1,7
Six Flags,2025-10-10 00:00:00+00:00,SPF,Spitfire,1133,1039,1500,9,1,8
Six Flags,2025-10-10 00:00:00+00:00,ARC,Arabian Carousel,687,666,900,8,1,7
Six Flags,2025-10-10 00:00:00+00:00,CYC,Canyon Charters,806,733,1200,10,4,6
Six Flags,2025-10-10 00:00:00+00:00,ADJ,Adventure Junction,899,826,1000,9,1,8
Six Flags,2025-10-10 00:00:00+00:00,TWE,Twilight Express,1601,1557,2000,8,2,6
Six Flags,2025-10-10 00:00:00+00:00,IRT,Iron Rattler,1594,1549,2400,8,4,4
Six Flags,2025-10-10 00:00:00+00:00,SRT,Sirocco Tower,1719,1633,2300,6,2,4
Six Flags,2025-10-10 00:00:00+00:00,FCF,Falcons Flight,1968,1925,2500,8,1,7
Six Flags,2025-10-10 00:00:00+00:00,SKW,Skywatch,1506,1448,2100,9,3,6
Aquarabia,2025-10-10 00:00:00+00:00,RFR,Raft Republic,1163,1099,1700,9,1,8
Aquarabia,2025-10-10 00:00:00+00:00,AMB,Amwaj Bay,1194,1144,1600,9,2,7
Aquarabia,2025-10-10 00:00:00+00:00,SPG,Splash Grotto,1337,1278,1900,11,1,10
Aquarabia,2025-10-10 00:00:00+00:00,ZZZ,ZipZapZoom,949,892,1400,10,1,9
Aquarabia,2025-10-10 00:00:00+00:00,TLC,The Lazy Camel,600,550,800,8,2,6
Aquarabia,2025-10-10 00:00:00+00:00,SFT,Surftopia,1035,970,1300,9,1,8
Aquarabia,2025-10-10 00:00:00+00:00,HVP,Hyper Viper,1326,1286,2000,8,2,6
Aquarabia,2025-10-10 00:00:00+00:00,JND,Junoon Drop,760,716,1100,10,2,8
Aquarabia,2025-10-10 00:00:00+00:00,JPJ,Jump Jolt,855,763,1000,10,1,9
Aquarabia,2025-10-11 00:00:00+00:00,SST,Sea Stallion,1993,1960,2200,12,2,10
Six Flags,2025-10-11 00:00:00+00:00,AQT,Aquatopia,1160,1130,1800,8,2,6
Six Flags,2025-10-11 00:00:00+00:00,SPF,Spitfire,1051,1014,1500,9,2,7
Six Flags,2025-10-11 00:00:00+00:00,ARC,Arabian Carousel,703,669,900,8,2,6
Six Flags,2025-10-11 00:00:00+00:00,CYC,Canyon Charters,926,851,1200,10,3,7
Six Flags,2025-10-11 00:00:00+00:00,ADJ,Adventure Junction,759,688,1000,9,1,8
Six Flags,2025-10-11 00:00:00+00:00,TWE,Twilight Express,1467,1384,2000,8,1,7
Six Flags,2025-10-11 00:00:00+00:00,IRT,Iron Rattler,1518,1482,2400,8,5,3
Six Flags,2025-10-11 00:00:00+00:00,SRT,Sirocco Tower,1551,1498,2300,6,1,5
Six Flags,2025-10-11 00:00:00+00:00,FCF,Falcons Flight,2474,2450,2500,8,2,6
Six Flags,2025-10-11 00:00:00+00:00,SKW,Skywatch,1314,1267,2100,9,3,6
Aquarabia,2025-10-11 00:00:00+00:00,RFR,Raft Republic,1257,1187,1700,9,1,8
Aquarabia,2025-10-11 00:00:00+00:00,AMB,Amwaj Bay,1089,1043,1600,9,1,8
Aquarabia,2025-10-11 00:00:00+00:00,SPG,Splash Grotto,1488,1390,1900,11,1,10
Aquarabia,2025-10-11 00:00:00+00:00,ZZZ,ZipZapZoom,885,865,1400,10,1,9
Aquarabia,2025-10-11 00:00:00+00:00,TLC,The Lazy Camel,468,443,800,8,1,7
Aquarabia,2025-10-11 00:00:00+00:00,SFT,Surftopia,805,721,1300,9,1,8
Aquarabia,2025-10-11 00:00:00+00:00,HVP,Hyper Viper,1212,1183,2000,8,2,6
Aquarabia,2025-10-11 00:00:00+00:00,JND,Junoon Drop,706,617,1100,10,1,9
Aquarabia,2025-10-11 00:00:00+00:00,JPJ,Jump Jolt,774,735,1000,10,1,9
Aquarabia,2025-10-12 00:00:00+00:00,SST,Sea Stallion,2010,1911,2200,12,2,10
Six Flags,2025-10-12 00:00:00+00:00,AQT,Aquatopia,1161,1127,1800,8,2,6
Six Flags,2025-10-12 00:00:00+00:00,SPF,Spitfire,1133,1044,1500,9,2,7
Six Flags,2025-10-12 00:00:00+00:00,ARC,Arabian Carousel,614,581,900,8,2,6
Six Flags,2025-10-12 00:00:00+00:00,CYC,Canyon Charters,938,885,1200,10,3,7
Six Flags,2025-10-12 00:00:00+00:00,ADJ,Adventure Junction,830,745,1000,9,2,7
Six Flags,2025-10-12 00:00:00+00:00,TWE,Twilight Express,1447,1403,2000,8,1,7
Six Flags,2025-10-12 00:00:00+00:00,IRT,Iron Rattler,1657,1589,2400,8,5,3
Six Flags,2025-10-12 00:00:00+00:00,SRT,Sirocco Tower,1531,1500,2300,6,2,4
Six Flags,2025-10-12 00:00:00+00:00,FCF,Falcons Flight,2471,2440,2500,8,1,7
Six Flags,2025-10-12 00:00:00+00:00,SKW,Skywatch,1729,1645,2100,9,5,4
Aquarabia,2025-10-12 00:00:00+00:00,RFR,Raft Republic,1043,951,1700,9,2,7
Aquarabia,2025-10-12 00:00:00+00:00,AMB,Amwaj Bay,983,892,1600,9,2,7
Aquarabia,2025-10-12 00:00:00+00:00,SPG,Splash Grotto,1317,1287,1900,11,1,10
Aquarabia,2025-10-12 00:00:00+00:00,ZZZ,ZipZapZoom,1103,1067,1400,10,1,9
Aquarabia,2025-10-12 00:00:00+00:00,TLC,The Lazy Camel,475,433,800,8,1,7
Aquarabia,2025-10-12 00:00:00+00:00,SFT,Surftopia,900,839,1300,9,2,7
Aquarabia,2025-10-12 00:00:00+00:00,HVP,Hyper Viper,1155,1078,2000,8,1,7
Aquarabia,2025-10-12 00:00:00+00:00,JND,Junoon Drop,934,873,1100,10,2,8
Aquarabia,2025-10-12 00:00:00+00:00,JPJ,Jump Jolt,734,649,1000,10,1,9
Aquarabia,2025-10-13 00:00:00+00:00,SST,Sea Stallion,2066,1978,2200,12,2,10
Six Flags,2025-10-13 00:00:00+00:00,AQT,Aquatopia,1176,1129,1800,8,1,7
Six Flags,2025-10-13 00:00:00+00:00,SPF,Spitfire,1099,1004,1500,9,2,7
Six Flags,2025-10-13 00:00:00+00:00,ARC,Arabian Carousel,636,616,900,8,2,6
Six Flags,2025-10-13 00:00:00+00:00,CYC,Canyon Charters,840,819,1200,10,4,6
Six Flags,2025-10-13 00:00:00+00:00,ADJ,Adventure Junction,940,855,1000,9,2,7
Six Flags,2025-10-13 00:00:00+00:00,TWE,Twilight Express,1486,1466,2000,8,2,6
Six Flags,2025-10-13 00:00:00+00:00,IRT,Iron Rattler,1634,1570,2400,8,3,5
Six Flags,2025-10-13 00:00:00+00:00,SRT,Sirocco Tower,1549,1515,2300,6,2,4
Six Flags,2025-10-13 00:00:00+00:00,FCF,Falcons Flight,2225,2129,2500,8,1,7
Six Flags,2025-10-13 00:00:00+00:00,SKW,Skywatch,1387,1305,2100,9,4,5
Aquarabia,2025-10-13 00:00:00+00:00,RFR,Raft Republic,1353,1301,1700,9,2,7
Aquarabia,2025-10-13 00:00:00+00:00,AMB,Amwaj Bay,1254,1167,1600,9,1,8
Aquarabia,2025-10-13 00:00:00+00:00,SPG,Splash Grotto,1111,1058,1900,11,2,9
Aquarabia,2025-10-13 00:00:00+00:00,ZZZ,ZipZapZoom,1129,1047,1400,10,1,9
Aquarabia,2025-10-13 00:00:00+00:00,TLC,The Lazy Camel,538,484,800,8,1,7
Aquarabia,2025-10-13 00:00:00+00:00,SFT,Surftopia,1091,1023,1300,9,1,8
Aquarabia,2025-10-13 00:00:00+00:00,HVP,Hyper Viper,1161,1102,2000,8,2,6
Aquarabia,2025-10-13 00:00:00+00:00,JND,Junoon Drop,811,787,1100,10,2,8
Aquarabia,2025-10-13 00:00:00+00:00,JPJ,Jump Jolt,746,648,1000,10,1,9
Aquarabia,2025-10-14 00:00:00+00:00,SST,Sea Stallion,2001,1955,2200,12,1,11
Six Flags,2025-10-14 00:00:00+00:00,AQT,Aquatopia,1490,1457,1800,8,1,7
Six Flags,2025-10-14 00:00:00+00:00,SPF,Spitfire,1227,1187,1500,9,1,8
Six Flags,2025-10-14 00:00:00+00:00,ARC,Arabian Carousel,668,599,900,8,2,6
Six Flags,2025-10-14 00:00:00+00:00,CYC,Canyon Charters,817,747,1200,10,4,6
Six Flags,2025-10-14 00:00:00+00:00,ADJ,Adventure Junction,774,743,1000,9,2,7
Six Flags,2025-10-14 00:00:00+00:00,TWE,Twilight Express,1374,1285,2000,8,1,7
Six Flags,2025-10-14 00:00:00+00:00,IRT,Iron Rattler,1581,1484,2400,8,3,5
Six Flags,2025-10-14 00:00:00+00:00,SRT,Sirocco Tower,1823,1738,2300,6,2,4
Six Flags,2025-10-14 00:00:00+00:00,FCF,Falcons Flight,1880,1836,2500,8,2,6
Six Flags,2025-10-14 00:00:00+00:00,SKW,Skywatch,1585,1565,2100,9,4,5
Aquarabia,2025-10-14 00:00:00+00:00,RFR,Raft Republic,1262,1229,1700,9,1,8
Aquarabia,2025-10-14 00:00:00+00:00,AMB,Amwaj Bay,943,903,1600,9,1,8
Aquarabia,2025-10-14 00:00:00+00:00,SPG,Splash Grotto,1255,1228,1900,11,2,9
Aquarabia,2025-10-14 00:00:00+00:00,ZZZ,ZipZapZoom,942,918,1400,10,1,9
Aquarabia,2025-10-14 00:00:00+00:00,TLC,The Lazy Camel,555,517,800,8,2,6
Aquarabia,2025-10-14 00:00:00+00:00,SFT,Surftopia,912,821,1300,9,2,7
Aquarabia,2025-10-14 00:00:00+00:00,HVP,Hyper Viper,1478,1457,2000,8,2,6
Aquarabia,2025-10-14 00:00:00+00:00,JND,Junoon Drop,869,784,1100,10,1,9
Aquarabia,2025-10-14 00:00:00+00:00,JPJ,Jump Jolt,662,629,1000,10,2,8
Aquarabia,2025-10-15 00:00:00+00:00,SST,Sea Stallion,1840,1775,2200,12,2,10
Six Flags,2025-10-15 00:00:00+00:00,AQT,Aquatopia,1110,1090,1800,8,1,7
Six Flags,2025-10-15 00:00:00+00:00,SPF,Spitfire,999,907,1500,9,2,7
Six Flags,2025-10-15 00:00:00+00:00,ARC,Arabian Carousel,809,713,900,8,2,6
Six Flags,2025-10-15 00:00:00+00:00,CYC,Canyon Charters,805,754,1200,10,4,6
Six Flags,2025-10-15 00:00:00+00:00,ADJ,Adventure Junction,673,652,1000,9,2,7
Six Flags,2025-10-15 00:00:00+00:00,TWE,Twilight Express,1465,1392,2000,8,1,7
Six Flags,2025-10-15 00:00:00+00:00,IRT,Iron Rattler,1983,1899,2400,8,3,5
Six Flags,2025-10-15 00:00:00+00:00,SRT,Sirocco Tower,1828,1777,2300,6,1,5
Six Flags,2025-10-15 00:00:00+00:00,FCF,Falcons Flight,2352,2263,2500,8,2,6
Six Flags,2025-10-15 00:00:00+00:00,SKW,Skywatch,1485,1454,2100,9,3,6
Aquarabia,2025-10-15 00:00:00+00:00,RFR,Raft Republic,979,936,1700,9,2,7
Aquarabia,2025-10-15 00:00:00+00:00,AMB,Amwaj Bay,983,958,1600,9,1,8
Aquarabia,2025-10-15 00:00:00+00:00,SPG,Splash Grotto,1239,1204,1900,11,1,10
Aquarabia,2025-10-15 00:00:00+00:00,ZZZ,ZipZapZoom,1083,994,1400,10,1,9
Aquarabia,2025-10-15 00:00:00+00:00,TLC,The Lazy Camel,637,541,800,8,2,6
Aquarabia,2025-10-15 00:00:00+00:00,SFT,Surftopia,929,899,1300,9,2,7
Aquarabia,2025-10-15 00:00:00+00:00,HVP,Hyper Viper,1515,1441,2000,8,1,7
Aquarabia,2025-10-15 00:00:00+00:00,JND,Junoon Drop,870,799,1100,10,1,9
Aquarabia,2025-10-15 00:00:00+00:00,JPJ,Jump Jolt,650,613,1000,10,1,9
Aquarabia,2025-10-16 00:00:00+00:00,SST,Sea Stallion,2006,1966,2200,12,2,10
Six Flags,2025-10-16 00:00:00+00:00,AQT,Aquatopia,1612,1531,1800,8,2,6
Six Flags,2025-10-16 00:00:00+00:00,SPF,Spitfire,929,864,1500,9,2,7
Six Flags,2025-10-16 00:00:00+00:00,ARC,Arabian Carousel,744,653,900,8,1,7
Six Flags,2025-10-16 00:00:00+00:00,CYC,Canyon Charters,810,757,1200,10,4,6
Six Flags,2025-10-16 00:00:00+00:00,ADJ,Adventure Junction,906,866,1000,9,2,7
Six Flags,2025-10-16 00:00:00+00:00,TWE,Twilight Express,1287,1227,2000,8,2,6
Six Flags,2025-10-16 00:00:00+00:00,IRT,Iron Rattler,1722,1690,2400,8,5,3
Six Flags,2025-10-16 00:00:00+00:00,SRT,Sirocco Tower,1725,1680,2300,6,2,4
Six Flags,2025-10-16 00:00:00+00:00,FCF,Falcons Flight,2408,2322,2500,8,2,6
Six Flags,2025-10-16 00:00:00+00:00,SKW,Skywatch,1702,1624,2100,9,3,6
Aquarabia,2025-10-16 00:00:00+00:00,RFR,Raft Republic,1284,1219,1700,9,1,8
Aquarabia,2025-10-16 00:00:00+00:00,AMB,Amwaj Bay,1192,1121,1600,9,2,7
Aquarabia,2025-10-16 00:00:00+00:00,SPG,Splash Grotto,1086,1047,1900,11,2,9
Aquarabia,2025-10-16 00:00:00+00:00,ZZZ,ZipZapZoom,923,858,1400,10,2,8
Aquarabia,2025-10-16 00:00:00+00:00,TLC,The Lazy Camel,586,497,800,8,2,6
Aquarabia,2025-10-16 00:00:00+00:00,SFT,Surftopia,796,718,1300,9,1,8
Aquarabia,2025-10-16 00:00:00+00:00,HVP,Hyper Viper,1461,1383,2000,8,1,7
Aquarabia,2025-10-16 00:00:00+00:00,JND,Junoon Drop,804,720,1100,10,2,8
Aquarabia,2025-10-16 00:00:00+00:00,JPJ,Jump Jolt,765,743,1000,10,1,9
Aquarabia,2025-10-17 00:00:00+00:00,SST,Sea Stallion,1550,1496,2200,12,1,11
Six Flags,2025-10-17 00:00:00+00:00,AQT,Aquatopia,1397,1326,1800,8,2,6
Six Flags,2025-10-17 00:00:00+00:00,SPF,Spitfire,1193,1107,1500,9,2,7
Six Flags,2025-10-17 00:00:00+00:00,ARC,Arabian Carousel,741,679,900,8,2,6
Six Flags,2025-10-17 00:00:00+00:00,CYC,Canyon Charters,803,763,1200,10,5,5
Six Flags,2025-10-17 00:00:00+00:00,ADJ,Adventure Junction,727,693,1000,9,1,8
Six Flags,2025-10-17 00:00:00+00:00,TWE,Twilight Express,1422,1366,2000,8,1,7
Six Flags,2025-10-17 00:00:00+00:00,IRT,Iron Rattler,1747,1690,2400,8,5,3
Six Flags,2025-10-17 00:00:00+00:00,SRT,Sirocco Tower,1614,1543,2300,6,2,4
Six Flags,2025-10-17 00:00:00+00:00,FCF,Falcons Flight,2286,2226,2500,8,2,6
Six Flags,2025-10-17 00:00:00+00:00,SKW,Skywatch,1555,1468,2100,9,3,6
Aquarabia,2025-10-17 00:00:00+00:00,RFR,Raft Republic,1219,1169,1700,9,1,8
Aquarabia,2025-10-17 00:00:00+00:00,AMB,Amwaj Bay,1281,1214,1600,9,2,7
Aquarabia,2025-10-17 00:00:00+00:00,SPG,Splash Grotto,1401,1316,1900,11,2,9
Aquarabia,2025-10-17 00:00:00+00:00,ZZZ,ZipZapZoom,956,891,1400,10,1,9
Aquarabia,2025-10-17 00:00:00+00:00,TLC,The Lazy Camel,525,461,800,8,2,6
Aquarabia,2025-10-17 00:00:00+00:00,SFT,Surftopia,836,779,1300,9,2,7
Aquarabia,2025-10-17 00:00:00+00:00,HVP,Hyper Viper,1398,1362,2000,8,2,6
Aquarabia,2025-10-17 00:00:00+00:00,JND,Junoon Drop,787,721,1100,10,1,9
Aquarabia,2025-10-17 00:00:00+00:00,JPJ,Jump Jolt,684,601,1000,10,2,8
Aquarabia,2025-10-18 00:00:00+00:00,SST,Sea Stallion,1873,1789,2200,12,2,10
Six Flags,2025-10-18 00:00:00+00:00,AQT,Aquatopia,1404,1356,1800,8,2,6
Six Flags,2025-10-18 00:00:00+00:00,SPF,Spitfire,940,867,1500,9,2,7
Six Flags,2025-10-18 00:00:00+00:00,ARC,Arabian Carousel,792,704,900,8,1,7
Six Flags,2025-10-18 00:00:00+00:00,CYC,Canyon Charters,945,903,1200,10,4,6
Six Flags,2025-10-18 00:00:00+00:00,ADJ,Adventure Junction,715,634,1000,9,1,8
Six Flags,2025-10-18 00:00:00+00:00,TWE,Twilight Express,1599,1500,2000,8,1,7
Six Flags,2025-10-18 00:00:00+00:00,IRT,Iron Rattler,1879,1796,2400,8,3,5
Six Flags,2025-10-18 00:00:00+00:00,SRT,Sirocco Tower,1502,1436,2300,6,2,4
Six Flags,2025-10-18 00:00:00+00:00,FCF,Falcons Flight,1703,1675,2500,8,1,7
Six Flags,2025-10-18 00:00:00+00:00,SKW,Skywatch,1635,1537,2100,9,3,6
Aquarabia,2025-10-18 00:00:00+00:00,RFR,Raft Republic,1334,1241,1700,9,2,7
Aquarabia,2025-10-18 00:00:00+00:00,AMB,Amwaj Bay,1139,1066,1600,9,2,7
Aquarabia,2025-10-18 00:00:00+00:00,SPG,Splash Grotto,1388,1294,1900,11,1,10
Aquarabia,2025-10-18 00:00:00+00:00,ZZZ,ZipZapZoom,1047,997,1400,10,1,9
Aquarabia,2025-10-18 00:00:00+00:00,TLC,The Lazy Camel,684,587,800,8,1,7
Aquarabia,2025-10-18 00:00:00+00:00,SFT,Surftopia,888,834,1300,9,1,8
Aquarabia,2025-10-18 00:00:00+00:00,HVP,Hyper Viper,1241,1207,2000,8,1,7
Aquarabia,2025-10-18 00:00:00+00:00,JND,Junoon Drop,844,784,1100,10,2,8
Aquarabia,2025-10-18 00:00:00+00:00,JPJ,Jump Jolt,673,616,1000,10,1,9
Aquarabia,2025-10-19 00:00:00+00:00,SST,Sea Stallion,1663,1567,2200,12,1,11
Six Flags,2025-10-19 00:00:00+00:00,AQT,Aquatopia,1518,1450,1800,8,2,6
Six Flags,2025-10-19 00:00:00+00:00,SPF,Spitfire,943,909,1500,9,1,8
Six Flags,2025-10-19 00:00:00+00:00,ARC,Arabian Carousel,746,656,900,8,2,6
Six Flags,2025-10-19 00:00:00+00:00,CYC,Canyon Charters,949,858,1200,10,3,7
Six Flags,2025-10-19 00:00:00+00:00,ADJ,Adventure Junction,793,701,1000,9,1,8
Six Flags,2025-10-19 00:00:00+00:00,TWE,Twilight Express,1527,1467,2000,8,1,7
Six Flags,2025-10-19 00:00:00+00:00,IRT,Iron Rattler,1499,1461,2400,8,3,5
Six Flags,2025-10-19 00:00:00+00:00,SRT,Sirocco Tower,1457,1382,2300,6,2,4
Six Flags,2025-10-19 00:00:00+00:00,FCF,Falcons Flight,1824,1804,2500,8,1,7
Six Flags,2025-10-19 00:00:00+00:00,SKW,Skywatch,1496,1420,2100,9,3,6
Aquarabia,2025-10-19 00:00:00+00:00,RFR,Raft Republic,1010,984,1700,9,1,8
Aquarabia,2025-10-19 00:00:00+00:00,AMB,Amwaj Bay,1133,1093,1600,9,2,7
Aquarabia,2025-10-19 00:00:00+00:00,SPG,Splash Grotto,1528,1439,1900,11,1,10
Aquarabia,2025-10-19 00:00:00+00:00,ZZZ,ZipZapZoom,915,886,1400,10,2,8
Aquarabia,2025-10-19 00:00:00+00:00,TLC,The Lazy Camel,642,585,800,8,2,6
Aquarabia,2025-10-19 00:00:00+00:00,SFT,Surftopia,1035,946,1300,9,2,7
Aquarabia,2025-10-19 00:00:00+00:00,HVP,Hyper Viper,1149,1106,2000,8,1,7
Aquarabia,2025-10-19 00:00:00+00:00,JND,Junoon Drop,782,737,1100,10,2,8
Aquarabia,2025-10-19 00:00:00+00:00,JPJ,Jump Jolt,784,690,1000,10,1,9
Aquarabia,2025-10-20 00:00:00+00:00,SST,Sea Stallion,1610,1512,2200,12,2,10
Six Flags,2025-10-20 00:00:00+00:00,AQT,Aquatopia,1532,1465,1800,8,1,7
Six Flags,2025-10-20 00:00:00+00:00,SPF,Spitfire,1039,947,1500,9,1,8
Six Flags,2025-10-20 00:00:00+00:00,ARC,Arabian Carousel,847,791,900,8,1,7
Six Flags,2025-10-20 00:00:00+00:00,CYC,Canyon Charters,808,773,1200,10,5,5
Six Flags,2025-10-20 00:00:00+00:00,ADJ,Adventure Junction,645,603,1000,9,1,8
Six Flags,2025-10-20 00:00:00+00:00,TWE,Twilight Express,1784,1743,2000,8,1,7
Six Flags,2025-10-20 00:00:00+00:00,IRT,Iron Rattler,2015,1995,2400,8,3,5
Six Flags,2025-10-20 00:00:00+00:00,SRT,Sirocco Tower,1590,1537,2300,6,1,5
Six Flags,2025-10-20 00:00:00+00:00,FCF,Falcons Flight,1810,1764,2500,8,1,7
Six Flags,2025-10-20 00:00:00+00:00,SKW,Skywatch,1678,1646,2100,9,3,6
Aquarabia,2025-10-20 00:00:00+00:00,RFR,Raft Republic,1125,1082,1700,9,1,8
Aquarabia,2025-10-20 00:00:00+00:00,AMB,Amwaj Bay,1344,1308,1600,9,1,8
Aquarabia,2025-10-20 00:00:00+00:00,SPG,Splash Grotto,1450,1356,1900,11,2,9
Aquarabia,2025-10-20 00:00:00+00:00,ZZZ,ZipZapZoom,906,852,1400,10,1,9
Aquarabia,2025-10-20 00:00:00+00:00,TLC,The Lazy Camel,613,536,800,8,1,7
Aquarabia,2025-10-20 00:00:00+00:00,SFT,Surftopia,983,908,1300,9,2,7
Aquarabia,2025-10-20 00:00:00+00:00,HVP,Hyper Viper,1324,1258,2000,8,1,7
Aquarabia,2025-10-20 00:00:00+00:00,JND,Junoon Drop,856,769,1100,10,2,8
Aquarabia,2025-10-20 00:00:00+00:00,JPJ,Jump Jolt,832,786,1000,10,1,9
Aquarabia,2025-10-21 00:00:00+00:00,SST,Sea Stallion,1811,1752,2200,12,2,10
Six Flags,2025-10-21 00:00:00+00:00,AQT,Aquatopia,1142,1116,1800,8,1,7
Six Flags,2025-10-21 00:00:00+00:00,SPF,Spitfire,913,860,1500,9,2,7
Six Flags,2025-10-21 00:00:00+00:00,ARC,Arabian Carousel,672,616,900,8,1,7
Six Flags,2025-10-21 00:00:00+00:00,CYC,Canyon Charters,962,902,1200,10,3,7
Six Flags,2025-10-21 00:00:00+00:00,ADJ,Adventure Junction,738,710,1000,9,2,7
Six Flags,2025-10-21 00:00:00+00:00,TWE,Twilight Express,1371,1349,2000,8,1,7
Six Flags,2025-10-21 00:00:00+00:00,IRT,Iron Rattler,1745,1682,2400,8,3,5
Six Flags,2025-10-21 00:00:00+00:00,SRT,Sirocco Tower,1368,1317,2300,6,1,5
Six Flags,2025-10-21 00:00:00+00:00,FCF,Falcons Flight,2440,2357,2500,8,2,6
Six Flags,2025-10-21 00:00:00+00:00,SKW,Skywatch,1431,1402,2100,9,4,5
Aquarabia,2025-10-21 00:00:00+00:00,RFR,Raft Republic,1161,1117,1700,9,1,8
Aquarabia,2025-10-21 00:00:00+00:00,AMB,Amwaj Bay,1258,1172,1600,9,2,7
Aquarabia,2025-10-21 00:00:00+00:00,SPG,Splash Grotto,1154,1098,1900,11,2,9
Aquarabia,2025-10-21 00:00:00+00:00,ZZZ,ZipZapZoom,1092,1023,1400,10,1,9
Aquarabia,2025-10-21 00:00:00+00:00,TLC,The Lazy Camel,632,578,800,8,2,6
Aquarabia,2025-10-21 00:00:00+00:00,SFT,Surftopia,985,923,1300,9,2,7
Aquarabia,2025-10-21 00:00:00+00:00,HVP,Hyper Viper,1279,1192,2000,8,1,7
Aquarabia,2025-10-21 00:00:00+00:00,JND,Junoon Drop,894,799,1100,10,2,8
Aquarabia,2025-10-21 00:00:00+00:00,JPJ,Jump Jolt,652,597,1000,10,2,8
Aquarabia,2025-10-22 00:00:00+00:00,SST,Sea Stallion,1781,1716,2200,12,1,11
Six Flags,2025-10-22 00:00:00+00:00,AQT,Aquatopia,1223,1171,1800,8,2,6
Six Flags,2025-10-22 00:00:00+00:00,SPF,Spitfire,1129,1065,1500,9,2,7
Six Flags,2025-10-22 00:00:00+00:00,ARC,Arabian Carousel,672,621,900,8,1,7
Six Flags,2025-10-22 00:00:00+00:00,CYC,Canyon Charters,902,866,1200,10,5,5
Six Flags,2025-10-22 00:00:00+00:00,ADJ,Adventure Junction,749,724,1000,9,1,8
Six Flags,2025-10-22 00:00:00+00:00,TWE,Twilight Express,1233,1143,2000,8,2,6
Six Flags,2025-10-22 00:00:00+00:00,IRT,Iron Rattler,1573,1551,2400,8,5,3
Six Flags,2025-10-22 00:00:00+00:00,SRT,Sirocco Tower,1870,1788,2300,6,2,4
Six Flags,2025-10-22 00:00:00+00:00,FCF,Falcons Flight,1938,1909,2500,8,2,6
Six Flags,2025-10-22 00:00:00+00:00,SKW,Skywatch,1328,1287,2100,9,3,6
Aquarabia,2025-10-22 00:00:00+00:00,RFR,Raft Republic,1251,1217,1700,9,1,8
Aquarabia,2025-10-22 00:00:00+00:00,AMB,Amwaj Bay,1015,938,1600,9,2,7
Aquarabia,2025-10-22 00:00:00+00:00,SPG,Splash Grotto,1273,1206,1900,11,1,10
Aquarabia,2025-10-22 00:00:00+00:00,ZZZ,ZipZapZoom,922,890,1400,10,1,9
Aquarabia,2025-10-22 00:00:00+00:00,TLC,The Lazy Camel,461,434,800,8,1,7
Aquarabia,2025-10-22 00:00:00+00:00,SFT,Surftopia,996,973,1300,9,2,7
Aquarabia,2025-10-22 00:00:00+00:00,HVP,Hyper Viper,1636,1564,2000,8,1,7
Aquarabia,2025-10-22 00:00:00+00:00,JND,Junoon Drop,847,786,1100,10,1,9
Aquarabia,2025-10-22 00:00:00+00:00,JPJ,Jump Jolt,660,620,1000,10,2,8
Aquarabia,2025-10-23 00:00:00+00:00,SST,Sea Stallion,1794,1773,2200,12,2,10
Six Flags,2025-10-23 00:00:00+00:00,AQT,Aquatopia,1046,1018,1800,8,1,7
Six Flags,2025-10-23 00:00:00+00:00,SPF,Spitfire,1091,1047,1500,9,1,8
Six Flags,2025-10-23 00:00:00+00:00,ARC,Arabian Carousel,686,608,900,8,2,6
Six Flags,2025-10-23 00:00:00+00:00,CYC,Canyon Charters,870,802,1200,10,5,5
Six Flags,2025-10-23 00:00:00+00:00,ADJ,Adventure Junction,782,708,1000,9,1,8
Six Flags,2025-10-23 00:00:00+00:00,TWE,Twilight Express,1669,1582,2000,8,2,6
Six Flags,2025-10-23 00:00:00+00:00,IRT,Iron Rattler,1827,1758,2400,8,3,5
Six Flags,2025-10-23 00:00:00+00:00,SRT,Sirocco Tower,1637,1549,2300,6,2,4
Six Flags,2025-10-23 00:00:00+00:00,FCF,Falcons Flight,2126,2066,2500,8,2,6
Six Flags,2025-10-23 00:00:00+00:00,SKW,Skywatch,1671,1635,2100,9,5,4
Aquarabia,2025-10-23 00:00:00+00:00,RFR,Raft Republic,1224,1188,1700,9,2,7
Aquarabia,2025-10-23 00:00:00+00:00,AMB,Amwaj Bay,1352,1313,1600,9,1,8
Aquarabia,2025-10-23 00:00:00+00:00,SPG,Splash Grotto,1095,1067,1900,11,1,10
Aquarabia,2025-10-23 00:00:00+00:00,ZZZ,ZipZapZoom,983,884,1400,10,2,8
Aquarabia,2025-10-23 00:00:00+00:00,TLC,The Lazy Camel,684,611,800,8,1,7
Aquarabia,2025-10-23 00:00:00+00:00,SFT,Surftopia,857,786,1300,9,2,7
Aquarabia,2025-10-23 00:00:00+00:00,HVP,Hyper Viper,1295,1267,2000,8,1,7
Aquarabia,2025-10-23 00:00:00+00:00,JND,Junoon Drop,602,572,1100,10,2,8
Aquarabia,2025-10-23 00:00:00+00:00,JPJ,Jump Jolt,731,666,1000,10,2,8
Aquarabia,2025-10-24 00:00:00+00:00,SST,Sea Stallion,1927,1891,2200,12,1,11
Six Flags,2025-10-24 00:00:00+00:00,AQT,Aquatopia,1373,1328,1800,8,1,7
Six Flags,2025-10-24 00:00:00+00:00,SPF,Spitfire,1200,1158,1500,9,1,8
Six Flags,2025-10-24 00:00:00+00:00,ARC,Arabian Carousel,685,656,900,8,2,6
Six Flags,2025-10-24 00:00:00+00:00,CYC,Canyon Charters,963,937,1200,10,4,6
Six Flags,2025-10-24 00:00:00+00:00,ADJ,Adventure Junction,738,656,1000,9,1,8
Six Flags,2025-10-24 00:00:00+00:00,TWE,Twilight Express,1306,1280,2000,8,2,6
Six Flags,2025-10-24 00:00:00+00:00,IRT,Iron Rattler,1422,1398,2400,8,4,4
Six Flags,2025-10-24 00:00:00+00:00,SRT,Sirocco Tower,1357,1324,2300,6,1,5
Six Flags,2025-10-24 00:00:00+00:00,FCF,Falcons Flight,1966,1905,2500,8,1,7
Six Flags,2025-10-24 00:00:00+00:00,SKW,Skywatch,1507,1471,2100,9,5,4
Aquarabia,2025-10-24 00:00:00+00:00,RFR,Raft Republic,1222,1181,1700,9,1,8
Aquarabia,2025-10-24 00:00:00+00:00,AMB,Amwaj Bay,1310,1243,1600,9,2,7
Aquarabia,2025-10-24 00:00:00+00:00,SPG,Splash Grotto,1351,1281,1900,11,1,10
Aquarabia,2025-10-24 00:00:00+00:00,ZZZ,ZipZapZoom,1064,1026,1400,10,1,9
Aquarabia,2025-10-24 00:00:00+00:00,TLC,The Lazy Camel,485,453,800,8,1,7
Aquarabia,2025-10-24 00:00:00+00:00,SFT,Surftopia,918,877,1300,9,2,7
Aquarabia,2025-10-24 00:00:00+00:00,HVP,Hyper Viper,1434,1402,2000,8,2,6
Aquarabia,2025-10-24 00:00:00+00:00,JND,Junoon Drop,838,743,1100,10,1,9
Aquarabia,2025-10-24 00:00:00+00:00,JPJ,Jump Jolt,711,665,1000,10,2,8
Aquarabia,2025-10-25 00:00:00+00:00,SST,Sea Stallion,1703,1605,2200,12,1,11
Six Flags,2025-10-25 00:00:00+00:00,AQT,Aquatopia,1143,1077,1800,8,2,6
Six Flags,2025-10-25 00:00:00+00:00,SPF,Spitfire,1053,1016,1500,9,2,7
Six Flags,2025-10-25 00:00:00+00:00,ARC,Arabian Carousel,674,620,900,8,2,6
Six Flags,2025-10-25 00:00:00+00:00,CYC,Canyon Charters,1086,1038,1200,10,4,6
Six Flags,2025-10-25 00:00:00+00:00,ADJ,Adventure Junction,834,785,1000,9,2,7
Six Flags,2025-10-25 00:00:00+00:00,TWE,Twilight Express,1303,1240,2000,8,2,6
Six Flags,2025-10-25 00:00:00+00:00,IRT,Iron Rattler,1572,1503,2400,8,4,4
Six Flags,2025-10-25 00:00:00+00:00,SRT,Sirocco Tower,1447,1422,2300,6,2,4
Six Flags,2025-10-25 00:00:00+00:00,FCF,Falcons Flight,2082,1991,2500,8,2,6
Six Flags,2025-10-25 00:00:00+00:00,SKW,Skywatch,1547,1499,2100,9,3,6
Aquarabia,2025-10-25 00:00:00+00:00,RFR,Raft Republic,975,906,1700,9,2,7
Aquarabia,2025-10-25 00:00:00+00:00,AMB,Amwaj Bay,1091,1039,1600,9,1,8
Aquarabia,2025-10-25 00:00:00+00:00,SPG,Splash Grotto,1322,1294,1900,11,2,9
Aquarabia,2025-10-25 00:00:00+00:00,ZZZ,ZipZapZoom,965,930,1400,10,1,9
Aquarabia,2025-10-25 00:00:00+00:00,TLC,The Lazy Camel,651,562,800,8,2,6
Aquarabia,2025-10-25 00:00:00+00:00,SFT,Surftopia,1047,968,1300,9,2,7
Aquarabia,2025-10-25 00:00:00+00:00,HVP,Hyper Viper,1230,1159,2000,8,1,7
Aquarabia,2025-10-25 00:00:00+00:00,JND,Junoon Drop,819,727,1100,10,2,8
Aquarabia,2025-10-25 00:00:00+00:00,JPJ,Jump Jolt,810,737,1000,10,1,9
Aquarabia,2025-10-26 00:00:00+00:00,SST,Sea Stallion,2069,1984,2200,12,2,10
Six Flags,2025-10-26 00:00:00+00:00,AQT,Aquatopia,1223,1134,1800,8,2,6
Six Flags,2025-10-26 00:00:00+00:00,SPF,Spitfire,1296,1258,1500,9,1,8
Six Flags,2025-10-26 00:00:00+00:00,ARC,Arabian Carousel,615,553,900,8,2,6
Six Flags,2025-10-26 00:00:00+00:00,CYC,Canyon Charters,915,865,1200,10,4,6
Six Flags,2025-10-26 00:00:00+00:00,ADJ,Adventure Junction,884,786,1000,9,2,7
Six Flags,2025-10-26 00:00:00+00:00,TWE,Twilight Express,1517,1488,2000,8,1,7
Six Flags,2025-10-26 00:00:00+00:00,IRT,Iron Rattler,2009,1912,2400,8,5,3
Six Flags,2025-10-26 00:00:00+00:00,SRT,Sirocco Tower,1570,1541,2300,6,1,5
Six Flags,2025-10-26 00:00:00+00:00,FCF,Falcons Flight,2057,1959,2500,8,2,6
Six Flags,2025-10-26 00:00:00+00:00,SKW,Skywatch,1705,1628,2100,9,3,6
Aquarabia,2025-10-26 00:00:00+00:00,RFR,Raft Republic,1285,1253,1700,9,1,8
Aquarabia,2025-10-26 00:00:00+00:00,AMB,Amwaj Bay,954,917,1600,9,2,7
Aquarabia,2025-10-26 00:00:00+00:00,SPG,Splash Grotto,1084,1042,1900,11,1,10
Aquarabia,2025-10-26 00:00:00+00:00,ZZZ,ZipZapZoom,776,734,1400,10,2,8
Aquarabia,2025-10-26 00:00:00+00:00,TLC,The Lazy Camel,618,548,800,8,2,6
Aquarabia,2025-10-26 00:00:00+00:00,SFT,Surftopia,840,745,1300,9,2,7
Aquarabia,2025-10-26 00:00:00+00:00,HVP,Hyper Viper,1295,1265,2000,8,2,6
Aquarabia,2025-10-26 00:00:00+00:00,JND,Junoon Drop,718,668,1100,10,2,8
Aquarabia,2025-10-26 00:00:00+00:00,JPJ,Jump Jolt,792,694,1000,10,1,9
Aquarabia,2025-10-27 00:00:00+00:00,SST,Sea Stallion,1671,1629,2200,12,1,11
Six Flags,2025-10-27 00:00:00+00:00,AQT,Aquatopia,1100,1036,1800,8,2,6
Six Flags,2025-10-27 00:00:00+00:00,SPF,Spitfire,1193,1103,1500,9,1,8
Six Flags,2025-10-27 00:00:00+00:00,ARC,Arabian Carousel,679,593,900,8,2,6
Six Flags,2025-10-27 00:00:00+00:00,CYC,Canyon Charters,985,909,1200,10,4,6
Six Flags,2025-10-27 00:00:00+00:00,ADJ,Adventure Junction,722,654,1000,9,1,8
Six Flags,2025-10-27 00:00:00+00:00,TWE,Twilight Express,1378,1295,2000,8,1,7
Six Flags,2025-10-27 00:00:00+00:00,IRT,Iron Rattler,1895,1870,2400,8,3,5
Six Flags,2025-10-27 00:00:00+00:00,SRT,Sirocco Tower,1655,1603,2300,6,1,5
Six Flags,2025-10-27 00:00:00+00:00,FCF,Falcons Flight,2328,2245,2500,8,2,6
Six Flags,2025-10-27 00:00:00+00:00,SKW,Skywatch,1340,1252,2100,9,3,6
Aquarabia,2025-10-27 00:00:00+00:00,RFR,Raft Republic,1192,1130,1700,9,2,7
Aquarabia,2025-10-27 00:00:00+00:00,AMB,Amwaj Bay,1264,1179,1600,9,1,8
Aquarabia,2025-10-27 00:00:00+00:00,SPG,Splash Grotto,1112,1069,1900,11,1,10
Aquarabia,2025-10-27 00:00:00+00:00,ZZZ,ZipZapZoom,1178,1100,1400,10,1,9
Aquarabia,2025-10-27 00:00:00+00:00,TLC,The Lazy Camel,539,467,800,8,2,6
Aquarabia,2025-10-27 00:00:00+00:00,SFT,Surftopia,978,942,1300,9,1,8
Aquarabia,2025-10-27 00:00:00+00:00,HVP,Hyper Viper,1583,1560,2000,8,2,6
Aquarabia,2025-10-27 00:00:00+00:00,JND,Junoon Drop,717,620,1100,10,2,8
Aquarabia,2025-10-27 00:00:00+00:00,JPJ,Jump Jolt,857,785,1000,10,1,9
Aquarabia,2025-10-28 00:00:00+00:00,SST,Sea Stallion,1489,1419,2200,12,1,11
Six Flags,2025-10-28 00:00:00+00:00,AQT,Aquatopia,1160,1087,1800,8,1,7
Six Flags,2025-10-28 00:00:00+00:00,SPF,Spitfire,1231,1185,1500,9,2,7
Six Flags,2025-10-28 00:00:00+00:00,ARC,Arabian Carousel,665,610,900,8,2,6
Six Flags,2025-10-28 00:00:00+00:00,CYC,Canyon Charters,1080,1019,1200,10,3,7
Six Flags,2025-10-28 00:00:00+00:00,ADJ,Adventure Junction,850,816,1000,9,1,8
Six Flags,2025-10-28 00:00:00+00:00,TWE,Twilight Express,1363,1337,2000,8,2,6
Six Flags,2025-10-28 00:00:00+00:00,IRT,Iron Rattler,1774,1688,2400,8,5,3
Six Flags,2025-10-28 00:00:00+00:00,SRT,Sirocco Tower,1628,1540,2300,6,2,4
Six Flags,2025-10-28 00:00:00+00:00,FCF,Falcons Flight,2458,2417,2500,8,1,7
Six Flags,2025-10-28 00:00:00+00:00,SKW,Skywatch,1849,1814,2100,9,3,6
Aquarabia,2025-10-28 00:00:00+00:00,RFR,Raft Republic,1187,1088,1700,9,1,8
Aquarabia,2025-10-28 00:00:00+00:00,AMB,Amwaj Bay,1117,1047,1600,9,1,8
Aquarabia,2025-10-28 00:00:00+00:00,SPG,Splash Grotto,1607,1546,1900,11,2,9
Aquarabia,2025-10-28 00:00:00+00:00,ZZZ,ZipZapZoom,828,767,1400,10,2,8
Aquarabia,2025-10-28 00:00:00+00:00,TLC,The Lazy Camel,717,622,800,8,1,7
Aquarabia,2025-10-28 00:00:00+00:00,SFT,Surftopia,953,924,1300,9,1,8
Aquarabia,2025-10-28 00:00:00+00:00,HVP,Hyper Viper,1114,1093,2000,8,1,7
Aquarabia,2025-10-28 00:00:00+00:00,JND,Junoon Drop,712,659,1100,10,1,9
Aquarabia,2025-10-28 00:00:00+00:00,JPJ,Jump Jolt,632,577,1000,10,2,8
Aquarabia,2025-10-29 00:00:00+00:00,SST,Sea Stallion,1697,1602,2200,12,2,10
Six Flags,2025-10-29 00:00:00+00:00,AQT,Aquatopia,1221,1147,1800,8,1,7
Six Flags,2025-10-29 00:00:00+00:00,SPF,Spitfire,1030,974,1500,9,2,7
Six Flags,2025-10-29 00:00:00+00:00,ARC,Arabian Carousel,629,591,900,8,1,7
Six Flags,2025-10-29 00:00:00+00:00,CYC,Canyon Charters,951,924,1200,10,5,5
Six Flags,2025-10-29 00:00:00+00:00,ADJ,Adventure Junction,738,657,1000,9,1,8
Six Flags,2025-10-29 00:00:00+00:00,TWE,Twilight Express,1238,1172,2000,8,2,6
Six Flags,2025-10-29 00:00:00+00:00,IRT,Iron Rattler,1605,1531,2400,8,4,4
Six Flags,2025-10-29 00:00:00+00:00,SRT,Sirocco Tower,1560,1520,2300,6,2,4
Six Flags,2025-10-29 00:00:00+00:00,FCF,Falcons Flight,2182,2153,2500,8,2,6
Six Flags,2025-10-29 00:00:00+00:00,SKW,Skywatch,1455,1384,2100,9,5,4
Aquarabia,2025-10-29 00:00:00+00:00,RFR,Raft Republic,969,910,1700,9,2,7
Aquarabia,2025-10-29 00:00:00+00:00,AMB,Amwaj Bay,1023,968,1600,9,1,8
Aquarabia,2025-10-29 00:00:00+00:00,SPG,Splash Grotto,1267,1232,1900,11,1,10
Aquarabia,2025-10-29 00:00:00+00:00,ZZZ,ZipZapZoom,1063,970,1400,10,1,9
Aquarabia,2025-10-29 00:00:00+00:00,TLC,The Lazy Camel,593,517,800,8,1,7
Aquarabia,2025-10-29 00:00:00+00:00,SFT,Surftopia,834,754,1300,9,1,8
Aquarabia,2025-10-29 00:00:00+00:00,HVP,Hyper Viper,1445,1391,2000,8,2,6
Aquarabia,2025-10-29 00:00:00+00:00,JND,Junoon Drop,721,645,1100,10,1,9
Aquarabia,2025-10-29 00:00:00+00:00,JPJ,Jump Jolt,621,579,1000,10,2,8
Aquarabia,2025-10-30 00:00:00+00:00,SST,Sea Stallion,1564,1506,2200,12,1,11
Six Flags,2025-10-30 00:00:00+00:00,AQT,Aquatopia,1480,1385,1800,8,2,6
Six Flags,2025-10-30 00:00:00+00:00,SPF,Spitfire,1291,1235,1500,9,2,7
Six Flags,2025-10-30 00:00:00+00:00,ARC,Arabian Carousel,592,520,900,8,2,6
Six Flags,2025-10-30 00:00:00+00:00,CYC,Canyon Charters,769,713,1200,10,5,5
Six Flags,2025-10-30 00:00:00+00:00,ADJ,Adventure Junction,800,701,1000,9,2,7
Six Flags,2025-10-30 00:00:00+00:00,TWE,Twilight Express,1521,1459,2000,8,1,7
Six Flags,2025-10-30 00:00:00+00:00,IRT,Iron Rattler,1939,1892,2400,8,4,4
Six Flags,2025-10-30 00:00:00+00:00,SRT,Sirocco Tower,1831,1800,2300,6,1,5
Six Flags,2025-10-30 00:00:00+00:00,FCF,Falcons Flight,2358,2263,2500,8,2,6
Six Flags,2025-10-30 00:00:00+00:00,SKW,Skywatch,1594,1514,2100,9,3,6
Aquarabia,2025-10-30 00:00:00+00:00,RFR,Raft Republic,1392,1306,1700,9,2,7
Aquarabia,2025-10-30 00:00:00+00:00,AMB,Amwaj Bay,901,875,1600,9,1,8
Aquarabia,2025-10-30 00:00:00+00:00,SPG,Splash Grotto,1345,1296,1900,11,2,9
Aquarabia,2025-10-30 00:00:00+00:00,ZZZ,ZipZapZoom,879,801,1400,10,2,8
Aquarabia,2025-10-30 00:00:00+00:00,TLC,The Lazy Camel,625,536,800,8,2,6
Aquarabia,2025-10-30 00:00:00+00:00,SFT,Surftopia,1112,1020,1300,9,2,7
Aquarabia,2025-10-30 00:00:00+00:00,HVP,Hyper Viper,1367,1277,2000,8,1,7
Aquarabia,2025-10-30 00:00:00+00:00,JND,Junoon Drop,900,865,1100,10,1,9
Aquarabia,2025-10-30 00:00:00+00:00,JPJ,Jump Jolt,617,530,1000,10,2,8
Aquarabia,2025-10-31 00:00:00+00:00,SST,Sea Stallion,1618,1572,2200,12,1,11
Six Flags,2025-10-31 00:00:00+00:00,AQT,Aquatopia,1532,1458,1800,8,1,7
Six Flags,2025-10-31 00:00:00+00:00,SPF,Spitfire,1193,1096,1500,9,2,7
Six Flags,2025-10-31 00:00:00+00:00,ARC,Arabian Carousel,781,693,900,8,2,6
Six Flags,2025-10-31 00:00:00+00:00,CYC,Canyon Charters,998,966,1200,10,5,5
Six Flags,2025-10-31 00:00:00+00:00,ADJ,Adventure Junction,651,619,1000,9,2,7
Six Flags,2025-10-31 00:00:00+00:00,TWE,Twilight Express,1327,1228,2000,8,1,7
Six Flags,2025-10-31 00:00:00+00:00,IRT,Iron Rattler,1817,1738,2400,8,4,4
Six Flags,2025-10-31 00:00:00+00:00,SRT,Sirocco Tower,1559,1526,2300,6,1,5
Six Flags,2025-10-31 00:00:00+00:00,FCF,Falcons Flight,1975,1906,2500,8,2,6
Six Flags,2025-10-31 00:00:00+00:00,SKW,Skywatch,1739,1714,2100,9,4,5
Aquarabia,2025-10-31 00:00:00+00:00,RFR,Raft Republic,1058,1021,1700,9,2,7
Aquarabia,2025-10-31 00:00:00+00:00,AMB,Amwaj Bay,1065,1035,1600,9,1,8
Aquarabia,2025-10-31 00:00:00+00:00,SPG,Splash Grotto,1103,1062,1900,11,2,9
Aquarabia,2025-10-31 00:00:00+00:00,ZZZ,ZipZapZoom,897,877,1400,10,2,8
Aquarabia,2025-10-31 00:00:00+00:00,TLC,The Lazy Camel,561,538,800,8,2,6
Aquarabia,2025-10-31 00:00:00+00:00,SFT,Surftopia,901,812,1300,9,2,7
Aquarabia,2025-10-31 00:00:00+00:00,HVP,Hyper Viper,1317,1227,2000,8,2,6
Aquarabia,2025-10-31 00:00:00+00:00,JND,Junoon Drop,731,683,1100,10,1,9
Aquarabia,2025-10-31 00:00:00+00:00,JPJ,Jump Jolt,808,748,1000,10,2,8
